"group","ret","mz","20250630_D1_S1_NTS_Pos_2-22_1_10520","20250630_D1_S2_NTS_Pos_2-23_1_10521","20250630_D1_S3_NTS_Pos_2-24_1_10522","20250630_D1_S4_NTS_Pos_2-3_1_10500","20250630_D1_S5_NTS_Pos_2-4_1_10501","20250630_D1_S6_NTS_Pos_2-5_1_10502","20250630_D1_S7_NTS_Pos_1-38_1_10480","20250630_D1_S8_NTS_Pos_1-39_1_10481","20250630_D1_S9_NTS_Pos_1-40_1_10482","20250630_D2_S1_NTS_Pos_2-25_1_10523","20250630_D2_S10_NTS_Pos_1-22_1_10463","20250630_D2_S11_NTS_Pos_1-23_1_10464","20250630_D2_S12_NTS_Pos_1-24_1_10465","20250630_D2_S2_NTS_Pos_2-26_1_10524","20250630_D2_S3_NTS_Pos_2-27_1_10525","20250630_D2_S4_NTS_Pos_2-6_1_10503","20250630_D2_S5_NTS_Pos_2-7_1_10504","20250630_D2_S6_NTS_Pos_2-8_1_10505","20250630_D2_S7_NTS_Pos_1-41_1_10483","20250630_D2_S8_NTS_Pos_1-42_1_10484","20250630_D2_S9_NTS_Pos_1-43_1_10485","20250630_D3_S1_NTS_Pos_2-28_1_10526","20250630_D3_S10_NTS_Pos_1-25_1_10466","20250630_D3_S11_NTS_Pos_1-26_1_10467","20250630_D3_S12_NTS_Pos_1-27_1_10468","20250630_D3_S2_NTS_Pos_2-29_1_10527","20250630_D3_S3_NTS_Pos_2-30_1_10528","20250630_D3_S4_NTS_Pos_2-9_1_10506","20250630_D3_S5_NTS_Pos_2-10_1_10507","20250630_D3_S6_NTS_Pos_2-11_1_10508","20250630_D3_S7_NTS_Pos_1-44_1_10486","20250630_D3_S8_NTS_Pos_1-45_1_10487","20250630_D3_S9_NTS_Pos_1-46_1_10488","20250630_D4_S1_NTSPos_2-31_1_10529","20250630_D4_S10_NTS_Pos_1-28_1_10469","20250630_D4_S11_NTS_Pos_1-29_1_10470","20250630_D4_S12_NTS_Pos_1-30_1_10471","20250630_D4_S2_NTS_Pos_2-32_1_10530","20250630_D4_S3_NTS_Pos_2-33_1_10531","20250630_D4_S4_NTS_Pos_2-12_1_10509","20250630_D4_S5_NTS_Pos_2-13_1_10510","20250630_D4_S6_NTS_Pos_2-14_1_10511","20250630_D4_S7_NTS_Pos_1-47_1_10489","20250630_D4_S8_NTS_Pos_1-48_1_10490","20250630_D4_S9_NTS_Pos_1-49_1_10491","20250630_D5_S1_NTS_Pos_2-34_1_10532","20250630_D5_S10_NTS_Pos_1-31_1_10472","20250630_D5_S11_NTS_Pos_1-32_1_10473","20250630_D5_S12_NTS_Pos_1-33_1_10474","20250630_D5_S2_NTS_Pos_2-35_1_10533","20250630_D5_S3_NTS_Pos_2-36_1_10534","20250630_D5_S4_NTS_Pos_2-15_1_10512","20250630_D5_S5_NTS_Pos_2-16_1_10513","20250630_D5_S6_NTS_Pos_2-17_1_10514","20250630_D5_S7_NTS_Pos_1-50_1_10492","20250630_D5_S8_NTS_Pos_1-51_1_10493","20250630_D5_S9_NTS_Pos_1-52_1_10494","20250630_D6_S1_NTS_Pos_2-37_1_10535","20250630_D6_S10_NTS_Pos_1-34_1_10475","20250630_D6_S11_NTS_Pos_1-35_1_10476","20250630_D6_S12_NTS_Pos_1-36_1_10477","20250630_D6_S2_NTS_Pos_2-38_1_10536","20250630_D6_S3_NTS_Pos_2-39_1_10537","20250630_D6_S4_NTS_Pos_2-18_1_10515","20250630_D6_S5_NTS_Pos_2-19_1_10516","20250630_D6_S6_NTS_Pos_2-20_1_10517","20250630_D6_S7_NTS_Pos_1-53_1_10495","20250630_D6_S8_NTS_Pos_1-54_1_10496","20250630_D6_S9_NTS_Pos_2-1_1_10497","20250701_D1_S1_NTS_Neg_2-22_1_10621","20250701_D1_S2_NTS_Neg_2-23_1_10622","20250701_D1_S3_NTS_Neg_2-24_1_10623","20250701_D1_S4_NTS_Neg_2-3_1_10601","20250701_D1_S5_NTS_Neg_2-4_1_10602","20250701_D1_S6_NTS_Neg_2-5_1_10603","20250701_D1_S7_NTS_Neg_1-38_1_10581","20250701_D1_S8_NTS_Neg_1-39_1_10582","20250701_D1_S9_NTS_Neg_1-40_1_10583","20250701_D2_S1_NTS_Neg_2-25_1_10624","20250701_D2_S10_NTS_Neg_1-22_1_10564","20250701_D2_S11_NTS_Neg_1-23_1_10565","20250701_D2_S12_NTS_Neg_1-24_1_10566","20250701_D2_S2_NTS_Neg_2-26_1_10625","20250701_D2_S3_NTS_Neg_2-27_1_10626","20250701_D2_S4_NTS_Neg_2-6_1_10604","20250701_D2_S5_NTS_Neg_2-7_1_10605","20250701_D2_S6_NTS_Neg_2-8_1_10606","20250701_D2_S7_NTS_Neg_1-41_1_10584","20250701_D2_S8_NTS_Neg_1-42_1_10585","20250701_D2_S9_NTS_Neg_1-43_1_10586","20250701_D3_S1_NTS_Neg_2-28_1_10627","20250701_D3_S10_NTS_Neg_1-25_1_10567","20250701_D3_S11_NTS_Neg_1-26_1_10568","20250701_D3_S12_NTS_Neg_1-27_1_10569","20250701_D3_S2_NTS_Neg_2-29_1_10628","20250701_D3_S3_NTS_Neg_2-30_1_10629","20250701_D3_S4_NTS_Neg_2-9_1_10607","20250701_D3_S5_NTS_Neg_2-10_1_10608","20250701_D3_S6_NTS_Neg_2-11_1_10609","20250701_D3_S7_NTS_Neg_1-44_1_10587","20250701_D3_S8_NTS_Neg_1-45_1_10588","20250701_D3_S9_NTS_Neg_1-46_1_10589","20250701_D4_S1_NTS_Neg_2-31_1_10630","20250701_D4_S10_NTS_Neg_1-28_1_10570","20250701_D4_S11_NTS_Neg_1-29_1_10571","20250701_D4_S12_NTS_Neg_1-30_1_10572","20250701_D4_S2_NTS_Neg_2-32_1_10631","20250701_D4_S3_NTS_Neg_2-33_1_10632","20250701_D4_S4_NTS_Neg_2-12_1_10610","20250701_D4_S5_NTS_Neg_2-13_1_10611","20250701_D4_S6_NTS_Neg_2-14_1_10612","20250701_D4_S7_NTS_Neg_1-47_1_10590","20250701_D4_S8_NTS_Neg_1-48_1_10591","20250701_D4_S9_NTS_Neg_1-49_1_10592","20250701_D5_S1_NTS_Neg_2-34_1_10633","20250701_D5_S10_NTS_Neg_1-31_1_10573","20250701_D5_S11_NTS_Neg_1-32_1_10574","20250701_D5_S12_NTS_Neg_1-33_1_10575","20250701_D5_S2_NTS_Neg_2-35_1_10634","20250701_D5_S3_NTS_Neg_2-36_1_10635","20250701_D5_S4_NTS_Neg_2-15_1_10613","20250701_D5_S5_NTS_Neg_2-16_1_10614","20250701_D5_S6_NTS_Neg_2-17_1_10615","20250701_D5_S7_NTS_Neg_1-50_1_10593","20250701_D5_S8_NTS_Neg_1-51_1_10594","20250701_D5_S9_NTS_Neg_1-52_1_10595","20250701_D6_S1_NTS_Neg_2-37_1_10636","20250701_D6_S10_NTS_Neg_1-34_1_10576","20250701_D6_S11_NTS_Neg_1-35_1_10577","20250701_D6_S12_NTS_Neg_1-36_1_10578","20250701_D6_S2_NTS_Neg_2-38_1_10637","20250701_D6_S3_NTS_Neg_2-39_1_10638","20250701_D6_S4_NTS_Neg_2-18_1_10616","20250701_D6_S5_NTS_Neg_2-19_1_10617","20250701_D6_S6_NTS_Neg_2-20_1_10618","20250701_D6_S7_NTS_Neg_1-53_1_10596","20250701_D6_S8_NTS_Neg_1-54_1_10597","20250701_D6_S9_NTS_Neg_2-1_1_10598","adduct","neutralMass","susp_name"
"M57_R309_1",309.095963,57.058097,131169,130384,138741,0,0,0,0,0,0,108029,0,0,0,142357,133391,0,0,0,0,0,0,0,0,0,0,0,0,75775,86592,202834,0,0,0,171718,0,0,0,195645,131039,173042,185173,146038,99348,109891,103483,108078,0,0,0,148422,123158,0,0,0,0,0,0,135626,0,0,0,81838,133959,0,0,0,0,0,0,0,0,0,0,0,0,0,0,0,0,0,0,0,0,0,0,0,0,0,0,0,0,0,0,0,0,0,0,0,0,0,0,0,0,0,0,0,0,0,0,0,0,0,0,0,0,0,0,0,0,0,0,0,0,0,0,0,0,0,0,0,0,0,0,0,0,0,0,0,"[M+H]+",57.058097,"2-methylaziridine"
"M57_R277_2",276.777899,57.058146,0,0,0,0,0,0,0,0,0,0,0,0,0,0,0,0,0,0,0,0,0,67269,0,0,0,56637,66876,0,0,0,0,0,0,75693,0,0,0,76547,64539,53343,53181,55083,59976,59108,79840,58009,0,0,0,60255,51759,0,0,0,0,0,0,0,0,0,0,0,0,0,0,0,0,0,0,0,0,0,0,0,0,0,0,0,0,0,0,0,0,0,0,0,0,0,0,0,0,0,0,0,0,0,0,0,0,0,0,0,0,0,0,0,0,0,0,0,0,0,0,0,0,0,0,0,0,0,0,0,0,0,0,0,0,0,0,0,0,0,0,0,0,0,0,0,"[M+H]+",57.058146,"2-methylaziridine"
"M58_R296_3",296.372363,58.042094,0,0,0,67281,95250,69159,102438,105720,28077,0,0,0,0,0,0,55828,49773,17615,30782,49864,29377,0,0,0,0,0,0,0,0,0,0,0,0,0,0,0,0,0,0,44542,27051,69038,0,0,0,0,0,0,0,0,0,60359,41370,51919,77065,58903,42727,0,0,0,0,0,0,47904,60463,33364,59547,36897,61807,0,0,0,0,0,0,0,0,0,0,0,0,0,0,0,0,0,0,0,0,0,0,0,0,0,0,0,0,0,0,0,0,0,0,0,0,0,0,0,0,0,0,0,0,0,0,0,0,0,0,0,0,0,0,0,0,0,0,0,0,0,0,0,0,0,0,0,0,0,"[M+H]+",58.042094,"Atenolol-TP5,Atrazin-TP5,Bentazone-TP6,Bezafibrate-1-TP10,Bezafibrate-TP10,Clofibric acid-TP10,Methyloxirane,Metoprolol-TP7,Propranolol-TP4,Rotigotine-TP2,Sotalol-TP3,Tris(3-chloropropyl) phosphate-TP28"
"M58_R251_4",250.624198,58.042096,128601,80340,48196,247850,120925,147461,208080,93944,51911,26576,104815,488965,287983,117280,76911,118007,135862,125428,208573,297497,432084,0,236025,226313,122104,0,0,214169,232650,280198,201679,278903,124483,0,153876,59336,211759,0,0,173203,58499,115389,87042,71003,54900,208699,95515,61505,100368,172238,123379,0,0,0,41691,68214,36064,0,0,0,0,0,0,0,0,0,0,0,0,0,0,0,0,0,0,0,0,0,0,0,0,0,0,0,0,0,0,0,0,0,0,0,0,0,0,0,0,0,0,0,0,0,0,0,0,0,0,0,0,0,0,0,0,0,0,0,0,0,0,0,0,0,0,0,0,0,0,0,0,0,0,0,0,0,0,0,0,0,"[M+H]+",58.042096,"Atenolol-TP5,Atrazin-TP5,Bentazone-TP6,Bezafibrate-1-TP10,Bezafibrate-TP10,Clofibric acid-TP10,Methyloxirane,Metoprolol-TP7,Propranolol-TP4,Rotigotine-TP2,Sotalol-TP3,Tris(3-chloropropyl) phosphate-TP28"
"M72_R294_5",294.100844,72.0577,0,0,0,0,0,0,0,0,0,0,0,0,0,0,0,0,0,0,0,0,0,0,0,0,0,0,0,0,0,0,0,0,0,0,0,0,0,0,0,0,0,0,0,0,0,0,0,0,0,0,0,0,0,0,0,0,0,43446,0,0,0,52256,72084,84503,101897,56474,51985,55191,58442,0,0,0,0,0,0,0,0,0,0,0,0,0,0,0,0,0,0,0,0,0,0,0,0,0,0,0,0,0,0,0,0,0,0,0,0,0,0,0,0,0,0,0,0,0,0,0,0,0,0,0,0,0,0,0,0,0,0,0,0,0,0,0,0,0,0,0,0,0,"[M+H]+",72.0577,"Neburon-TP16,Tetrahydrofuran,Triisobutyl phosphate-TP4"
"M72_R327_6",326.960074,72.057723,0,0,0,0,0,0,0,0,0,0,0,0,0,0,0,0,0,0,0,0,0,0,0,0,0,0,0,0,0,0,0,0,0,0,0,0,0,0,0,0,0,0,70600,92072,90537,0,0,0,0,0,0,0,0,0,79590,68687,51072,0,0,0,0,0,0,122911,123284,78463,91461,73481,61995,0,0,0,0,0,0,0,0,0,0,0,0,0,0,0,0,0,0,0,0,0,0,0,0,0,0,0,0,0,0,0,0,0,0,0,0,0,0,0,0,0,0,0,0,0,0,0,0,0,0,0,0,0,0,0,0,0,0,0,0,0,0,0,0,0,0,0,0,0,"[M+H]+",72.057723,"Neburon-TP16,Tetrahydrofuran,Triisobutyl phosphate-TP4"
"M82_R375_9",374.568995,82.078439,0,0,0,0,0,0,0,0,0,0,0,0,0,0,0,0,0,0,0,0,0,0,0,0,0,0,0,0,0,0,0,0,0,0,0,0,0,0,0,0,0,0,0,0,0,0,0,0,0,0,0,103342,118373,132281,0,0,0,0,0,0,0,0,0,140053,77080,82068,111138,77147,101658,0,0,0,0,0,0,0,0,0,0,0,0,0,0,0,0,0,0,0,0,0,0,0,0,0,0,0,0,0,0,0,0,0,0,0,0,0,0,0,0,0,0,0,0,0,0,0,0,0,0,0,0,0,0,0,0,0,0,0,0,0,0,0,0,0,0,0,0,0,"[M+H]+",82.078439,"Cyclohexene"
"M84_R228_10",227.920417,84.021205,0,0,0,0,0,0,0,0,0,0,0,0,0,0,0,0,0,0,0,0,0,0,0,0,0,0,0,0,0,0,0,0,0,0,0,0,0,0,0,0,0,0,0,0,0,0,0,0,0,0,0,0,0,0,111719,149592,170383,0,0,0,0,0,0,96289,118080,68777,0,0,0,0,0,0,0,0,0,0,0,0,0,0,0,0,0,0,0,0,0,0,0,0,0,0,0,0,0,0,0,0,0,0,0,0,0,0,0,0,0,0,0,0,0,0,0,0,0,0,0,0,0,0,0,0,0,0,0,0,0,0,0,0,0,0,0,0,0,0,0,0,"[M+H]+",84.021205,"1,1,1-trifluoroethane"
"M86_R183_13",183.031538,86.036897,0,0,0,0,0,0,0,0,0,0,0,0,0,0,0,0,0,0,0,0,0,0,0,0,0,0,0,0,0,0,0,0,0,0,0,0,0,0,0,0,0,0,0,0,0,0,0,0,0,0,0,0,0,0,0,0,0,0,0,0,0,0,0,83231,66156,81913,0,0,0,0,0,0,0,0,0,0,0,0,0,0,0,0,0,0,0,0,0,0,0,0,0,0,0,0,0,0,0,0,0,0,0,0,0,0,0,0,0,0,0,0,0,0,0,0,0,0,0,0,0,0,0,0,0,0,0,0,0,0,0,0,0,0,0,0,0,0,0,0,"[M+H]+",86.036897,"1,4-Butynediol,2,2'-bioxirane"
"M88_R195_14",195.255465,88.052599,0,0,0,0,0,0,0,0,0,0,0,0,0,0,0,0,0,0,0,0,0,0,0,0,0,0,0,0,0,0,0,0,0,0,0,0,0,0,0,0,0,0,0,0,0,0,0,0,0,0,0,0,0,0,0,0,0,0,123511,108081,92632,0,0,0,0,0,0,0,0,0,0,0,0,0,0,0,0,0,0,0,0,0,0,0,0,0,0,0,0,0,0,0,0,0,0,0,0,0,0,0,0,0,0,0,0,0,0,0,0,0,0,0,0,0,0,0,0,0,0,0,0,0,0,0,0,0,0,0,0,0,0,0,0,0,0,0,0,0,"[M+H]+",88.052599,"1,4-dioxane,2-Butene-1,4-diol,Neburon-TP29,Neburon-TP31,Triisobutyl phosphate-TP10,Triisobutyl phosphate-TP11,Triisobutyl phosphate-TP15"
"M88_R226_15",225.961338,88.052619,0,0,0,170558,167565,105686,179602,66371,119895,0,139330,163304,209829,0,0,122238,55022,110115,156058,233683,309822,0,0,0,0,0,0,0,0,0,79357,97653,68180,0,72281,162730,120509,0,0,98384,80062,193319,205951,183110,155307,0,0,0,0,0,0,0,0,0,0,0,0,0,410186,152327,417162,0,0,0,0,0,0,0,0,0,0,0,0,0,0,0,0,0,0,0,0,0,0,0,0,0,0,0,0,0,0,0,0,0,0,0,0,0,0,0,0,0,0,0,0,0,0,0,0,0,0,0,0,0,0,0,0,0,0,0,0,0,0,0,0,0,0,0,0,0,0,0,0,0,0,0,0,0,"[M+H]+",88.052619,"1,4-dioxane,2-Butene-1,4-diol,Neburon-TP29,Neburon-TP31,Triisobutyl phosphate-TP10,Triisobutyl phosphate-TP11,Triisobutyl phosphate-TP15"
"M88_R250_16",249.561087,88.052735,0,0,0,0,0,0,0,0,0,0,98589,116893,142227,0,0,117241,53995,41882,55266,80134,117185,0,0,0,0,0,0,0,0,0,0,0,0,0,0,0,0,0,0,0,0,0,46969,72512,51389,0,0,0,0,0,0,0,0,0,0,0,0,0,354890,89717,306728,0,0,0,0,0,0,0,0,0,0,0,0,0,0,0,0,0,0,0,0,0,0,0,0,0,0,0,0,0,0,0,0,0,0,0,0,0,0,0,0,0,0,0,0,0,0,0,0,0,0,0,0,0,0,0,0,0,0,0,0,0,0,0,0,0,0,0,0,0,0,0,0,0,0,0,0,0,"[M+H]+",88.052735,"1,4-dioxane,2-Butene-1,4-diol,Neburon-TP29,Neburon-TP31,Triisobutyl phosphate-TP10,Triisobutyl phosphate-TP11,Triisobutyl phosphate-TP15"
"M88_R267_17",267.228807,88.052813,0,0,0,0,0,0,0,0,0,0,0,0,0,0,0,0,0,0,0,0,0,0,0,0,0,0,0,0,0,0,0,0,0,0,0,0,0,0,0,0,0,0,0,0,0,0,0,0,0,0,0,0,0,0,0,0,0,0,86735,42273,35311,0,0,0,0,0,0,0,0,0,0,0,0,0,0,0,0,0,0,0,0,0,0,0,0,0,0,0,0,0,0,0,0,0,0,0,0,0,0,0,0,0,0,0,0,0,0,0,0,0,0,0,0,0,0,0,0,0,0,0,0,0,0,0,0,0,0,0,0,0,0,0,0,0,0,0,0,0,"[M+H]+",88.052813,"1,4-dioxane,2-Butene-1,4-diol,Neburon-TP29,Neburon-TP31,Triisobutyl phosphate-TP10,Triisobutyl phosphate-TP11,Triisobutyl phosphate-TP15"
"M100_R226_29",225.782769,100.052542,0,0,0,0,0,0,0,0,0,0,0,0,0,0,0,0,0,0,0,0,0,0,0,0,0,0,0,0,0,0,73927,50347,78829,0,0,0,0,0,0,50869,51989,137731,78334,50048,75719,0,0,0,0,0,0,56380,118713,40111,106758,91856,129188,0,0,0,0,0,0,125783,101658,106667,81948,154815,139791,0,0,0,0,0,0,0,0,0,0,0,0,0,0,0,0,0,0,0,0,0,0,0,0,0,0,0,0,0,0,0,0,0,0,0,0,0,0,0,0,0,0,0,0,0,0,0,0,0,0,0,0,0,0,0,0,0,0,0,0,0,0,0,0,0,0,0,0,0,"[M+H]+",100.052542,"2,4-Pentanedione,Ethyl acrylate,Glutaraldehyde,Methyl methacrylate"
"M100_R292_30",292.375334,100.052606,0,0,0,0,0,0,0,0,0,0,0,0,0,0,0,0,0,0,0,0,0,0,0,0,0,0,0,0,0,0,0,0,0,0,0,0,0,0,0,0,0,0,0,0,0,0,0,0,0,0,0,163517,83826,138757,178474,134929,150272,0,0,0,0,0,0,88356,123666,79069,0,0,0,0,0,0,0,0,0,0,0,0,0,0,0,0,0,0,0,0,0,0,0,0,0,0,0,0,0,0,0,0,0,0,0,0,0,0,0,0,0,0,0,0,0,0,0,0,0,0,0,0,0,0,0,0,0,0,0,0,0,0,0,0,0,0,0,0,0,0,0,0,"[M+H]+",100.052606,"2,4-Pentanedione,Ethyl acrylate,Glutaraldehyde,Methyl methacrylate"
"M101_R164_31",164.123519,101.120687,0,0,0,0,0,0,0,0,0,0,63610,93707,57865,0,0,0,0,0,0,0,0,0,107212,77117,75735,0,0,0,0,0,0,0,0,0,66173,58855,95326,0,0,0,0,0,0,0,0,0,69448,64969,103940,0,0,0,0,0,0,0,0,48707,98692,54910,90751,42357,18715,0,0,0,0,0,0,0,0,0,0,0,0,0,0,0,0,0,0,0,0,0,0,0,0,0,0,0,0,0,0,0,0,0,0,0,0,0,0,0,0,0,0,0,0,0,0,0,0,0,0,0,0,0,0,0,0,0,0,0,0,0,0,0,0,0,0,0,0,0,0,0,0,0,0,0,"[M+H]+",101.120687,"Diisopropylamine,Hexylamine,Triethylamine"
"M102_R216_32",216.444706,102.031817,0,0,0,0,0,0,0,0,0,0,0,0,0,0,0,0,0,0,69391,55453,50082,0,0,0,0,0,0,0,0,0,0,0,0,0,0,0,0,0,0,0,0,0,0,0,0,0,0,0,0,0,0,0,0,0,0,0,0,0,0,0,0,0,0,0,0,0,0,0,0,0,0,0,0,0,0,0,0,0,0,0,0,0,0,0,0,0,0,0,0,0,0,0,0,0,0,0,0,0,0,0,0,0,0,0,0,0,0,0,0,0,0,0,0,0,0,0,0,0,0,0,0,0,0,0,0,0,0,0,0,0,0,0,0,0,0,0,0,0,"[M+H]+",102.031817,"Acesulfame K-TP5,Acetic anhydride,Propylene carbonate"
"M102_R264_33",263.5135,102.031845,0,0,0,0,0,0,0,0,0,0,0,0,0,0,0,0,0,0,0,0,0,0,116586,55980,84709,0,0,0,0,0,0,0,0,0,0,0,0,0,0,0,0,0,0,0,0,0,0,0,0,0,0,0,0,0,0,0,0,80773,133279,66533,120728,75320,52830,0,0,0,0,0,0,0,0,0,0,0,0,0,0,0,0,0,0,0,0,0,0,0,0,0,0,0,0,0,0,0,0,0,0,0,0,0,0,0,0,0,0,0,0,0,0,0,0,0,0,0,0,0,0,0,0,0,0,0,0,0,0,0,0,0,0,0,0,0,0,0,0,0,0,0,"[M+H]+",102.031845,"Acesulfame K-TP5,Acetic anhydride,Propylene carbonate"
"M102_R202_34",201.801593,102.031847,0,0,0,0,0,0,86912,90805,131213,0,98900,114447,122957,0,0,0,0,0,118653,88873,91064,205638,222536,134377,259348,114574,212692,59128,77648,59726,196416,91512,139884,128947,247359,259694,121320,180921,168274,168839,134866,118782,214502,109276,160776,0,111929,110334,124986,0,0,134644,140122,104448,85752,119625,135348,162484,172009,151483,198978,184689,142161,160014,272098,95409,140386,96956,168296,0,0,0,0,0,0,0,0,0,0,0,0,0,0,0,0,0,0,0,0,0,0,0,0,0,0,0,0,0,0,0,0,0,0,0,0,0,0,0,0,0,0,0,0,0,0,0,0,0,0,0,0,0,0,0,0,0,0,0,0,0,0,0,0,0,0,0,0,0,"[M+H]+",102.031847,"Acesulfame K-TP5,Acetic anhydride,Propylene carbonate"
"M103_R318_35",318.456888427496,103.042176,0,0,0,0,0,0,0,0,0,0,0,0,0,0,0,0,0,0,0,0,0,0,0,0,0,0,0,0,0,0,0,0,0,0,0,0,0,0,0,0,0,0,0,0,0,0,0,0,0,0,0,0,0,0,0,0,0,0,0,0,0,0,0,0,0,0,0,0,0,0,0,0,0,0,0,0,0,0,0,0,0,0,0,0,0,0,0,0,0,0,0,0,0,0,0,0,0,0,0,0,0,0,0,0,0,0,0,0,0,0,0,86219,66250,65485,0,0,0,0,0,0,0,0,0,0,0,0,0,0,0,0,0,0,0,0,0,0,0,0,"[M-H]-",103.042176,"Imidodicarbonic diamide"
"M104_R381_36",380.555823,104.026341,0,0,0,0,0,0,0,0,0,0,0,0,0,0,0,0,0,0,0,0,0,51213,57616,81875,58470,58906,68867,0,0,0,0,0,0,0,0,0,0,0,0,74845,51333,64485,0,0,0,0,0,0,0,0,0,0,0,0,0,0,0,0,0,0,0,0,0,0,0,0,0,0,0,0,0,0,0,0,0,0,0,0,0,0,0,0,0,0,0,0,0,0,0,0,0,0,0,0,0,0,0,0,0,0,0,0,0,0,0,0,0,0,0,0,0,0,0,0,0,0,0,0,0,0,0,0,0,0,0,0,0,0,0,0,0,0,0,0,0,0,0,0,"[M+H]+",104.026341,"Potassium carbamoylcarbamate"
"M106_R402_37",401.930416,106.041967,0,0,0,0,0,0,0,0,0,0,0,0,0,0,0,285400,70651,116646,127659,172655,156265,0,0,0,0,0,0,0,0,0,0,0,0,0,0,0,0,0,0,0,0,0,0,0,0,0,99711,103977,81294,0,0,0,0,0,0,0,0,0,200958,154606,232430,0,0,0,0,0,0,0,0,0,0,0,0,0,0,0,0,0,0,0,0,0,0,0,0,0,0,0,0,0,0,0,0,0,0,0,0,0,0,0,0,0,0,0,0,0,0,0,0,0,0,0,0,0,0,0,0,0,0,0,0,0,0,0,0,0,0,0,0,0,0,0,0,0,0,0,0,0,"[M+H]+",106.041967,"2-(ethylthio)ethanol,Benzaldehyde,Dimethoxymethylsilane"
"M108_R294_38",294.422137,108.057564,0,0,0,0,0,0,0,0,0,0,0,0,0,0,0,0,0,0,0,0,0,0,0,0,0,0,0,42116,38350,78014,0,0,0,0,0,0,0,0,0,61171,19248,99662,0,0,0,0,0,0,0,0,0,0,0,0,0,0,0,0,0,0,0,0,0,0,0,0,0,0,0,0,0,0,0,0,0,0,0,0,0,0,0,0,0,0,0,0,0,0,0,0,0,0,0,0,0,0,0,0,0,0,0,0,0,0,0,0,0,0,0,0,0,0,0,0,0,0,0,0,0,0,0,0,0,0,0,0,0,0,0,0,0,0,0,0,0,0,0,0,"[M+H]+",108.057564,"Benzyl alcohol,MCPA-TP6,Mecoprop-TP6,m-Cresol,p-Cresol"
"M108_R267_39",267.284373,108.09399,69430,73890,69172,0,0,0,0,0,0,0,0,0,0,0,0,0,0,0,0,0,0,61530,0,0,0,45115,49016,0,0,0,0,0,0,0,0,0,0,0,0,0,0,0,0,0,0,56681,0,0,0,48004,56117,0,0,0,0,0,0,118637,0,0,0,58973,51366,0,0,0,0,0,0,0,0,0,0,0,0,0,0,0,0,0,0,0,0,0,0,0,0,0,0,0,0,0,0,0,0,0,0,0,0,0,0,0,0,0,0,0,0,0,0,0,0,0,0,0,0,0,0,0,0,0,0,0,0,0,0,0,0,0,0,0,0,0,0,0,0,0,0,0,"[M+H]+",108.09399,"4-vinylcyclohexene"
"M108_R342_40",342.374858,108.094015,61286,84633,82258,193579,98070,118816,114400,41409,115633,39831,46738,70690,47030,64737,75457,119167,93068,90007,90329,89815,184191,139864,0,0,0,144049,82760,144628,132546,225309,168234,160885,140931,100921,0,0,0,62589,90727,177692,168182,170915,103507,108064,109030,0,78432,114959,49015,0,0,104999,171045,121300,130187,81563,111614,113628,0,0,0,74589,88015,147232,140962,151659,118303,104499,135585,0,0,0,0,0,0,0,0,0,0,0,0,0,0,0,0,0,0,0,0,0,0,0,0,0,0,0,0,0,0,0,0,0,0,0,0,0,0,0,0,0,0,0,0,0,0,0,0,0,0,0,0,0,0,0,0,0,0,0,0,0,0,0,0,0,0,0,0,0,"[M+H]+",108.094015,"4-vinylcyclohexene"
"M110_R388_41",388.316622,110.01366,0,0,0,82664,73834,89137,0,0,0,0,0,0,0,0,0,0,0,0,0,0,0,0,0,0,0,0,0,0,0,0,0,0,0,0,0,0,0,0,0,0,0,0,0,0,0,0,0,0,0,0,0,0,0,0,0,0,0,0,0,0,0,0,0,0,0,0,0,0,0,0,0,0,0,0,0,0,0,0,0,0,0,0,0,0,0,0,0,0,0,0,0,0,0,0,0,0,0,0,0,0,0,0,0,0,0,0,0,0,0,0,0,0,0,0,0,0,0,0,0,0,0,0,0,0,0,0,0,0,0,0,0,0,0,0,0,0,0,0,"[M+H]+",110.01366,"3-Chloro-1,2-propanediol,Ethyl phosphonate,Phosphonic acid, dimethyl ester"
"M110_R240_42",239.501464,110.03688,0,0,0,0,0,0,0,0,0,0,0,0,0,0,0,0,0,0,0,0,0,0,0,0,0,0,0,0,0,0,0,0,0,0,0,0,0,0,0,0,0,0,0,0,0,0,0,0,0,0,0,0,0,0,74822,29733,57726,0,0,0,0,0,0,53762,54551,138672,0,0,0,0,0,0,0,0,0,0,0,0,0,0,0,0,0,0,0,0,0,0,0,0,0,0,0,0,0,0,0,0,0,0,0,0,0,0,0,0,0,0,0,0,0,0,0,0,0,0,0,0,0,0,0,0,0,0,0,0,0,0,0,0,0,0,0,0,0,0,0,0,"[M+H]+",110.03688,"1,2-dihydroxybenzene,ACETANILIDE-TP2,Acetaminophen-TP13,Acetaminophen-TP6,Bezafibrate-1-TP25,Bezafibrate-TP25,Hydroquinone,Resorcinol,Saccharin-TP5,Salicylic acid-TP3,Salicylic acid-TP9,Sulfamethazine-TP44,Sulfamethoxazole-TP16,Triclosan-TP11"
"M111_R76_44",76.410367,110.977237,0,0,0,0,0,0,0,0,0,0,0,0,0,0,0,0,0,0,0,0,0,0,0,0,0,0,0,107474,169041,111446,0,0,0,0,0,0,0,0,0,0,0,0,0,0,0,0,0,0,0,0,0,0,0,0,0,0,0,0,0,0,0,0,0,0,0,0,0,0,0,0,0,0,0,0,0,0,0,0,0,0,0,0,0,0,0,0,0,0,0,0,0,0,0,0,0,0,0,0,0,0,0,0,0,0,0,0,0,0,0,0,0,0,0,0,0,0,0,0,0,0,0,0,0,0,0,0,0,0,0,0,0,0,0,0,0,0,0,0,"[M+H]+",110.977237,"Sodium methyl sulfate"
"M112_R378_45",378.094529,112.034755,0,0,0,0,0,0,0,0,0,0,0,0,0,0,0,0,0,0,0,0,0,0,0,0,0,0,0,0,0,0,0,0,0,102882,0,0,0,78213,92570,0,0,0,51815,54504,56628,0,0,0,0,0,0,0,0,0,0,0,0,69536,0,0,0,58946,72694,0,0,0,0,0,0,0,0,0,0,0,0,0,0,0,0,0,0,0,0,0,0,0,0,0,0,0,0,0,0,0,0,0,0,0,0,0,0,0,0,0,0,0,0,0,0,0,0,0,0,0,0,0,0,0,0,0,0,0,0,0,0,0,0,0,0,0,0,0,0,0,0,0,0,0,"[M+H]+",112.034755,"4-fluorophenol"
"M112_R369_46",368.961757,112.034801,0,0,0,0,0,0,0,0,0,0,0,0,0,0,0,0,0,0,0,0,0,0,0,0,0,0,0,0,0,0,0,0,0,0,0,0,0,0,0,0,0,0,0,0,0,0,0,0,0,0,0,0,0,0,0,0,0,81911,0,0,0,54428,77152,0,0,0,0,0,0,0,0,0,0,0,0,0,0,0,0,0,0,0,0,0,0,0,0,0,0,0,0,0,0,0,0,0,0,0,0,0,0,0,0,0,0,0,0,0,0,0,0,0,0,0,0,0,0,0,0,0,0,0,0,0,0,0,0,0,0,0,0,0,0,0,0,0,0,0,"[M+H]+",112.034801,"4-fluorophenol"
"M112_R253_47",252.569128,112.0523,0,0,0,0,0,0,0,0,0,0,0,0,0,0,0,0,0,0,0,0,0,0,0,0,0,0,0,0,0,0,0,0,0,0,0,0,0,0,0,0,0,0,0,0,0,0,0,0,0,0,0,0,0,0,0,0,0,0,0,0,0,0,0,69462,55999,47199,0,0,0,0,0,0,0,0,0,0,0,0,0,0,0,0,0,0,0,0,0,0,0,0,0,0,0,0,0,0,0,0,0,0,0,0,0,0,0,0,0,0,0,0,0,0,0,0,0,0,0,0,0,0,0,0,0,0,0,0,0,0,0,0,0,0,0,0,0,0,0,0,"[M+H]+",112.0523,"Sorbic acid"
"M112_R225_48",225.073343331458,112.052322,0,0,0,0,0,0,0,0,0,0,0,0,0,0,0,0,0,0,0,0,0,0,0,0,0,0,0,0,0,0,0,0,0,0,0,0,0,0,0,0,0,0,0,0,0,0,0,0,0,0,0,0,0,0,0,0,0,0,0,0,0,0,0,0,0,0,0,0,0,0,0,0,0,0,0,0,0,0,0,0,0,0,0,0,0,0,0,0,0,0,0,0,0,0,0,0,0,0,0,0,0,0,0,0,0,0,0,0,0,0,0,0,0,0,0,0,0,0,0,0,0,0,0,0,0,0,0,0,0,0,0,0,76500,82104,51165,0,0,0,"[M-H]-",112.052322,"Sorbic acid"
"M113_R239_50",238.781137,113.08424,0,0,0,0,0,0,0,0,0,0,73883,88602,71730,0,0,0,0,0,0,0,0,0,56039,71758,65537,0,0,0,0,0,0,0,0,0,65165,54101,89207,0,0,0,0,0,0,0,0,0,0,0,0,0,0,0,0,0,0,0,0,0,0,0,0,0,0,0,0,0,0,0,0,0,0,0,0,0,0,0,0,0,0,0,0,0,0,0,0,0,0,0,0,0,0,0,0,0,0,0,0,0,0,0,0,0,0,0,0,0,0,0,0,0,0,0,0,0,0,0,0,0,0,0,0,0,0,0,0,0,0,0,0,0,0,0,0,0,0,0,0,0,"[M+H]+",113.08424,"1-Ethyl-2-pyrrolidinone,Cyclohexanone Oxime,Formylpiperidine,_-Caprolactam"
"M114_R293_55",293.240393,114.068144,0,0,0,0,0,0,50418,46191,51459,0,0,0,0,0,0,0,0,0,0,0,0,0,0,0,0,0,0,0,0,0,0,0,0,0,0,0,0,0,0,0,0,0,0,0,0,0,0,0,0,0,0,0,0,0,0,0,0,0,0,0,0,0,0,0,0,0,0,0,0,0,0,0,0,0,0,0,0,0,0,0,0,0,0,0,0,0,0,0,0,0,0,0,0,0,0,0,0,0,0,0,0,0,0,0,0,0,0,0,0,0,0,0,0,0,0,0,0,0,0,0,0,0,0,0,0,0,0,0,0,0,0,0,0,0,0,0,0,0,"[M+H]+",114.068144,"Allyl 2,3-epoxypropyl ether,CANDESARTAN CILEXETIL-TP28,CANDESARTAN CILEXETIL-TP52,CANDESARTAN CILEXETIL-TP54,CANDESARTAN CILEXETIL-TP56,Ethyl methacrylate"
"M116_R250_64",250.328926,116.083794,53152,58796,40640,181544,41213,85982,0,0,0,18831,65254,281985,278610,89206,43919,65486,72744,82915,144311,147407,210787,0,138484,195413,143201,0,0,176653,137598,161449,173383,209346,71685,0,0,0,0,0,0,97330,20456,106312,0,0,0,133622,71549,41546,81740,153381,82647,0,0,0,0,0,0,0,0,0,0,0,0,0,0,0,0,0,0,0,0,0,0,0,0,0,0,0,0,0,0,0,0,0,0,0,0,0,0,0,0,0,0,0,0,0,0,0,0,0,0,0,0,0,0,0,0,0,0,0,0,0,0,0,0,0,0,0,0,0,0,0,0,0,0,0,0,0,0,0,0,0,0,0,0,0,0,0,"[M+H]+",116.083794,"3-ethyloxetane-3-methanol,Butyl acetate,Diacetone alcohol,Ethyl butyrate,Hexanoic acid,Propyl propionate,tert-butyl acetate"
"M116_R297_65",297.01847,116.083816,0,0,0,173182,86010,85340,129124,145814,87047,0,48104,80877,97316,0,0,68290,86246,82106,94240,86024,94138,0,0,0,0,0,0,61854,61930,97655,52990,83046,47141,0,0,0,0,0,0,77369,69847,73366,80454,64733,68275,0,0,0,0,0,0,82451,54859,95777,93276,94884,90526,0,57932,56966,54223,0,0,57387,93586,74041,95036,64909,46293,0,0,0,0,0,0,0,0,0,0,0,0,0,0,0,0,0,0,0,0,0,0,0,0,0,0,0,0,0,0,0,0,0,0,0,0,0,0,0,0,0,0,0,0,0,0,0,0,0,0,0,0,0,0,0,0,0,0,0,0,0,0,0,0,0,0,0,0,0,"[M+H]+",116.083816,"3-ethyloxetane-3-methanol,Butyl acetate,Diacetone alcohol,Ethyl butyrate,Hexanoic acid,Propyl propionate,tert-butyl acetate"
"M116_R322_66",322.457074,116.083891,0,0,0,56282,53769,51836,40902,67253,61953,0,0,0,0,0,0,0,0,0,0,0,0,0,0,0,0,0,0,0,0,0,0,0,0,0,0,0,0,0,0,0,0,0,0,0,0,0,0,0,0,0,0,0,0,0,0,0,0,0,0,0,0,0,0,24112,33823,36701,0,0,0,0,0,0,0,0,0,0,0,0,0,0,0,0,0,0,0,0,0,0,0,0,0,0,0,0,0,0,0,0,0,0,0,0,0,0,0,0,0,0,0,0,0,0,0,0,0,0,0,0,0,0,0,0,0,0,0,0,0,0,0,0,0,0,0,0,0,0,0,0,"[M+H]+",116.083891,"3-ethyloxetane-3-methanol,Butyl acetate,Diacetone alcohol,Ethyl butyrate,Hexanoic acid,Propyl propionate,tert-butyl acetate"
"M117_R80_67",80.221457,117.079036,0,0,0,0,0,0,0,0,0,0,0,0,0,0,0,0,0,0,0,0,0,0,0,0,0,0,0,0,0,0,80052,69725,83246,0,0,0,0,0,0,0,0,0,0,0,0,0,0,0,0,0,0,0,0,0,0,0,0,0,0,0,0,0,0,0,0,0,0,0,0,0,0,0,0,0,0,0,0,0,0,0,0,0,0,0,0,0,0,0,0,0,0,0,0,0,0,0,0,0,0,0,0,0,0,0,0,0,0,0,0,0,0,0,0,0,0,0,0,0,0,0,0,0,0,0,0,0,0,0,0,0,0,0,0,0,0,0,0,0,"[M+H]+",117.079036,"4-methylmorpholine 4-oxide, monohydrate"
"M118_R360_69",359.883164,118.042153,0,0,0,0,0,0,0,0,0,0,0,0,0,0,0,0,0,0,0,0,0,0,63445,82737,71476,0,0,0,0,0,0,0,0,0,58421,58044,59480,0,0,0,0,0,0,0,0,0,0,0,0,0,0,0,0,0,0,0,0,0,0,0,0,0,0,0,0,0,0,0,0,0,0,0,0,0,0,0,0,0,0,0,0,0,0,0,0,0,0,0,0,0,0,0,0,0,0,0,0,0,0,0,0,0,0,0,0,0,0,0,0,0,0,0,0,0,0,0,0,0,0,0,0,0,0,0,0,0,0,0,0,0,0,0,0,0,0,0,0,0,"[M+H]+",118.042153,"4,5-Dihydroxytetrahydro-2H-imidazol-2-one,Sodium 1H-benzotriazolide"
"M119_R257_70",257.39833,119.037268,96107,63060,62319,307540,327435,240010,538215,396962,256361,0,166467,191317,209609,0,0,266621,192258,165919,115367,122167,146695,0,57368,127332,126078,0,0,71587,86206,53527,0,0,0,0,0,0,0,0,0,70598,71163,61254,0,0,0,0,0,0,0,0,0,0,0,0,0,0,0,0,93598,50761,63083,0,0,0,0,0,0,0,0,0,0,0,0,0,0,0,0,0,0,0,0,0,0,0,0,0,0,0,0,0,0,0,0,0,0,0,0,0,0,0,0,0,0,0,0,0,0,0,0,0,0,0,0,0,0,0,0,0,0,0,0,0,0,0,0,0,0,0,0,0,0,0,0,0,0,0,0,0,"[M+H]+",119.037268,"Phenylisocyanate"
"M119_R250_71",249.604722332055,119.0482505,336831,194230,456562,52090,74585,60445,192479,168016,169091,375947,1797619,1528079,1484886,392296,382605,69074,79914,93220,78349,74803,53040,337211,1405543,1650167,1704718,117001,189234,69703,91824,58686,0,0,0,152023,1561481,1661188,1521139,193585,190725,152053,135536,118026,136092,180214,331972,104457,1318861,462650,1042359,234656,77724,0,0,0,0,0,0,130878,982723,557095,1127749,123777,110940,75166,103433,67579,151639,99615,114458,60661,55117,55312,0,0,0,0,0,0,58539,342045,275748,304945,50089,58535,0,0,0,0,0,0,0,339239,352474,329244,0,0,0,0,0,0,0,0,0,434984,413468,347236,0,0,0,0,0,0,0,0,0,246559,208644,236606,0,0,0,0,0,0,0,0,0,322430,279064,248079,0,0,0,0,0,0,0,0,"[M+H]+,[M-H]-",119.0482505,"1,2,3-Benzotriazole"
"M119_R262_72",262.496783,119.048564,0,0,0,0,0,0,0,0,0,0,37321,25381,55413,0,0,0,0,0,0,0,0,0,0,0,0,0,0,0,0,0,0,0,0,0,0,0,0,0,0,0,0,0,0,0,0,0,0,0,0,0,0,0,0,0,0,0,0,0,0,0,0,0,0,0,0,0,0,0,0,0,0,0,0,0,0,0,0,0,0,0,0,0,0,0,0,0,0,0,0,0,0,0,0,0,0,0,0,0,0,0,0,0,0,0,0,0,0,0,0,0,0,0,0,0,0,0,0,0,0,0,0,0,0,0,0,0,0,0,0,0,0,0,0,0,0,0,0,0,"[M+H]+",119.048564,"1,2,3-Benzotriazole"
"M120_R250_73",250.055732,120.05187,0,0,0,0,0,0,0,0,0,0,136057,95921,138330,0,0,0,0,0,0,0,0,0,170413,142755,160636,0,0,0,0,0,0,0,0,0,142475,177507,124072,0,0,0,0,0,0,0,0,0,0,0,0,0,0,0,0,0,0,0,0,0,0,0,0,0,0,0,0,0,0,0,0,0,0,0,0,0,0,0,0,0,0,0,0,0,0,0,0,0,0,0,0,0,0,0,0,0,0,0,0,0,0,0,0,0,0,0,0,0,0,0,0,0,0,0,0,0,0,0,0,0,0,0,0,0,0,0,0,0,0,0,0,0,0,0,0,0,0,0,0,0,"[M+H]+",120.05187,"Dimethylolurea"
"M121_R302_74",301.910483482839,121.08898,0,0,0,0,0,0,0,0,0,0,0,0,0,0,0,0,0,0,0,0,0,0,0,0,0,0,0,0,0,0,0,0,0,0,0,0,0,0,0,0,0,0,0,0,0,0,0,0,0,0,0,0,0,0,0,0,0,0,0,0,0,0,0,0,0,0,0,0,0,0,0,0,0,0,0,0,0,0,0,0,0,0,0,0,0,0,0,0,0,0,0,0,0,0,0,0,0,0,0,0,0,0,0,0,0,0,0,0,0,0,0,0,0,0,0,0,0,0,0,0,0,0,0,0,0,0,53114,0,0,0,59772,59650,0,0,0,0,0,0,"[M-H]-",121.08898,"2,5-xylidine,2,6-xylidine,3,4-xylidine,N,N-dimethylaniline,N-ethylaniline,Pyridine, alkyl derivs_"
"M121_R233_75",233.354605,121.08925,0,0,0,0,0,0,0,0,0,0,0,0,0,0,0,0,0,0,0,0,0,0,0,0,0,0,0,0,0,0,0,0,0,78779,0,0,0,54868,60652,0,0,0,0,0,0,0,0,0,0,0,0,0,0,0,0,0,0,67964,0,0,0,51937,78011,0,0,0,0,0,0,0,0,0,0,0,0,0,0,0,0,0,0,0,0,0,0,0,0,0,0,0,0,0,0,0,0,0,0,0,0,0,0,0,0,0,0,0,0,0,0,0,0,0,0,0,0,0,0,0,0,0,0,0,0,0,0,0,0,0,0,0,0,0,0,0,0,0,0,0,"[M+H]+",121.08925,"2,5-xylidine,2,6-xylidine,3,4-xylidine,N,N-dimethylaniline,N-ethylaniline,Pyridine, alkyl derivs_"
"M122_R215_76",214.756015289783,122.036342,0,0,0,0,0,0,0,0,0,0,0,0,0,0,0,0,0,0,0,0,0,0,0,0,0,0,0,0,0,0,0,0,0,0,0,0,0,0,0,0,0,0,0,0,0,0,0,0,0,0,0,0,0,0,0,0,0,0,0,0,0,0,0,0,0,0,0,0,0,0,0,0,0,0,0,0,0,0,0,0,0,0,0,0,0,0,0,0,0,0,0,0,0,0,0,0,0,0,0,0,0,0,0,90174,104432,98167,0,0,0,0,0,0,0,0,0,0,0,0,0,0,0,0,0,0,0,0,0,0,0,0,0,0,0,0,0,0,0,0,"[M-H]-",122.036342,"2,6-Dichlorobenzamide-TP5,Bezafibrate-1-TP8,Bezafibrate-TP8,Bisphenol A-1-TP4,Bisphenol A-TP4,Potassium benzoate,Salicylaldehyde"
"M122_R206_77",205.868496136734,122.036646,0,0,0,0,0,0,0,0,0,0,0,0,0,0,0,0,0,0,0,0,0,0,0,0,0,0,0,0,0,0,0,0,0,0,0,0,0,0,0,0,0,0,0,0,0,0,0,0,0,0,0,0,0,0,0,0,0,0,0,0,0,0,0,0,0,0,0,0,0,56436,70182,69933,252521,185394,191798,217209,199104,229206,80863,64271,50019,60263,56383,51985,240379,188154,134273,211863,214847,195916,65337,0,0,0,56329,66290,189682,182568,225543,156959,141520,74431,52843,0,0,0,60950,56100,343572,322217,182266,133081,119515,117457,174601,0,0,0,109762,78718,26832,175138,213829,212563,139889,201995,66490,0,0,0,108029,86426,295663,279209,233701,132837,78728,124940,"[M-H]-",122.036646,"2,6-Dichlorobenzamide-TP5,Bezafibrate-1-TP8,Bezafibrate-TP8,Bisphenol A-1-TP4,Bisphenol A-TP4,Potassium benzoate,Salicylaldehyde"
"M122_R240_78",240.150942198785,122.036752,0,0,0,0,0,0,0,0,0,0,0,0,0,0,0,0,0,0,0,0,0,0,0,0,0,0,0,0,0,0,0,0,0,0,0,0,0,0,0,0,0,0,0,0,0,0,0,0,0,0,0,0,0,0,0,0,0,0,0,0,0,0,0,0,0,0,0,0,0,0,0,0,0,0,0,0,0,0,0,0,0,0,0,0,0,0,0,0,0,0,0,0,0,0,0,0,53884,61903,162252,0,0,0,0,0,0,0,0,0,60296,51341,80124,0,0,0,0,0,0,0,0,0,0,0,0,0,0,0,0,0,0,0,0,0,0,0,0,0,0,0,"[M-H]-",122.036752,"2,6-Dichlorobenzamide-TP5,Bezafibrate-1-TP8,Bezafibrate-TP8,Bisphenol A-1-TP4,Bisphenol A-TP4,Potassium benzoate,Salicylaldehyde"
"M124_R339_80",338.570821,124.088952,0,0,0,149918,86700,128810,69060,89976,95517,0,0,0,0,0,0,110410,81248,97432,78710,108662,111519,0,0,0,0,0,0,103601,57363,129207,0,0,0,0,0,0,0,0,0,0,0,0,0,0,0,0,0,0,0,0,0,0,0,0,0,0,0,0,0,0,0,0,0,0,0,0,0,0,0,0,0,0,0,0,0,0,0,0,0,0,0,0,0,0,0,0,0,0,0,0,0,0,0,0,0,0,0,0,0,0,0,0,0,0,0,0,0,0,0,0,0,0,0,0,0,0,0,0,0,0,0,0,0,0,0,0,0,0,0,0,0,0,0,0,0,0,0,0,"[M+H]+",124.088952,"1-ethynylcyclohexanol"
"M125_R260_81",259.885687,125.084142,0,0,0,0,0,0,0,0,0,0,0,0,0,0,0,0,0,0,0,0,0,0,84939,86455,67831,0,0,0,0,0,0,0,0,63932,98414,99789,78223,65526,71187,0,0,0,0,0,0,0,0,0,0,0,0,0,0,0,0,0,0,0,0,0,0,0,0,0,0,0,0,0,0,0,0,0,0,0,0,0,0,0,0,0,0,0,0,0,0,0,0,0,0,0,0,0,0,0,0,0,0,0,0,0,0,0,0,0,0,0,0,0,0,0,0,0,0,0,0,0,0,0,0,0,0,0,0,0,0,0,0,0,0,0,0,0,0,0,0,0,0,0,"[M+H]+",125.084142,"Cyclohexylisocyanate"
"M125_R281_82",280.757633,125.084174,52885,91952,64928,402086,188435,142035,314008,343036,204318,65222,110277,107423,124849,78847,92400,106577,240324,152219,146202,139252,131157,0,0,0,0,0,0,71760,75621,154234,0,0,0,0,0,0,0,0,0,104821,108143,75808,0,0,0,0,0,0,0,0,0,93275,56294,88544,100751,102173,132437,0,0,0,0,0,0,50080,81197,115694,60904,63807,76033,0,0,0,0,0,0,0,0,0,0,0,0,0,0,0,0,0,0,0,0,0,0,0,0,0,0,0,0,0,0,0,0,0,0,0,0,0,0,0,0,0,0,0,0,0,0,0,0,0,0,0,0,0,0,0,0,0,0,0,0,0,0,0,0,0,0,0,0,0,"[M+H]+",125.084174,"Cyclohexylisocyanate"
"M125_R318_83",317.695164,125.084197,0,0,0,94940,138804,312602,102713,164343,183495,0,76081,96980,94161,0,0,106035,54546,86862,86919,90307,86592,0,0,0,0,0,0,103145,116341,101140,0,0,0,0,0,0,0,0,0,0,0,0,160978,93516,102961,0,0,0,0,0,0,195978,264447,213837,146861,259988,188184,0,103390,68483,89282,0,0,205947,216533,163749,72526,64226,127548,0,0,0,0,0,0,0,0,0,0,0,0,0,0,0,0,0,0,0,0,0,0,0,0,0,0,0,0,0,0,0,0,0,0,0,0,0,0,0,0,0,0,0,0,0,0,0,0,0,0,0,0,0,0,0,0,0,0,0,0,0,0,0,0,0,0,0,0,0,"[M+H]+",125.084197,"Cyclohexylisocyanate"
"M125_R238_84",237.730687,125.084214,0,0,0,0,0,0,0,0,0,52639,0,0,0,53268,57364,0,0,0,0,0,0,0,0,0,0,0,0,0,0,0,0,0,0,0,0,0,0,0,0,0,0,0,0,0,0,0,0,0,0,0,0,0,0,0,0,0,0,0,0,0,0,0,0,0,0,0,0,0,0,0,0,0,0,0,0,0,0,0,0,0,0,0,0,0,0,0,0,0,0,0,0,0,0,0,0,0,0,0,0,0,0,0,0,0,0,0,0,0,0,0,0,0,0,0,0,0,0,0,0,0,0,0,0,0,0,0,0,0,0,0,0,0,0,0,0,0,0,0,"[M+H]+",125.084214,"Cyclohexylisocyanate"
"M125_R298_85",297.781121,125.084247,0,0,0,19563,77560,50604,0,0,0,0,0,0,0,0,0,0,0,0,0,0,0,0,0,0,0,0,0,0,0,0,0,0,0,0,0,0,0,0,0,0,0,0,0,0,0,0,0,0,0,0,0,70885,54927,61970,111764,81063,65754,0,0,0,0,0,0,0,0,0,90106,77012,130162,0,0,0,0,0,0,0,0,0,0,0,0,0,0,0,0,0,0,0,0,0,0,0,0,0,0,0,0,0,0,0,0,0,0,0,0,0,0,0,0,0,0,0,0,0,0,0,0,0,0,0,0,0,0,0,0,0,0,0,0,0,0,0,0,0,0,0,0,0,"[M+H]+",125.084247,"Cyclohexylisocyanate"
"M126_R306_86",305.511543,126.008323,0,0,0,79386,56126,65737,65912,64358,50467,51659,107125,94162,122720,64360,66332,82551,82806,92550,75633,81139,53552,103292,200193,211743,148903,96148,69250,103749,116555,220869,72617,104484,68942,0,99907,100128,105806,0,0,103083,84797,131473,80322,80682,60290,0,52091,66209,79168,0,0,0,0,0,0,0,0,0,73610,57186,72967,0,0,0,0,0,0,0,0,0,0,0,0,0,0,0,0,0,0,0,0,0,0,0,0,0,0,0,0,0,0,0,0,0,0,0,0,0,0,0,0,0,0,0,0,0,0,0,0,0,0,0,0,0,0,0,0,0,0,0,0,0,0,0,0,0,0,0,0,0,0,0,0,0,0,0,0,0,"[M+H]+",126.008323,"Chlorpyrifos-TP26,Dimethylphosphate"
"M126_R339_88",338.865255179728,126.104312,0,0,0,0,0,0,0,0,0,0,0,0,0,0,0,0,0,0,0,0,0,0,0,0,0,0,0,0,0,0,0,0,0,0,0,0,0,0,0,0,0,0,0,0,0,0,0,0,0,0,0,0,0,0,0,0,0,0,0,0,0,0,0,0,0,0,0,0,0,0,0,0,94075,155236,119983,80403,55461,82176,0,0,0,0,0,0,0,0,0,74827,88221,64560,0,0,0,0,0,0,57929,75135,75998,0,0,0,0,0,0,0,0,0,0,0,0,0,0,0,0,0,0,0,0,0,0,0,0,0,0,0,0,0,0,0,0,0,0,0,0,0,0,0,"[M-H]-",126.104312,"(vinyloxy)cyclohexane"
"M126_R324_89",324.393005427108,126.104371,0,0,0,0,0,0,0,0,0,0,0,0,0,0,0,0,0,0,0,0,0,0,0,0,0,0,0,0,0,0,0,0,0,0,0,0,0,0,0,0,0,0,0,0,0,0,0,0,0,0,0,0,0,0,0,0,0,0,0,0,0,0,0,0,0,0,0,0,0,0,0,0,0,0,0,0,0,0,0,0,0,0,0,0,0,0,0,0,0,0,0,0,0,0,0,0,75303,62021,57071,0,0,0,0,0,0,0,0,0,0,0,0,0,0,0,0,0,0,0,0,0,0,0,0,0,0,0,0,0,0,0,0,0,75724,97100,55734,0,0,0,"[M-H]-",126.104371,"(vinyloxy)cyclohexane"
"M128_R156_90",155.928172718112,128.037552,0,0,0,0,0,0,0,0,0,0,0,0,0,0,0,0,0,0,0,0,0,0,0,0,0,0,0,0,0,0,0,0,0,0,0,0,0,0,0,0,0,0,0,0,0,0,0,0,0,0,0,0,0,0,0,0,0,0,0,0,0,0,0,0,0,0,0,0,0,0,0,0,0,0,0,67972,77250,90837,0,0,0,0,0,0,0,0,0,0,0,0,0,0,0,0,0,0,0,0,0,0,0,0,0,0,0,0,0,0,0,0,0,0,0,0,0,0,0,0,0,0,0,0,0,0,0,0,0,0,0,0,0,0,0,0,0,0,0,0,"[M-H]-",128.037552,"Atrazin-TP25,Fluroxypyr-TP9,Terbuthylazine-TP22,Terbutryn-TP20,sodium 5-oxo-L-prolinate"
"M128_R250_97",249.952910080849,128.08358,0,0,0,0,0,0,0,0,0,0,0,0,0,0,0,0,0,0,0,0,0,0,0,0,0,0,0,0,0,0,0,0,0,0,0,0,0,0,0,0,0,0,0,0,0,0,0,0,0,0,0,0,0,0,0,0,0,0,0,0,0,0,0,0,0,0,0,0,0,0,0,0,0,0,0,0,0,0,0,50658,80160,98433,0,0,86483,82460,53882,0,0,0,0,0,0,0,0,0,0,0,0,0,0,0,0,99454,70043,74576,0,0,71014,54000,87636,0,0,0,0,0,0,0,0,0,0,0,0,0,0,0,0,63054,53913,70145,0,0,64992,53093,60526,0,0,0,"[M-H]-",128.08358,"3,3-Dimethylallyl acetate,Butyl acrylate,Isobutyl acrylate,tert-Butyl acrylate"
"M128_R375_98",374.728586,128.08383,0,0,0,0,0,0,0,0,0,0,0,0,0,0,0,0,0,0,0,0,0,0,0,0,0,0,0,0,0,0,0,0,0,0,0,0,0,0,0,0,0,0,0,0,0,0,0,0,0,0,0,238379,383972,305447,324268,273849,265817,0,151010,136921,146544,0,0,261203,254684,174794,234104,170525,224289,0,0,0,0,0,0,0,0,0,0,0,0,0,0,0,0,0,0,0,0,0,0,0,0,0,0,0,0,0,0,0,0,0,0,0,0,0,0,0,0,0,0,0,0,0,0,0,0,0,0,0,0,0,0,0,0,0,0,0,0,0,0,0,0,0,0,0,0,0,"[M+H]+",128.08383,"3,3-Dimethylallyl acetate,Butyl acrylate,Isobutyl acrylate,tert-Butyl acrylate"
"M128_R419_99",419.114765,128.084063,0,0,0,0,0,0,0,0,0,0,0,0,0,0,0,0,0,0,0,0,0,0,0,0,0,0,0,0,0,0,0,0,0,0,0,0,0,0,0,87675,131834,91196,88769,116246,200256,0,0,0,0,0,0,0,0,0,0,0,0,0,0,0,0,0,0,0,0,0,0,0,0,0,0,0,0,0,0,0,0,0,0,0,0,0,0,0,0,0,0,0,0,0,0,0,0,0,0,0,0,0,0,0,0,0,0,0,0,0,0,0,0,0,0,0,0,0,0,0,0,0,0,0,0,0,0,0,0,0,0,0,0,0,0,0,0,0,0,0,0,0,"[M+H]+",128.084063,"3,3-Dimethylallyl acetate,Butyl acrylate,Isobutyl acrylate,tert-Butyl acrylate"
"M129_R221_100",220.603079,129.042651,0,0,0,0,0,0,0,0,0,0,0,0,0,0,0,0,0,0,0,0,0,0,0,0,0,0,0,0,0,0,0,0,0,0,0,0,0,0,0,0,0,0,0,0,0,0,0,0,0,0,0,78690,65792,52045,69532,91705,66139,0,0,0,0,0,0,0,0,0,0,0,0,0,0,0,0,0,0,0,0,0,0,0,0,0,0,0,0,0,0,0,0,0,0,0,0,0,0,0,0,0,0,0,0,0,0,0,0,0,0,0,0,0,0,0,0,0,0,0,0,0,0,0,0,0,0,0,0,0,0,0,0,0,0,0,0,0,0,0,0,0,"[M+H]+",129.042651,"Diflufenican-TP4,L-5-Oxoproline"
"M129_R318_101",318.386570780637,129.057644,0,0,0,0,0,0,0,0,0,0,0,0,0,0,0,0,0,0,0,0,0,0,0,0,0,0,0,0,0,0,0,0,0,0,0,0,0,0,0,0,0,0,0,0,0,0,0,0,0,0,0,0,0,0,0,0,0,0,0,0,0,0,0,0,0,0,0,0,0,77456,67447,56807,0,0,0,0,0,0,114919,0,0,0,106440,116419,0,0,0,0,0,0,0,0,0,0,0,0,84131,80124,102703,0,0,0,0,0,0,0,0,0,0,0,0,156145,163871,164363,0,0,0,0,0,0,0,0,0,0,0,0,0,0,0,0,0,0,0,0,0,0,0,0,"[M-H]-",129.057644,"DEET-TP35,Isoquinoline,Quinoline,Triclosan-TP48,Triclosan-TP49"
"M129_R237_102",236.562452,129.151919,0,0,0,0,0,0,0,0,0,0,0,0,0,0,0,0,0,0,0,0,0,0,0,0,0,0,0,0,0,0,0,0,0,0,0,0,0,0,0,0,0,0,0,0,0,0,0,0,0,0,0,0,0,0,112906,112837,124476,0,0,0,0,0,0,104678,144496,66495,259397,135126,157115,0,0,0,0,0,0,0,0,0,0,0,0,0,0,0,0,0,0,0,0,0,0,0,0,0,0,0,0,0,0,0,0,0,0,0,0,0,0,0,0,0,0,0,0,0,0,0,0,0,0,0,0,0,0,0,0,0,0,0,0,0,0,0,0,0,0,0,0,0,"[M+H]+",129.151919,"1-Octanamine,2-Ethylhexylamine,Ethyldiisopropylamine"
"M130_R155_103",154.942136091859,130.062794,0,0,0,0,0,0,0,0,0,0,0,0,0,0,0,0,0,0,0,0,0,0,0,0,0,0,0,0,0,0,0,0,0,0,0,0,0,0,0,0,0,0,0,0,0,0,0,0,0,0,0,0,0,0,0,0,0,0,0,0,0,0,0,0,0,0,0,0,0,0,0,0,49659,60742,59126,0,0,0,0,0,0,0,0,0,0,0,0,0,0,0,0,0,0,0,0,0,0,0,0,0,0,0,0,0,0,0,0,0,0,0,0,0,0,0,0,0,0,0,0,0,0,0,0,0,0,0,0,0,0,0,0,0,0,0,0,0,0,0,"[M-H]-",130.062794,"2-Hydroxyethyl methacrylate,CANDESARTAN CILEXETIL-TP59,Clarithromycin-TP300,DEET-TP37,Ethyl acetoacetate,Gemfibrozil-TP13"
"M130_R219_104",219.39413,130.063082,124581,107275,128520,104221,46964,45976,86766,14787,87425,72588,0,0,0,81046,90833,0,0,0,59917,76150,72470,76826,0,0,0,75083,81269,0,0,0,0,0,0,77023,0,0,0,99260,71748,0,0,0,0,0,0,0,0,0,0,0,0,0,0,0,0,0,0,0,0,0,0,0,0,0,0,0,0,0,0,0,0,0,0,0,0,0,0,0,0,0,0,0,0,0,0,0,0,0,0,0,0,0,0,0,0,0,0,0,0,0,0,0,0,0,0,0,0,0,0,0,0,0,0,0,0,0,0,0,0,0,0,0,0,0,0,0,0,0,0,0,0,0,0,0,0,0,0,0,"[M+H]+",130.063082,"2-Hydroxyethyl methacrylate,CANDESARTAN CILEXETIL-TP59,Clarithromycin-TP300,DEET-TP37,Ethyl acetoacetate,Gemfibrozil-TP13"
"M130_R245_105",244.855207,130.063106,76776,48914,48800,0,0,0,0,0,0,0,0,0,0,0,0,0,0,0,0,0,0,0,0,0,0,0,0,0,0,0,0,0,0,0,0,0,0,0,0,0,0,0,0,0,0,0,0,0,0,0,0,0,0,0,0,0,0,0,0,0,0,0,0,0,0,0,0,0,0,0,0,0,0,0,0,0,0,0,0,0,0,0,0,0,0,0,0,0,0,0,0,0,0,0,0,0,0,0,0,0,0,0,0,0,0,0,0,0,0,0,0,0,0,0,0,0,0,0,0,0,0,0,0,0,0,0,0,0,0,0,0,0,0,0,0,0,0,0,"[M+H]+",130.063106,"2-Hydroxyethyl methacrylate,CANDESARTAN CILEXETIL-TP59,Clarithromycin-TP300,DEET-TP37,Ethyl acetoacetate,Gemfibrozil-TP13"
"M130_R290_106",290.394476,130.063111,76086,67030,48447,194604,183506,115574,199410,169330,170052,53830,0,0,0,51915,49595,135275,132070,17158,93514,146426,92264,84012,0,0,0,66032,74410,164203,108956,156988,129925,137511,67823,63608,0,0,0,90043,49283,68942,69403,94258,72326,71297,86106,69891,0,0,0,87736,64848,48332,37637,126035,59902,58669,96757,95095,0,0,0,68136,97835,114489,144928,71567,85841,101367,99343,0,0,0,0,0,0,0,0,0,0,0,0,0,0,0,0,0,0,0,0,0,0,0,0,0,0,0,0,0,0,0,0,0,0,0,0,0,0,0,0,0,0,0,0,0,0,0,0,0,0,0,0,0,0,0,0,0,0,0,0,0,0,0,0,0,0,0,0,0,"[M+H]+",130.063111,"2-Hydroxyethyl methacrylate,CANDESARTAN CILEXETIL-TP59,Clarithromycin-TP300,DEET-TP37,Ethyl acetoacetate,Gemfibrozil-TP13"
"M130_R318_107",318.451971,130.063245,69660,93534,50615,108346,57481,60297,88187,154279,109860,96110,0,0,0,65052,81477,20145,77700,77222,37789,70277,31659,87977,0,0,0,108499,51101,77512,37830,100725,55854,80591,31103,56340,0,0,0,69993,64346,0,0,0,0,0,0,62730,0,0,0,79207,58384,0,0,0,0,0,0,0,0,0,0,0,0,0,0,0,0,0,0,0,0,0,0,0,0,0,0,0,0,0,0,0,0,0,0,0,0,0,0,0,0,0,0,0,0,0,0,0,0,0,0,0,0,0,0,0,0,0,0,0,0,0,0,0,0,0,0,0,0,0,0,0,0,0,0,0,0,0,0,0,0,0,0,0,0,0,0,0,"[M+H]+",130.063245,"2-Hydroxyethyl methacrylate,CANDESARTAN CILEXETIL-TP59,Clarithromycin-TP300,DEET-TP37,Ethyl acetoacetate,Gemfibrozil-TP13"
"M130_R340_108",340.031427,130.063333,0,0,0,71257,43346,47195,0,0,0,0,0,0,0,0,0,0,0,0,54292,43712,28533,47736,0,0,0,64263,43416,0,0,0,50847,78481,51059,0,0,0,0,0,0,69267,42585,58681,0,0,0,0,0,0,0,0,0,0,0,0,0,0,0,94646,0,0,0,64269,53809,78571,86986,62104,72991,66374,57740,0,0,0,0,0,0,0,0,0,0,0,0,0,0,0,0,0,0,0,0,0,0,0,0,0,0,0,0,0,0,0,0,0,0,0,0,0,0,0,0,0,0,0,0,0,0,0,0,0,0,0,0,0,0,0,0,0,0,0,0,0,0,0,0,0,0,0,0,0,"[M+H]+",130.063333,"2-Hydroxyethyl methacrylate,CANDESARTAN CILEXETIL-TP59,Clarithromycin-TP300,DEET-TP37,Ethyl acetoacetate,Gemfibrozil-TP13"
"M130_R358_109",357.53947,130.063451,0,0,0,0,0,0,0,0,0,0,0,0,0,0,0,0,0,0,0,0,0,0,0,0,0,0,0,0,0,0,0,0,0,0,0,0,0,0,0,0,0,0,0,0,0,0,0,0,0,0,0,0,0,0,0,0,0,0,0,0,0,0,0,0,0,0,78662,42673,37580,0,0,0,0,0,0,0,0,0,0,0,0,0,0,0,0,0,0,0,0,0,0,0,0,0,0,0,0,0,0,0,0,0,0,0,0,0,0,0,0,0,0,0,0,0,0,0,0,0,0,0,0,0,0,0,0,0,0,0,0,0,0,0,0,0,0,0,0,0,"[M+H]+",130.063451,"2-Hydroxyethyl methacrylate,CANDESARTAN CILEXETIL-TP59,Clarithromycin-TP300,DEET-TP37,Ethyl acetoacetate,Gemfibrozil-TP13"
"M131_R182_110",181.958071181483,131.094469,0,0,0,0,0,0,0,0,0,0,0,0,0,0,0,0,0,0,0,0,0,0,0,0,0,0,0,0,0,0,0,0,0,0,0,0,0,0,0,0,0,0,0,0,0,0,0,0,0,0,0,0,0,0,0,0,0,0,0,0,0,0,0,0,0,0,0,0,0,0,0,0,0,0,0,66917,106544,109574,0,0,0,0,0,0,0,0,0,0,0,0,0,0,0,0,0,0,0,0,0,0,0,0,0,0,0,0,0,0,0,0,0,0,0,0,0,0,0,0,0,0,0,0,0,0,0,0,0,0,0,0,0,0,0,0,0,0,0,0,"[M-H]-",131.094469,"2-morpholinoethanol,Atenolol-TP2,Atenolol-TP23,DL-Norleucine,Metoprolol-TP2,Metoprolol-TP29,Propranolol-TP18,Propranolol-TP2"
"M132_R245_113",245.300238,132.068896,0,0,0,0,0,0,0,0,0,0,0,0,0,0,0,0,0,0,0,0,0,0,92743,76586,92388,0,0,0,0,0,0,0,0,0,0,0,0,0,0,0,0,0,0,0,0,0,0,0,0,0,0,0,0,0,0,0,0,0,0,0,0,0,0,0,0,0,0,0,0,0,0,0,0,0,0,0,0,0,0,0,0,0,0,0,0,0,0,0,0,0,0,0,0,0,0,0,0,0,0,0,0,0,0,0,0,0,0,0,0,0,0,0,0,0,0,0,0,0,0,0,0,0,0,0,0,0,0,0,0,0,0,0,0,0,0,0,0,0,"[M+H]+",132.068896,"1,3-diethyl-2-thiourea"
"M132_R217_114",217.300497,132.078732,0,0,0,0,0,0,0,0,0,0,0,0,0,0,0,0,0,0,57595,70288,68031,0,0,0,0,0,0,0,0,0,0,0,0,0,0,0,0,0,0,0,0,0,0,0,0,0,0,0,0,0,0,0,0,0,0,0,0,0,0,0,0,0,0,0,0,0,0,0,0,0,0,0,0,0,0,0,0,0,0,0,0,0,0,0,0,0,0,0,0,0,0,0,0,0,0,0,0,0,0,0,0,0,0,0,0,0,0,0,0,0,0,0,0,0,0,0,0,0,0,0,0,0,0,0,0,0,0,0,0,0,0,0,0,0,0,0,0,0,"[M+H]+",132.078732,"1-Methoxy-2-propyl acetate,2,2-dimethyl-1,3-dioxolan-4-ylmethanol,2-Ethoxyethyl acetate,2-Methoxy-1-propyl acetate,Butyl hydroxyacetate,CANDESARTAN CILEXETIL-TP58"
"M132_R226_115",226.122478,132.078769,0,0,0,257856,210870,181208,274094,87869,229255,0,218804,295289,317333,0,0,248982,98913,129731,199751,331883,587676,0,0,0,0,0,0,72812,56710,81833,136004,150594,97555,0,113837,229998,200673,0,0,154182,104655,238220,224725,289357,198844,0,0,0,0,0,0,60585,85632,65958,123418,102602,155526,0,660240,168551,751859,0,0,0,0,0,0,0,0,0,0,0,0,0,0,0,0,0,0,0,0,0,0,0,0,0,0,0,0,0,0,0,0,0,0,0,0,0,0,0,0,0,0,0,0,0,0,0,0,0,0,0,0,0,0,0,0,0,0,0,0,0,0,0,0,0,0,0,0,0,0,0,0,0,0,0,0,0,"[M+H]+",132.078769,"1-Methoxy-2-propyl acetate,2,2-dimethyl-1,3-dioxolan-4-ylmethanol,2-Ethoxyethyl acetate,2-Methoxy-1-propyl acetate,Butyl hydroxyacetate,CANDESARTAN CILEXETIL-TP58"
"M132_R249_116",249.467792,132.078907,0,0,0,85787,95172,70731,150041,88023,109467,0,155750,215899,267480,0,0,238399,102485,128726,96373,144752,197020,0,0,0,0,0,0,51823,60864,64464,57916,73062,51601,0,68720,140254,179716,0,0,69988,107643,97317,100440,147311,109031,0,0,0,0,0,0,0,0,0,0,0,0,0,760716,290996,563540,0,0,0,0,0,0,0,0,0,0,0,0,0,0,0,0,0,0,0,0,0,0,0,0,0,0,0,0,0,0,0,0,0,0,0,0,0,0,0,0,0,0,0,0,0,0,0,0,0,0,0,0,0,0,0,0,0,0,0,0,0,0,0,0,0,0,0,0,0,0,0,0,0,0,0,0,0,"[M+H]+",132.078907,"1-Methoxy-2-propyl acetate,2,2-dimethyl-1,3-dioxolan-4-ylmethanol,2-Ethoxyethyl acetate,2-Methoxy-1-propyl acetate,Butyl hydroxyacetate,CANDESARTAN CILEXETIL-TP58"
"M132_R267_117",267.287093,132.079032,0,0,0,0,0,0,0,0,0,0,0,0,0,0,0,0,0,0,0,0,0,0,0,0,0,0,0,0,0,0,0,0,0,0,0,0,0,0,0,0,0,0,0,0,0,0,0,0,0,0,0,0,0,0,0,0,0,0,295071,153513,126794,0,0,0,0,0,0,0,0,0,0,0,0,0,0,0,0,0,0,0,0,0,0,0,0,0,0,0,0,0,0,0,0,0,0,0,0,0,0,0,0,0,0,0,0,0,0,0,0,0,0,0,0,0,0,0,0,0,0,0,0,0,0,0,0,0,0,0,0,0,0,0,0,0,0,0,0,0,"[M+H]+",132.079032,"1-Methoxy-2-propyl acetate,2,2-dimethyl-1,3-dioxolan-4-ylmethanol,2-Ethoxyethyl acetate,2-Methoxy-1-propyl acetate,Butyl hydroxyacetate,CANDESARTAN CILEXETIL-TP58"
"M133_R231_118",230.537996610439,133.06378,0,0,0,0,0,0,0,0,0,0,0,0,0,0,0,0,0,0,0,0,0,0,0,0,0,0,0,0,0,0,0,0,0,0,0,0,0,0,0,0,0,0,0,0,0,0,0,0,0,0,0,0,0,0,0,0,0,0,0,0,0,0,0,0,0,0,0,0,0,0,0,0,0,0,0,0,0,0,0,0,0,0,0,0,0,0,0,0,0,0,0,64820,81879,74063,0,0,0,0,0,0,0,0,0,0,0,0,0,0,0,0,0,59187,62777,65496,0,0,0,0,0,0,0,0,0,0,0,0,0,0,0,0,0,0,0,0,0,0,0,0,"[M-H]-",133.06378,"2-Aminobenzimidazole,4-Methyl-1H-benzotriazole,5-Methyl-1H-benzotriazole (5-Tolyltriazole),Methyl-1H-benzotriazole"
"M133_R291_119",291.001356618642,133.0639355,173180,212530,133380,0,0,0,76938,101714,92561,147691,406709,516736,610713,205836,237108,77248,82217,113462,0,0,0,115181,703377,642943,379795,90128,168562,80375,59540,80974,123209,102368,85486,133883,284237,519203,170577,203579,147873,164722,155949,111960,108187,143269,219974,83701,302034,283321,443925,94463,106122,0,0,0,61865,52780,61578,108669,342752,381252,323035,104204,99261,0,0,0,122699,95572,105747,0,0,0,0,0,0,0,0,0,0,104241,98796,85746,0,0,0,0,0,0,0,0,0,116350,96741,79547,0,0,0,0,0,0,0,0,0,124324,111504,116219,0,0,0,0,0,0,0,0,0,112950,59993,96971,0,0,0,0,0,0,0,0,0,93220,93000,82161,0,0,0,0,0,0,0,0,"[M+H]+,[M-H]-",133.0639355,"2-Aminobenzimidazole,4-Methyl-1H-benzotriazole,5-Methyl-1H-benzotriazole (5-Tolyltriazole),Methyl-1H-benzotriazole"
"M134_R378_120",377.681396,134.073218,54555,50736,68151,0,0,0,0,0,0,0,0,0,0,0,0,0,0,0,0,0,0,0,0,0,0,0,0,0,0,0,0,0,0,0,0,0,0,0,0,0,0,0,0,0,0,0,69488,56235,77269,0,0,52690,66496,54324,0,0,0,0,0,0,0,0,0,0,0,0,0,0,0,0,0,0,0,0,0,0,0,0,0,0,0,0,0,0,0,0,0,0,0,0,0,0,0,0,0,0,0,0,0,0,0,0,0,0,0,0,0,0,0,0,0,0,0,0,0,0,0,0,0,0,0,0,0,0,0,0,0,0,0,0,0,0,0,0,0,0,0,0,"[M+H]+",134.073218,"2,2'-(nitrosoimino)bisethanol,3-Phenyl-2-propen-1-ol"
"M137_R226_122",225.932395,137.047652,0,0,0,0,0,0,0,0,0,55001,0,0,0,64821,74925,0,0,0,0,0,0,0,0,0,0,0,0,0,0,0,0,0,0,87420,0,0,0,93190,68060,0,0,0,0,0,0,0,0,0,0,0,0,0,0,0,0,0,0,0,0,0,0,0,0,0,0,0,0,0,0,0,0,0,0,0,0,0,0,0,0,0,0,0,0,0,0,0,0,0,0,0,0,0,0,0,0,0,0,0,0,0,0,0,0,0,0,0,0,0,0,0,0,0,0,0,0,0,0,0,0,0,0,0,0,0,0,0,0,0,0,0,0,0,0,0,0,0,0,0,"[M+H]+",137.047652,"2-nitrotoluene,4-nitrotoluene,Bentazone-TP11,Diuron-TP15,Fenuron-TP2,Linuron-TP14,Neburon-TP22,Saccharin-TP15,Salicylamide"
"M137_R289_123",289.149876,137.047747,0,0,0,0,0,0,0,0,0,0,0,0,0,0,0,0,0,0,0,0,0,0,0,0,0,0,0,0,0,0,0,0,0,0,0,0,0,0,0,89222,97930,75024,0,0,0,0,0,0,0,0,0,0,0,0,55048,62169,75849,0,0,0,0,0,0,0,0,0,104701,102925,105212,0,0,0,0,0,0,0,0,0,0,0,0,0,0,0,0,0,0,0,0,0,0,0,0,0,0,0,0,0,0,0,0,0,0,0,0,0,0,0,0,0,0,0,0,0,0,0,0,0,0,0,0,0,0,0,0,0,0,0,0,0,0,0,0,0,0,0,0,0,"[M+H]+",137.047747,"2-nitrotoluene,4-nitrotoluene,Bentazone-TP11,Diuron-TP15,Fenuron-TP2,Linuron-TP14,Neburon-TP22,Saccharin-TP15,Salicylamide"
"M137_R360_124",360.340848,137.084104,0,0,0,0,0,0,0,0,0,75312,0,0,0,69693,108844,0,0,0,0,0,0,0,0,0,0,0,0,0,0,0,0,0,0,66716,0,0,0,80621,68399,0,0,0,0,0,0,0,0,0,0,0,0,0,0,0,0,0,0,0,0,0,0,0,0,0,0,0,0,0,0,0,0,0,0,0,0,0,0,0,0,0,0,0,0,0,0,0,0,0,0,0,0,0,0,0,0,0,0,0,0,0,0,0,0,0,0,0,0,0,0,0,0,0,0,0,0,0,0,0,0,0,0,0,0,0,0,0,0,0,0,0,0,0,0,0,0,0,0,0,"[M+H]+",137.084104,"6-methoxy-m-toluidine,Bezafibrate-1-TP30,Bezafibrate-TP30"
"M138_R248_125",247.63293884713,138.031689,0,0,0,0,0,0,0,0,0,0,0,0,0,0,0,0,0,0,0,0,0,0,0,0,0,0,0,0,0,0,0,0,0,0,0,0,0,0,0,0,0,0,0,0,0,0,0,0,0,0,0,0,0,0,0,0,0,0,0,0,0,0,0,0,0,0,0,0,0,0,0,0,0,0,0,0,0,0,0,0,0,0,0,0,0,0,0,0,0,0,0,0,0,0,0,0,0,0,0,0,0,0,0,0,0,0,0,0,69295,53131,55579,0,0,0,0,0,0,0,0,0,0,0,0,0,0,0,0,0,0,0,0,0,0,0,0,0,0,0,"[M-H]-",138.031689,"4-Hydroxybenzoic acid,Benzoic acid, 2-hydroxy-,C14-18 alkyl derivs_,Benzotriazole-TP11,Saccharin-TP54"
"M138_R226_126",225.734772,138.031842,0,0,0,0,0,0,0,0,0,0,0,0,0,0,0,0,0,0,0,0,0,0,0,0,0,0,0,0,0,0,0,0,0,0,0,0,0,0,0,0,0,0,0,0,0,0,0,0,0,0,0,0,0,0,15637,70784,59261,0,0,0,0,0,0,39287,58820,44883,55380,64540,61805,0,0,0,0,0,0,0,0,0,0,0,0,0,0,0,0,0,0,0,0,0,0,0,0,0,0,0,0,0,0,0,0,0,0,0,0,0,0,0,0,0,0,0,0,0,0,0,0,0,0,0,0,0,0,0,0,0,0,0,0,0,0,0,0,0,0,0,0,0,"[M+H]+",138.031842,"4-Hydroxybenzoic acid,Benzoic acid, 2-hydroxy-,C14-18 alkyl derivs_,Benzotriazole-TP11,Saccharin-TP54"
"M139_R299_128",298.991367,139.099754,0,0,0,0,0,0,60677,54478,56452,0,0,0,0,0,0,0,0,0,0,0,0,0,0,0,0,0,0,0,0,0,0,0,0,0,0,0,0,0,0,0,0,0,0,0,0,0,0,0,0,0,0,0,0,0,0,0,0,0,0,0,0,0,0,0,0,0,0,0,0,0,0,0,0,0,0,0,0,0,0,0,0,0,0,0,0,0,0,0,0,0,0,0,0,0,0,0,0,0,0,0,0,0,0,0,0,0,0,0,0,0,0,0,0,0,0,0,0,0,0,0,0,0,0,0,0,0,0,0,0,0,0,0,0,0,0,0,0,0,"[M+H]+",139.099754,"1-Ethenylazepan-2-one"
"M141_R197_134",197.455342,141.079244,0,0,0,0,0,0,0,0,0,0,60617,52652,56454,0,0,0,0,0,51514,59313,52607,0,0,0,0,0,0,0,0,0,0,0,0,0,0,0,0,0,0,0,0,0,0,0,0,0,0,0,0,0,0,0,0,0,0,0,0,0,0,0,0,0,0,0,0,0,0,0,0,0,0,0,0,0,0,0,0,0,0,0,0,0,0,0,0,0,0,0,0,0,0,0,0,0,0,0,0,0,0,0,0,0,0,0,0,0,0,0,0,0,0,0,0,0,0,0,0,0,0,0,0,0,0,0,0,0,0,0,0,0,0,0,0,0,0,0,0,0,"[M+H]+",141.079244,"Ethosuximide"
"M141_R322_135",322.339294,141.115421,118896,223220,198930,117419,80307,122589,104046,164270,99992,226368,157671,117691,158006,179041,198089,106139,149484,115868,0,0,0,112740,230894,210952,153546,230404,222440,130507,138166,212315,105355,120494,126873,135979,160052,165642,262220,177001,222627,194802,185446,107656,252203,112778,155003,147895,79047,92466,112782,179733,212279,124117,78092,80828,65171,112699,100975,153773,231894,211648,204617,94908,159193,105253,195835,111383,130444,77753,154039,0,0,0,0,0,0,0,0,0,0,0,0,0,0,0,0,0,0,0,0,0,0,0,0,0,0,0,0,0,0,0,0,0,0,0,0,0,0,0,0,0,0,0,0,0,0,0,0,0,0,0,0,0,0,0,0,0,0,0,0,0,0,0,0,0,0,0,0,0,"[M+H]+",141.115421,"1-butylpyrrolidin-2-one"
"M141_R311_136",310.59811,141.115452,0,0,0,0,0,0,0,0,0,63908,55540,52509,61740,63095,52210,0,0,0,0,0,0,0,104634,84588,36601,0,0,55263,68544,86277,0,0,0,64325,46975,76810,82388,38999,55558,83075,87287,64351,65699,70143,61035,0,0,0,0,0,0,0,0,0,0,0,0,0,54843,55921,63612,0,0,29729,57001,17190,0,0,0,0,0,0,0,0,0,0,0,0,0,0,0,0,0,0,0,0,0,0,0,0,0,0,0,0,0,0,0,0,0,0,0,0,0,0,0,0,0,0,0,0,0,0,0,0,0,0,0,0,0,0,0,0,0,0,0,0,0,0,0,0,0,0,0,0,0,0,0,0,"[M+H]+",141.115452,"1-butylpyrrolidin-2-one"
"M142_R317_137",317.170367,142.063105,0,0,0,0,0,0,0,0,0,0,0,0,0,0,0,0,0,0,0,0,0,0,0,0,0,0,0,0,0,0,0,0,0,0,0,0,0,0,0,0,0,0,0,0,0,0,0,0,0,0,0,0,0,0,68758,120399,72462,0,0,0,0,0,0,56117,57765,67481,0,0,0,0,0,0,0,0,0,0,0,0,0,0,0,0,0,0,0,0,0,0,0,0,0,0,0,0,0,0,0,0,0,0,0,0,0,0,0,0,0,0,0,0,0,0,0,0,0,0,0,0,0,0,0,0,0,0,0,0,0,0,0,0,0,0,0,0,0,0,0,0,"[M+H]+",142.063105,"2,3-epoxypropyl methacrylate; glycidyl methacrylate"
"M143_R285_138",285.286791,143.07352,0,0,0,0,0,0,0,0,0,0,0,0,0,0,0,0,0,0,0,0,0,0,0,0,0,0,0,0,0,0,0,0,0,55950,0,0,0,52111,61555,0,0,0,0,0,0,0,0,0,0,0,0,0,0,0,0,0,0,0,0,0,0,0,0,0,0,0,0,0,0,0,0,0,0,0,0,0,0,0,0,0,0,0,0,0,0,0,0,0,0,0,0,0,0,0,0,0,0,0,0,0,0,0,0,0,0,0,0,0,0,0,0,0,0,0,0,0,0,0,0,0,0,0,0,0,0,0,0,0,0,0,0,0,0,0,0,0,0,0,"[M+H]+",143.07352,"2-naphthylamine"
"M144_R177_140",177.149988734063,144.078444,0,0,0,0,0,0,0,0,0,0,0,0,0,0,0,0,0,0,0,0,0,0,0,0,0,0,0,0,0,0,0,0,0,0,0,0,0,0,0,0,0,0,0,0,0,0,0,0,0,0,0,0,0,0,0,0,0,0,0,0,0,0,0,0,0,0,0,0,0,0,0,0,0,0,0,39613,18630,59453,0,0,0,0,0,0,0,0,0,0,0,0,0,0,0,0,0,0,0,0,0,0,0,0,0,0,0,0,0,0,0,0,0,0,0,0,0,0,0,0,0,0,0,0,0,0,0,0,0,0,0,0,0,0,0,0,0,0,0,0,"[M-H]-",144.078444,"2-Hydroxypropyl 2-methylacrylate,2-Propenoic acid, 2-methyl-, 3-hydroxypropyl ester,4,4-dimethyl-3,5,8-trioxabicyclo[5.1.0]octane,CANDESARTAN CILEXETIL-TP4,Gemfibrozil-TP2,Hydroxypropyl methacrylate,Ibuprofen-1-TP40,Ibuprofen-TP40"
"M144_R285_141",284.805176,144.078672,0,0,0,0,0,0,0,0,0,0,0,0,0,0,0,0,0,0,0,0,0,86962,0,0,0,52419,106922,0,0,0,0,0,0,0,0,0,0,0,0,0,0,0,79253,94307,85435,0,0,0,0,0,0,0,0,0,0,0,0,0,0,0,0,0,0,101358,123422,141435,0,0,0,0,0,0,0,0,0,0,0,0,0,0,0,0,0,0,0,0,0,0,0,0,0,0,0,0,0,0,0,0,0,0,0,0,0,0,0,0,0,0,0,0,0,0,0,0,0,0,0,0,0,0,0,0,0,0,0,0,0,0,0,0,0,0,0,0,0,0,0,0,"[M+H]+",144.078672,"2-Hydroxypropyl 2-methylacrylate,2-Propenoic acid, 2-methyl-, 3-hydroxypropyl ester,4,4-dimethyl-3,5,8-trioxabicyclo[5.1.0]octane,CANDESARTAN CILEXETIL-TP4,Gemfibrozil-TP2,Hydroxypropyl methacrylate,Ibuprofen-1-TP40,Ibuprofen-TP40"
"M144_R294_142",294.344031,144.078676,0,0,0,0,0,0,69092,72631,90484,0,0,0,0,0,0,0,0,0,0,0,0,102433,0,0,0,63136,112284,220246,103117,108201,131776,31946,139487,0,0,0,0,0,0,133570,62766,111668,120903,157103,143030,0,0,0,0,0,0,96948,121610,55184,122603,94487,153900,154992,0,0,0,128518,113458,218042,252473,151445,159086,117949,168335,0,0,0,0,0,0,0,0,0,0,0,0,0,0,0,0,0,0,0,0,0,0,0,0,0,0,0,0,0,0,0,0,0,0,0,0,0,0,0,0,0,0,0,0,0,0,0,0,0,0,0,0,0,0,0,0,0,0,0,0,0,0,0,0,0,0,0,0,0,"[M+H]+",144.078676,"2-Hydroxypropyl 2-methylacrylate,2-Propenoic acid, 2-methyl-, 3-hydroxypropyl ester,4,4-dimethyl-3,5,8-trioxabicyclo[5.1.0]octane,CANDESARTAN CILEXETIL-TP4,Gemfibrozil-TP2,Hydroxypropyl methacrylate,Ibuprofen-1-TP40,Ibuprofen-TP40"
"M144_R327_143",326.852882,144.078783,0,0,0,68648,266156,335671,109278,94805,159566,0,0,0,0,0,0,144255,65223,71013,97358,67323,85629,219342,85219,57413,76679,156737,288630,343741,430939,117842,403393,204725,369569,99451,0,0,0,103185,138603,157849,181002,203669,350044,483305,422850,0,0,0,0,0,0,226304,235466,280883,297161,280704,323009,442366,174703,131463,140275,281368,311174,647201,298557,417139,379160,217992,404142,0,0,0,0,0,0,0,0,0,0,0,0,0,0,0,0,0,0,0,0,0,0,0,0,0,0,0,0,0,0,0,0,0,0,0,0,0,0,0,0,0,0,0,0,0,0,0,0,0,0,0,0,0,0,0,0,0,0,0,0,0,0,0,0,0,0,0,0,0,"[M+H]+",144.078783,"2-Hydroxypropyl 2-methylacrylate,2-Propenoic acid, 2-methyl-, 3-hydroxypropyl ester,4,4-dimethyl-3,5,8-trioxabicyclo[5.1.0]octane,CANDESARTAN CILEXETIL-TP4,Gemfibrozil-TP2,Hydroxypropyl methacrylate,Ibuprofen-1-TP40,Ibuprofen-TP40"
"M144_R367_144",366.616666,144.078951,0,0,0,0,0,0,0,0,0,0,0,0,0,0,0,0,0,0,0,0,0,78262,0,0,0,51814,84077,58850,48964,39773,0,0,0,0,0,0,0,0,0,0,0,0,85557,82042,85262,0,0,0,0,0,0,0,0,0,0,0,0,96553,0,0,0,92160,70830,127136,142776,86889,103913,70011,82553,0,0,0,0,0,0,0,0,0,0,0,0,0,0,0,0,0,0,0,0,0,0,0,0,0,0,0,0,0,0,0,0,0,0,0,0,0,0,0,0,0,0,0,0,0,0,0,0,0,0,0,0,0,0,0,0,0,0,0,0,0,0,0,0,0,0,0,0,0,"[M+H]+",144.078951,"2-Hydroxypropyl 2-methylacrylate,2-Propenoic acid, 2-methyl-, 3-hydroxypropyl ester,4,4-dimethyl-3,5,8-trioxabicyclo[5.1.0]octane,CANDESARTAN CILEXETIL-TP4,Gemfibrozil-TP2,Hydroxypropyl methacrylate,Ibuprofen-1-TP40,Ibuprofen-TP40"
"M144_R393_145",392.632712,144.078962,0,0,0,0,0,0,0,0,0,0,0,0,0,0,0,0,0,0,0,0,0,0,0,0,0,0,0,0,0,0,0,0,0,0,0,0,0,0,0,0,0,0,72469,64554,66918,0,0,0,0,0,0,0,0,0,0,0,0,0,0,0,0,0,0,0,0,0,0,0,0,0,0,0,0,0,0,0,0,0,0,0,0,0,0,0,0,0,0,0,0,0,0,0,0,0,0,0,0,0,0,0,0,0,0,0,0,0,0,0,0,0,0,0,0,0,0,0,0,0,0,0,0,0,0,0,0,0,0,0,0,0,0,0,0,0,0,0,0,0,"[M+H]+",144.078962,"2-Hydroxypropyl 2-methylacrylate,2-Propenoic acid, 2-methyl-, 3-hydroxypropyl ester,4,4-dimethyl-3,5,8-trioxabicyclo[5.1.0]octane,CANDESARTAN CILEXETIL-TP4,Gemfibrozil-TP2,Hydroxypropyl methacrylate,Ibuprofen-1-TP40,Ibuprofen-TP40"
"M144_R349_146",349.26959,144.078972,0,0,0,0,0,0,57647,53840,94342,0,0,0,0,0,0,44889,54488,69722,0,0,0,150907,0,0,0,78681,108446,100072,124769,83003,154140,69473,145964,0,0,0,0,0,0,85477,86089,98177,140035,142458,154615,0,0,0,0,0,0,82726,62316,122532,89730,77398,127470,258056,0,0,0,165108,180464,265457,307346,114290,214541,153260,132871,0,0,0,0,0,0,0,0,0,0,0,0,0,0,0,0,0,0,0,0,0,0,0,0,0,0,0,0,0,0,0,0,0,0,0,0,0,0,0,0,0,0,0,0,0,0,0,0,0,0,0,0,0,0,0,0,0,0,0,0,0,0,0,0,0,0,0,0,0,"[M+H]+",144.078972,"2-Hydroxypropyl 2-methylacrylate,2-Propenoic acid, 2-methyl-, 3-hydroxypropyl ester,4,4-dimethyl-3,5,8-trioxabicyclo[5.1.0]octane,CANDESARTAN CILEXETIL-TP4,Gemfibrozil-TP2,Hydroxypropyl methacrylate,Ibuprofen-1-TP40,Ibuprofen-TP40"
"M144_R381_147",381.257082,144.078987,0,0,0,0,0,0,0,0,0,0,0,0,0,0,0,0,0,0,0,0,0,0,0,0,0,0,0,0,0,0,0,0,0,0,0,0,0,0,0,0,0,0,75361,54260,89890,0,0,0,0,0,0,0,0,0,0,0,0,0,0,0,0,0,0,0,0,0,0,0,0,0,0,0,0,0,0,0,0,0,0,0,0,0,0,0,0,0,0,0,0,0,0,0,0,0,0,0,0,0,0,0,0,0,0,0,0,0,0,0,0,0,0,0,0,0,0,0,0,0,0,0,0,0,0,0,0,0,0,0,0,0,0,0,0,0,0,0,0,0,"[M+H]+",144.078987,"2-Hydroxypropyl 2-methylacrylate,2-Propenoic acid, 2-methyl-, 3-hydroxypropyl ester,4,4-dimethyl-3,5,8-trioxabicyclo[5.1.0]octane,CANDESARTAN CILEXETIL-TP4,Gemfibrozil-TP2,Hydroxypropyl methacrylate,Ibuprofen-1-TP40,Ibuprofen-TP40"
"M146_R202_149",201.825586409586,146.057618,0,0,0,0,0,0,0,0,0,0,0,0,0,0,0,0,0,0,0,0,0,0,0,0,0,0,0,0,0,0,0,0,0,0,0,0,0,0,0,0,0,0,0,0,0,0,0,0,0,0,0,0,0,0,0,0,0,0,0,0,0,0,0,0,0,0,0,0,0,0,0,0,0,0,0,60945,66861,76390,0,0,0,0,0,0,72215,112237,98836,69594,31783,69602,0,0,0,0,0,0,85531,76976,141636,0,0,0,0,0,0,0,0,0,115217,65775,90194,0,0,0,0,0,0,0,0,0,106056,55522,77816,0,0,0,0,0,0,0,0,0,153412,163869,215679,101169,156296,86962,"[M-H]-",146.057618,"1,2-Ethanediol diacetate,Clarithromycin-TP64,Dimethyl succinate"
"M146_R181_150",180.974909438104,146.057714,0,0,0,0,0,0,0,0,0,0,0,0,0,0,0,0,0,0,0,0,0,0,0,0,0,0,0,0,0,0,0,0,0,0,0,0,0,0,0,0,0,0,0,0,0,0,0,0,0,0,0,0,0,0,0,0,0,0,0,0,0,0,0,0,0,0,0,0,0,72273,66512,54419,92647,57734,66361,0,0,0,0,0,0,0,0,0,84477,107414,92543,58827,62944,66825,0,0,0,0,0,0,0,0,0,0,0,0,0,0,0,0,0,0,0,0,0,0,0,0,0,0,0,0,0,0,0,0,0,0,0,0,0,0,0,0,0,0,0,0,0,0,0,0,"[M-H]-",146.057714,"1,2-Ethanediol diacetate,Clarithromycin-TP64,Dimethyl succinate"
"M148_R206_151",205.66822,148.016097,0,0,0,0,0,0,75323,72424,85744,0,0,0,0,0,0,0,0,0,87906,69168,54783,0,0,0,0,0,0,0,0,0,0,0,0,0,0,0,0,0,0,87117,87770,84986,0,0,0,0,0,0,0,0,0,0,0,0,0,0,0,0,0,0,0,0,0,0,0,0,0,0,0,0,0,0,0,0,0,0,0,0,0,0,0,0,0,0,0,0,0,0,0,0,0,0,0,0,0,0,0,0,0,0,0,0,0,0,0,0,0,0,0,0,0,0,0,0,0,0,0,0,0,0,0,0,0,0,0,0,0,0,0,0,0,0,0,0,0,0,0,0,"[M+H]+",148.016097,"2-benzofuran-1,3-dione; 2-(2-hydroxyethoxy)ethanol"
"M148_R401_152",400.759319,148.016227,0,0,0,79447,62257,75119,81324,58167,63693,68395,0,0,0,60356,74108,0,0,0,0,0,0,66626,0,0,0,24012,77444,90127,84058,84497,67269,71592,92718,69699,150018,144840,154605,95906,23580,0,0,0,90970,103528,83289,84843,57230,64137,66123,89350,70056,0,0,0,67187,80228,66078,73062,84372,50452,85628,87189,115145,0,0,0,0,0,0,0,0,0,0,0,0,0,0,0,0,0,0,0,0,0,0,0,0,0,0,0,0,0,0,0,0,0,0,0,0,0,0,0,0,0,0,0,0,0,0,0,0,0,0,0,0,0,0,0,0,0,0,0,0,0,0,0,0,0,0,0,0,0,0,0,0,0,0,0,"[M+H]+",148.016227,"2-benzofuran-1,3-dione; 2-(2-hydroxyethoxy)ethanol"
"M148_R376_153",375.691113,148.052702,0,0,0,0,0,0,0,0,0,0,0,0,0,0,0,0,0,0,0,0,0,0,0,0,0,0,0,0,0,0,0,0,0,214419,0,0,0,238445,179470,196370,198331,221878,198605,187790,193440,0,0,0,0,0,0,0,0,0,0,0,0,0,0,0,0,0,0,0,0,0,0,0,0,0,0,0,0,0,0,0,0,0,0,0,0,0,0,0,0,0,0,0,0,0,0,0,0,0,0,0,0,0,0,0,0,0,0,0,0,0,0,0,0,0,0,0,0,0,0,0,0,0,0,0,0,0,0,0,0,0,0,0,0,0,0,0,0,0,0,0,0,0,"[M+H]+",148.052702,"Fluoxetine-TP9,Trimethoxyvinylsilane,Vinyltrimethoxysilane"
"M150_R290_154",289.648923265342,150.067581,0,0,0,0,0,0,0,0,0,0,0,0,0,0,0,0,0,0,0,0,0,0,0,0,0,0,0,0,0,0,0,0,0,0,0,0,0,0,0,0,0,0,0,0,0,0,0,0,0,0,0,0,0,0,0,0,0,0,0,0,0,0,0,0,0,0,0,0,0,0,0,0,0,0,0,0,0,0,0,0,0,0,0,0,0,0,0,0,0,0,0,0,0,0,0,0,0,0,0,0,0,0,0,0,0,0,0,0,0,0,0,0,0,0,0,0,0,0,0,0,0,0,0,0,0,0,0,0,0,0,0,0,87971,64259,50649,0,0,0,"[M-H]-",150.067581,"2,3-epoxypropyl phenyl ether,4-Methyl-1H-benzotriazole-TP3,Benzyl acetate"
"M150_R411_155",411.263691,150.089618,0,0,0,0,0,0,0,0,0,0,0,0,0,0,0,0,0,0,65263,55327,113658,0,0,0,0,0,0,0,0,0,0,0,0,0,184848,228700,162601,0,0,169250,135765,413625,164323,216382,187277,0,0,0,0,0,0,0,0,0,0,0,0,0,0,0,0,0,0,0,0,0,0,0,0,0,0,0,0,0,0,0,0,0,0,0,0,0,0,0,0,0,0,0,0,0,0,0,0,0,0,0,0,0,0,0,0,0,0,0,0,0,0,0,0,0,0,0,0,0,0,0,0,0,0,0,0,0,0,0,0,0,0,0,0,0,0,0,0,0,0,0,0,0,"[M+H]+",150.089618,"Triethylene glycol"
"M151_R311_156",311.079886569991,151.009159,0,0,0,0,0,0,0,0,0,0,163159,141771,171933,0,0,0,0,0,0,0,0,0,126075,140713,54664,0,0,0,0,0,0,0,0,0,94921,96712,100435,0,0,0,0,0,0,0,0,0,0,0,0,0,0,0,0,0,0,0,0,0,0,0,0,0,0,0,0,0,0,0,0,0,0,0,0,0,0,0,0,0,0,126565,130276,65510,0,0,0,0,0,0,0,0,0,97727,96026,63605,0,0,0,0,0,0,0,0,0,0,0,0,0,0,0,0,0,0,0,0,0,0,0,0,0,0,0,0,0,0,0,0,0,0,0,0,0,0,0,0,0,0,0,0,"[M+H]+,[M-H]-",151.009159,"1,2-benzisothiazol-3(2H)-one"
"M152_R339_157",339.013927,152.083759,0,0,0,59850,45538,47454,0,0,0,0,0,0,0,0,0,0,0,0,0,0,0,0,0,0,0,0,0,0,0,0,0,0,0,0,0,0,0,0,0,0,0,0,0,0,0,0,0,0,0,0,0,0,0,0,0,0,0,0,0,0,0,0,0,0,0,0,0,0,0,0,0,0,0,0,0,0,0,0,0,0,0,0,0,0,0,0,0,0,0,0,0,0,0,0,0,0,0,0,0,0,0,0,0,0,0,0,0,0,0,0,0,0,0,0,0,0,0,0,0,0,0,0,0,0,0,0,0,0,0,0,0,0,0,0,0,0,0,0,"[M+H]+",152.083759,"1-Phenoxy-2-propanol,4-Oxoisophorone,Cumene hydroperoxide,Metoprolol-TP3"
"M153_R330_160",329.706868,153.115364,254330,423391,487768,241733,153929,181174,277200,322325,327102,256121,227970,250403,309180,351746,348435,150962,185119,187810,158305,124902,153386,320796,0,0,0,103616,218430,228845,112061,292516,229885,240062,218423,328209,0,0,0,356829,322476,308854,290059,303002,274271,266027,178877,277724,128013,102784,119974,297598,214309,79649,91815,114793,167576,144339,123569,246760,283498,301934,245396,161283,260730,259498,280968,238171,0,0,0,0,0,0,0,0,0,0,0,0,0,0,0,0,0,0,0,0,0,0,0,0,0,0,0,0,0,0,0,0,0,0,0,0,0,0,0,0,0,0,0,0,0,0,0,0,0,0,0,0,0,0,0,0,0,0,0,0,0,0,0,0,0,0,0,0,0,0,0,0,"[M+H]+",153.115364,"Gabapentin-Lactam"
"M154_R219_161",218.550515,154.026398,0,0,0,0,0,0,0,0,0,0,0,0,0,0,0,0,0,0,0,0,0,0,0,0,0,0,0,0,0,0,0,0,0,0,0,0,0,0,0,0,0,0,0,0,0,0,0,0,0,0,0,0,0,0,52326,63086,79306,0,0,0,0,0,0,0,0,0,48482,53708,55140,0,0,0,0,0,0,0,0,0,0,0,0,0,0,0,0,0,0,0,0,0,0,0,0,0,0,0,0,0,0,0,0,0,0,0,0,0,0,0,0,0,0,0,0,0,0,0,0,0,0,0,0,0,0,0,0,0,0,0,0,0,0,0,0,0,0,0,0,0,"[M+H]+",154.026398,"Bezafibrate-1-TP22,Bezafibrate-1-TP23,Bezafibrate-TP22,Bezafibrate-TP23,Diethyl sulphate,Patulin,Protocatechuic acid,Salicylic acid-TP1,Salicylic acid-TP30,Salicylic acid-TP4,perboric acid (HBO(O2)), sodium salt, tetrahydrate"
"M154_R305_162",305.48585,154.039549,0,0,0,84735,60748,61199,83428,81762,55417,0,105319,102715,119886,0,0,94882,88401,96806,59416,89725,55329,106830,232180,205275,169859,121358,88102,121233,107132,237918,79566,122249,77459,0,105023,115420,117204,0,0,100170,117307,102253,76283,71902,80713,0,74525,76817,73089,0,0,0,0,0,0,0,0,0,91930,71923,67929,0,0,0,0,0,0,0,0,0,0,0,0,0,0,0,0,0,0,0,0,0,0,0,0,0,0,0,0,0,0,0,0,0,0,0,0,0,0,0,0,0,0,0,0,0,0,0,0,0,0,0,0,0,0,0,0,0,0,0,0,0,0,0,0,0,0,0,0,0,0,0,0,0,0,0,0,0,"[M+H]+",154.039549,"2-amino-4-nitrophenol,Chlorpyrifos-TP16,Diethylphosphate,Triisobutyl phosphate-TP6"
"M154_R385_163",385.104334,154.039607,121940,130195,123793,0,0,0,141733,139680,122655,143317,0,0,0,115219,124129,106940,203311,138646,0,0,0,0,0,0,0,0,0,169577,147351,140056,0,0,0,0,0,0,0,0,0,167481,220408,207603,153086,141503,142764,148640,0,0,0,172632,182790,111662,142484,142208,168381,127165,127806,137414,0,0,0,145934,137831,0,0,0,0,0,0,0,0,0,0,0,0,0,0,0,0,0,0,0,0,0,0,0,0,0,0,0,0,0,0,0,0,0,0,0,0,0,0,0,0,0,0,0,0,0,0,0,0,0,0,0,0,0,0,0,0,0,0,0,0,0,0,0,0,0,0,0,0,0,0,0,0,0,0,0,"[M+H]+",154.039607,"2-amino-4-nitrophenol,Chlorpyrifos-TP16,Diethylphosphate,Triisobutyl phosphate-TP6"
"M154_R296_164",295.552222278086,154.0627725,0,0,0,0,0,0,0,0,0,0,0,0,0,0,0,0,0,0,0,0,0,0,0,0,0,0,0,0,0,0,0,0,0,0,0,0,0,0,0,0,0,0,0,0,0,0,0,0,0,0,0,0,0,0,0,0,0,0,0,0,0,0,0,76074,59681,28749,0,0,0,0,0,0,0,0,0,0,0,0,0,59034,63991,78935,0,0,0,0,0,73154,54763,124614,0,0,0,0,0,0,0,0,0,0,0,0,0,0,0,0,0,0,0,0,0,0,0,0,0,0,0,0,0,0,0,0,0,0,0,0,0,68583,59204,67846,0,0,0,0,0,0,0,0,"[M+H]+,[M-H]-",154.0627725,"Cyclohexane-1,2-dicarboxylic anhydride,Cyclohexane-1,2-dicarboxylic anhydride [1],  cis-cyclohexane-1,2-dicarboxylic anhydride [2],  trans-cyclohexane-1,2-dicarboxylic anhydride [3] [The in,Gemfibrozil-TP18"
"M154_R266_165",266.301571,154.062997,0,0,0,0,0,0,0,0,0,0,0,0,0,0,0,0,0,0,0,0,0,0,0,0,0,0,0,0,0,0,0,0,0,0,0,0,0,0,0,0,0,0,0,0,0,0,0,0,0,0,0,0,0,0,0,0,0,0,0,0,0,0,0,69795,73927,46877,0,0,0,0,0,0,0,0,0,0,0,0,0,0,0,0,0,0,0,0,0,0,0,0,0,0,0,0,0,0,0,0,0,0,0,0,0,0,0,0,0,0,0,0,0,0,0,0,0,0,0,0,0,0,0,0,0,0,0,0,0,0,0,0,0,0,0,0,0,0,0,0,"[M+H]+",154.062997,"Cyclohexane-1,2-dicarboxylic anhydride,Cyclohexane-1,2-dicarboxylic anhydride [1],  cis-cyclohexane-1,2-dicarboxylic anhydride [2],  trans-cyclohexane-1,2-dicarboxylic anhydride [3] [The in,Gemfibrozil-TP18"
"M156_R77_173",76.948881,155.969444,68988,53822,103393,0,0,0,73518,68212,58137,66744,0,0,0,88299,79962,85983,80999,64641,0,0,0,57737,0,0,0,82326,74127,68417,87805,52316,71265,59367,73101,0,54852,69048,51277,0,0,60586,77952,84025,0,0,0,60925,0,0,0,63631,82368,53778,66840,75297,73684,62326,50661,56144,79791,92294,67015,61354,67120,0,0,0,51669,64132,81822,0,0,0,0,0,0,0,0,0,0,0,0,0,0,0,0,0,0,0,0,0,0,0,0,0,0,0,0,0,0,0,0,0,0,0,0,0,0,0,0,0,0,0,0,0,0,0,0,0,0,0,0,0,0,0,0,0,0,0,0,0,0,0,0,0,0,0,0,0,"[M+H]+",155.969444,"Lithium trifluoromethanesulphonate"
"M156_R179_174",178.745090836012,156.078222,0,0,0,0,0,0,0,0,0,0,0,0,0,0,0,0,0,0,0,0,0,0,0,0,0,0,0,0,0,0,0,0,0,0,0,0,0,0,0,0,0,0,0,0,0,0,0,0,0,0,0,0,0,0,0,0,0,0,0,0,0,0,0,0,0,0,0,0,0,0,0,0,0,0,0,0,0,0,0,0,0,0,0,0,0,0,0,69488,93091,110336,0,0,0,0,0,0,0,0,0,0,0,0,0,0,0,0,0,0,0,0,0,0,0,0,0,0,0,0,0,0,0,0,0,0,0,0,0,0,0,0,0,0,0,0,0,0,0,0,"[M-H]-",156.078222,"1-Arylpyridinium,Gemfibrozil-TP16,Hexa(methoxymethyl)melamine"
"M157_R377_176",376.608311,157.110464,0,0,0,0,0,0,0,0,0,0,0,0,0,0,0,0,0,0,0,0,0,147593,0,0,0,135941,139735,116613,115846,105471,153472,76529,135807,0,0,0,0,0,0,0,0,0,0,0,0,0,0,0,0,0,0,0,0,0,0,0,0,0,0,0,0,0,0,0,0,0,0,0,0,0,0,0,0,0,0,0,0,0,0,0,0,0,0,0,0,0,0,0,0,0,0,0,0,0,0,0,0,0,0,0,0,0,0,0,0,0,0,0,0,0,0,0,0,0,0,0,0,0,0,0,0,0,0,0,0,0,0,0,0,0,0,0,0,0,0,0,0,0,"[M+H]+",157.110464,"2-(Dimethylamino)ethyl methacrylate,Tranexamic acid"
"M157_R322_177",321.850451,157.14681,0,0,0,0,0,0,0,0,0,0,0,0,0,0,0,0,0,0,0,0,0,0,0,0,0,0,0,0,0,0,0,0,0,0,0,0,0,0,0,0,0,0,0,0,0,87060,0,0,0,64331,88033,0,0,0,0,0,0,0,93795,70036,72988,0,0,0,0,0,0,0,0,0,0,0,0,0,0,0,0,0,0,0,0,0,0,0,0,0,0,0,0,0,0,0,0,0,0,0,0,0,0,0,0,0,0,0,0,0,0,0,0,0,0,0,0,0,0,0,0,0,0,0,0,0,0,0,0,0,0,0,0,0,0,0,0,0,0,0,0,0,"[M+H]+",157.14681,"N,N-Dibutylformamide"
"M158_R337_180",337.440127,158.048278,0,0,0,0,0,0,0,0,0,0,0,0,0,0,0,0,0,0,0,0,0,0,110613,54328,87454,0,0,0,0,0,0,0,0,0,0,0,0,0,0,0,0,0,0,0,0,0,0,0,0,0,0,0,0,0,0,0,0,0,0,0,0,0,0,0,0,0,0,0,0,0,0,0,0,0,0,0,0,0,0,0,0,0,0,0,0,0,0,0,0,0,0,0,0,0,0,0,0,0,0,0,0,0,0,0,0,0,0,0,0,0,0,0,0,0,0,0,0,0,0,0,0,0,0,0,0,0,0,0,0,0,0,0,0,0,0,0,0,0,"[M+H]+",158.048278,"Allantoin,Saccharin-TP47"
"M158_R174_181",173.81393669122,158.057354,0,0,0,0,0,0,0,0,0,0,0,0,0,0,0,0,0,0,0,0,0,0,0,0,0,0,0,0,0,0,0,0,0,0,0,0,0,0,0,0,0,0,0,0,0,0,0,0,0,0,0,0,0,0,0,0,0,0,0,0,0,0,0,0,0,0,0,0,0,0,0,0,0,0,0,0,0,0,0,0,0,0,0,0,0,0,0,0,0,0,0,0,0,0,0,0,0,0,0,0,0,0,0,0,0,0,0,0,112009,80736,71871,0,0,0,0,0,0,0,0,0,63183,51933,61668,61758,67203,57537,0,0,0,0,0,0,177748,172004,78622,0,0,0,"[M-H]-",158.057354,"1-ethoxy-2,3-difluorobenzene,CANDESARTAN CILEXETIL-TP51,CANDESARTAN CILEXETIL-TP53,CANDESARTAN CILEXETIL-TP55,Clarithromycin-TP229,Poly(oxy-1,2-ethanediyl), .alpha.-hydro-.omega.-hydroxy-, ether with .alpha.-fluoro-.omega.-(2-hydroxyethyl)poly(difluoromethylene) (1_1)"
"M158_R228_182",228.351129,158.057921,0,0,0,0,0,0,0,0,0,0,0,0,0,0,0,0,0,0,0,0,0,0,0,0,0,0,0,0,0,0,0,0,0,0,0,0,0,0,0,0,0,0,0,0,0,0,0,0,0,0,0,0,0,0,80839,82738,94252,0,0,0,0,0,0,0,0,0,0,0,0,0,0,0,0,0,0,0,0,0,0,0,0,0,0,0,0,0,0,0,0,0,0,0,0,0,0,0,0,0,0,0,0,0,0,0,0,0,0,0,0,0,0,0,0,0,0,0,0,0,0,0,0,0,0,0,0,0,0,0,0,0,0,0,0,0,0,0,0,0,"[M+H]+",158.057921,"1-ethoxy-2,3-difluorobenzene,CANDESARTAN CILEXETIL-TP51,CANDESARTAN CILEXETIL-TP53,CANDESARTAN CILEXETIL-TP55,Clarithromycin-TP229,Poly(oxy-1,2-ethanediyl), .alpha.-hydro-.omega.-hydroxy-, ether with .alpha.-fluoro-.omega.-(2-hydroxyethyl)poly(difluoromethylene) (1_1)"
"M158_R350_183",349.727300724946,158.130216,0,0,0,0,0,0,0,0,0,0,0,0,0,0,0,0,0,0,0,0,0,0,0,0,0,0,0,0,0,0,0,0,0,0,0,0,0,0,0,0,0,0,0,0,0,0,0,0,0,0,0,0,0,0,0,0,0,0,0,0,0,0,0,0,0,0,0,0,0,0,0,0,0,0,0,0,0,0,0,0,0,0,0,0,0,0,0,0,0,0,0,0,0,0,0,0,0,0,0,0,0,0,0,0,0,0,0,0,0,0,0,0,0,0,96115,303752,566862,387420,107458,73296,282891,432806,372695,414490,357469,371403,0,260833,383037,343281,0,0,448712,476721,631066,551000,518402,398642,"[M-H]-",158.130216,"3,5,5-Trimethylhexanoic acid,Isononanoic acid"
"M160_R232_185",231.626324039527,160.073056,0,0,0,0,0,0,0,0,0,0,0,0,0,0,0,0,0,0,0,0,0,0,0,0,0,0,0,0,0,0,0,0,0,0,0,0,0,0,0,0,0,0,0,0,0,0,0,0,0,0,0,0,0,0,0,0,0,0,0,0,0,0,0,0,0,0,0,0,0,0,0,0,0,0,0,0,0,0,0,0,0,0,0,0,0,0,0,58979,56588,23732,0,0,0,0,0,0,0,0,0,0,0,0,0,0,0,0,0,0,0,0,0,0,0,0,0,0,0,0,0,0,0,0,0,59260,17481,51352,0,0,0,0,0,0,0,0,0,0,0,0,"[M-H]-",160.073056,"CANDESARTAN CILEXETIL-TP21,CANDESARTAN CILEXETIL-TP22,CANDESARTAN CILEXETIL-TP23,Clarithromycin-TP227,Clarithromycin-TP83,Dimethyl glutarate,Gemfibrozil-TP9,Hydralazine,Pimelic acid,Propane-1,2-diyl diacetate"
"M162_R271_187",271.040441,162.068113,0,0,0,0,0,0,0,0,0,112271,0,0,0,139924,136625,0,0,0,0,0,0,75320,0,0,0,79580,104924,37978,55429,84492,0,0,0,63416,0,0,0,82817,75999,0,0,0,0,0,0,72066,0,0,0,57657,59730,0,0,0,0,0,0,67919,0,0,0,71313,88843,0,0,0,0,0,0,0,0,0,0,0,0,0,0,0,0,0,0,0,0,0,0,0,0,0,0,0,0,0,0,0,0,0,0,0,0,0,0,0,0,0,0,0,0,0,0,0,0,0,0,0,0,0,0,0,0,0,0,0,0,0,0,0,0,0,0,0,0,0,0,0,0,0,0,0,"[M+H]+",162.068113,"2-Acetylacetophenone,5-allyl-1,3-benzodioxole,Rotigotine-TP7"
"M162_R324_188",323.592603,162.068172,0,0,0,0,0,0,0,0,0,0,0,0,0,0,0,0,0,0,0,0,0,0,148845,202294,54393,0,0,135112,87597,130769,0,0,0,0,0,0,0,0,0,0,0,0,0,0,0,0,0,0,0,0,0,0,0,0,0,0,0,0,0,0,0,0,0,0,0,0,0,0,0,0,0,0,0,0,0,0,0,0,0,0,0,0,0,0,0,0,0,0,0,0,0,0,0,0,0,0,0,0,0,0,0,0,0,0,0,0,0,0,0,0,0,0,0,0,0,0,0,0,0,0,0,0,0,0,0,0,0,0,0,0,0,0,0,0,0,0,0,0,"[M+H]+",162.068172,"2-Acetylacetophenone,5-allyl-1,3-benzodioxole,Rotigotine-TP7"
"M162_R429_189",429.233043,162.104409,76802,59229,56725,80467,62234,56662,70125,67794,58621,63977,78838,84590,77194,50341,68772,83521,65005,66483,82142,82091,83371,0,77991,81691,73059,0,0,0,0,0,0,0,0,61397,0,0,0,64459,52188,66476,78109,65975,57862,72321,63910,55255,0,0,0,56699,62576,65431,88307,69215,0,0,0,0,0,0,0,0,0,0,0,0,0,0,0,0,0,0,0,0,0,0,0,0,0,0,0,0,0,0,0,0,0,0,0,0,0,0,0,0,0,0,0,0,0,0,0,0,0,0,0,0,0,0,0,0,0,0,0,0,0,0,0,0,0,0,0,0,0,0,0,0,0,0,0,0,0,0,0,0,0,0,0,0,"[M+H]+",162.104409,"4-iso-Propylacetophenone"
"M163_R350_190",349.794124,163.063262,0,0,0,0,0,0,0,0,0,0,0,0,0,0,0,0,0,0,0,0,0,0,0,0,0,0,0,0,0,0,0,0,0,0,0,0,0,0,0,0,0,0,0,0,0,0,0,0,0,0,0,0,0,0,0,0,0,0,0,0,0,0,0,50486,71222,55550,0,0,0,0,0,0,0,0,0,0,0,0,0,0,0,0,0,0,0,0,0,0,0,0,0,0,0,0,0,0,0,0,0,0,0,0,0,0,0,0,0,0,0,0,0,0,0,0,0,0,0,0,0,0,0,0,0,0,0,0,0,0,0,0,0,0,0,0,0,0,0,0,"[M+H]+",163.063262,"(S)-2,3-dihydro-1H-indole-2-carboxylic acid"
"M165_R400_193",400.244314,165.115692,307038,271306,250819,0,0,0,0,0,0,495119,0,0,0,340723,411596,126930,254673,209341,220464,196598,128445,0,74010,93914,71092,0,0,119878,160971,174175,271580,352790,169617,485246,99600,108364,96489,597102,438677,312998,300989,283875,392752,442953,355825,234826,0,0,0,298286,235077,0,0,0,0,0,0,114196,0,0,0,133914,88284,0,0,0,0,0,0,0,0,0,0,0,0,0,0,0,0,0,0,0,0,0,0,0,0,0,0,0,0,0,0,0,0,0,0,0,0,0,0,0,0,0,0,0,0,0,0,0,0,0,0,0,0,0,0,0,0,0,0,0,0,0,0,0,0,0,0,0,0,0,0,0,0,0,0,0,"[M+H]+",165.115692,"3-[(1S)-1-(Dimethylamino)ethyl]phenol,3-cyano-3,5,5-trimethylcyclohexanone,3-diethylaminophenol,Ephedrine,Hordenine,Para-Methoxyamphetamine"
"M166_R207_195",206.939342309819,166.025984,0,0,0,0,0,0,0,0,0,0,0,0,0,0,0,0,0,0,0,0,0,0,0,0,0,0,0,0,0,0,0,0,0,0,0,0,0,0,0,0,0,0,0,0,0,0,0,0,0,0,0,0,0,0,0,0,0,0,0,0,0,0,0,0,0,0,0,0,0,0,0,0,187105,182538,118128,110386,99537,121921,57958,40370,29828,82106,52418,51930,135061,209628,150972,208154,198154,195374,0,0,0,0,0,0,162306,171343,239991,144488,96649,79439,0,109409,136280,98760,0,0,262518,253933,175938,123422,139065,87999,107578,0,0,0,43307,72092,61507,150272,129346,0,0,0,52734,0,0,0,58087,52136,149896,248088,255427,124535,101497,105350,"[M-H]-",166.025984,"Terephthalic acid"
"M166_R289_196",289.299083,166.062961,0,0,0,0,0,0,0,0,0,0,0,0,0,0,0,0,0,0,0,0,0,0,0,0,0,0,0,0,0,0,53156,51397,56460,0,0,0,0,0,0,62551,43739,30796,0,0,0,0,0,0,0,0,0,0,0,0,48067,30901,87292,0,0,0,0,0,0,0,0,0,0,0,0,0,0,0,0,0,0,0,0,0,0,0,0,0,0,0,0,0,0,0,0,0,0,0,0,0,0,0,0,0,0,0,0,0,0,0,0,0,0,0,0,0,0,0,0,0,0,0,0,0,0,0,0,0,0,0,0,0,0,0,0,0,0,0,0,0,0,0,0,0,"[M+H]+",166.062961,"1,2,3,6-tetrahydro-3-methylphthalic anhydride,3-Ethoxy-4-hydroxybenzaldehyde,Ethylparaben,MCPA-TP3,Venlafaxine HCl-TP22,Venlafaxine-d6-TP22"
"M166_R330_197",329.950671,166.06297,0,0,0,0,0,0,0,0,0,0,0,0,0,0,0,0,0,0,0,0,0,0,0,0,0,0,0,0,0,0,0,0,0,0,0,0,0,0,0,0,0,0,0,0,0,0,0,0,0,0,0,66879,83096,68746,51949,94252,106048,0,0,0,0,0,0,78032,67597,31145,0,0,0,0,0,0,0,0,0,0,0,0,0,0,0,0,0,0,0,0,0,0,0,0,0,0,0,0,0,0,0,0,0,0,0,0,0,0,0,0,0,0,0,0,0,0,0,0,0,0,0,0,0,0,0,0,0,0,0,0,0,0,0,0,0,0,0,0,0,0,0,0,"[M+H]+",166.06297,"1,2,3,6-tetrahydro-3-methylphthalic anhydride,3-Ethoxy-4-hydroxybenzaldehyde,Ethylparaben,MCPA-TP3,Venlafaxine HCl-TP22,Venlafaxine-d6-TP22"
"M166_R343_198",343.451127,166.099423,0,0,0,0,0,0,0,0,0,0,0,0,0,0,0,0,0,0,0,0,0,96207,0,0,0,78239,68928,101950,71478,76821,51256,74925,63271,0,0,0,0,0,0,0,0,0,53350,58863,56381,0,0,0,0,0,0,0,0,0,0,0,0,67090,0,0,0,72287,26694,100851,69700,64753,0,0,0,0,0,0,0,0,0,0,0,0,0,0,0,0,0,0,0,0,0,0,0,0,0,0,0,0,0,0,0,0,0,0,0,0,0,0,0,0,0,0,0,0,0,0,0,0,0,0,0,0,0,0,0,0,0,0,0,0,0,0,0,0,0,0,0,0,0,0,0,0,"[M+H]+",166.099423,"(2,2-Dimethoxyethyl)benzene,Cyromazine _ N-cyclopropyl-1,3,5-triazine-2,4,6-triamine,tert-Butylhydroquinone"
"M166_R387_199",386.523029,166.09954,0,0,0,0,0,0,0,0,0,0,0,0,0,0,0,0,0,0,0,0,0,0,0,0,0,0,0,0,0,0,0,0,0,0,57911,71373,63607,0,0,0,0,0,0,0,0,0,0,0,0,0,0,0,0,0,0,0,0,0,0,0,0,0,0,0,0,0,0,0,0,0,0,0,0,0,0,0,0,0,0,0,0,0,0,0,0,0,0,0,0,0,0,0,0,0,0,0,0,0,0,0,0,0,0,0,0,0,0,0,0,0,0,0,0,0,0,0,0,0,0,0,0,0,0,0,0,0,0,0,0,0,0,0,0,0,0,0,0,0,"[M+H]+",166.09954,"(2,2-Dimethoxyethyl)benzene,Cyromazine _ N-cyclopropyl-1,3,5-triazine-2,4,6-triamine,tert-Butylhydroquinone"
"M167_R327_203",327.21194,167.050367,0,0,0,0,0,0,53632,63545,93006,70420,0,0,0,77712,83733,0,0,0,0,0,0,59499,0,0,0,99220,82729,0,0,0,0,0,0,93832,0,0,0,109753,99392,0,0,0,0,0,0,78383,0,0,0,106594,68123,0,0,0,0,0,0,81516,0,0,0,57705,64311,113188,139025,82057,79281,81438,80637,0,0,0,0,0,0,0,0,0,0,0,0,0,0,0,0,0,0,0,0,0,0,0,0,0,0,0,0,0,0,0,0,0,0,0,0,0,0,0,0,0,0,0,0,0,0,0,0,0,0,0,0,0,0,0,0,0,0,0,0,0,0,0,0,0,0,0,0,0,"[M+H]+",167.050367,"Sodium 2-(2-aminoethylamino)ethanesulfonate"
"M168_R296_204",295.534585,168.078635,0,0,0,0,0,0,0,0,0,0,66357,80048,101577,0,0,0,0,0,48836,45896,99583,0,0,0,0,0,0,22177,40982,55281,0,0,0,0,0,0,0,0,0,70338,50640,98212,50464,49850,50099,0,0,0,0,0,0,0,0,0,34848,85827,63495,0,64030,78314,47760,0,0,87674,71458,45447,0,0,0,0,0,0,0,0,0,0,0,0,0,0,0,0,0,0,0,0,0,0,0,0,0,0,0,0,0,0,0,0,0,0,0,0,0,0,0,0,0,0,0,0,0,0,0,0,0,0,0,0,0,0,0,0,0,0,0,0,0,0,0,0,0,0,0,0,0,0,0,0,"[M+H]+",168.078635,"Clofibric acid-TP22,Hexahydro-3-methylphthalic anhydride,Hexahydro-4-methylphthalic anhydride,Hexahydromethylphthalic anhydride,Isoproturon-TP13"
"M169_R270_205",269.501255,169.110198,0,0,0,0,0,0,0,0,0,51295,0,0,0,135883,58885,48380,57689,58546,0,0,0,0,0,0,0,0,0,0,0,0,0,0,0,124812,0,0,0,173642,149090,0,0,0,0,0,0,129236,0,0,0,90976,142425,0,0,0,0,0,0,118273,0,0,0,112318,83532,0,0,0,0,0,0,0,0,0,0,0,0,0,0,0,0,0,0,0,0,0,0,0,0,0,0,0,0,0,0,0,0,0,0,0,0,0,0,0,0,0,0,0,0,0,0,0,0,0,0,0,0,0,0,0,0,0,0,0,0,0,0,0,0,0,0,0,0,0,0,0,0,0,0,0,"[M+H]+",169.110198,"Aceclidine"
"M169_R250_206",250.456195,169.110214,0,0,0,0,0,0,0,0,0,65488,0,0,0,70079,63303,0,0,0,0,0,0,0,0,0,0,0,0,0,0,0,0,0,0,38990,0,0,0,53032,48675,0,0,0,0,0,0,46285,0,0,0,91894,42306,0,0,0,0,0,0,0,0,0,0,0,0,0,0,0,0,0,0,0,0,0,0,0,0,0,0,0,0,0,0,0,0,0,0,0,0,0,0,0,0,0,0,0,0,0,0,0,0,0,0,0,0,0,0,0,0,0,0,0,0,0,0,0,0,0,0,0,0,0,0,0,0,0,0,0,0,0,0,0,0,0,0,0,0,0,0,0,"[M+H]+",169.110214,"Aceclidine"
"M169_R262_207",261.786275,169.110243,110676,147301,143970,0,0,0,0,0,0,65741,0,0,0,81734,57816,0,0,0,0,0,0,161352,0,0,0,64066,108883,0,0,0,0,0,0,93588,0,0,0,92784,103503,0,0,0,0,0,0,201569,0,0,0,100104,101022,0,0,0,0,0,0,105422,0,0,0,138564,85100,0,0,0,0,0,0,0,0,0,0,0,0,0,0,0,0,0,0,0,0,0,0,0,0,0,0,0,0,0,0,0,0,0,0,0,0,0,0,0,0,0,0,0,0,0,0,0,0,0,0,0,0,0,0,0,0,0,0,0,0,0,0,0,0,0,0,0,0,0,0,0,0,0,0,0,"[M+H]+",169.110243,"Aceclidine"
"M169_R313_208",312.510307,169.110302,0,0,0,0,0,0,0,0,0,0,0,0,0,0,0,0,0,0,0,0,0,0,0,0,0,0,0,69961,53900,54381,0,0,0,0,0,0,0,0,0,144502,135873,99039,61819,92623,87526,0,0,0,0,0,0,0,0,0,0,0,0,76353,0,0,0,86391,101961,0,0,0,0,0,0,0,0,0,0,0,0,0,0,0,0,0,0,0,0,0,0,0,0,0,0,0,0,0,0,0,0,0,0,0,0,0,0,0,0,0,0,0,0,0,0,0,0,0,0,0,0,0,0,0,0,0,0,0,0,0,0,0,0,0,0,0,0,0,0,0,0,0,0,0,"[M+H]+",169.110302,"Aceclidine"
"M170_R292_210",292.376198,170.057844,0,0,0,0,0,0,0,0,0,0,0,0,0,0,0,0,0,0,0,0,0,0,0,0,0,0,0,0,0,0,0,0,0,0,0,0,0,0,0,0,0,0,0,0,0,0,0,0,0,0,0,0,0,0,0,0,0,0,0,0,0,0,0,89811,112539,56894,0,0,0,0,0,0,0,0,0,0,0,0,0,0,0,0,0,0,0,0,0,0,0,0,0,0,0,0,0,0,0,0,0,0,0,0,0,0,0,0,0,0,0,0,0,0,0,0,0,0,0,0,0,0,0,0,0,0,0,0,0,0,0,0,0,0,0,0,0,0,0,0,"[M+H]+",170.057844,"DEET-TP16,DEET-TP47,Ethylene acrylate,Gemfibrozil-TP11,Gemfibrozil-TP14,Gemfibrozil-TP19,Gemfibrozil-TP20,Penicillic acid"
"M170_R324_211",324.218211945933,170.093379,0,0,0,0,0,0,0,0,0,0,0,0,0,0,0,0,0,0,0,0,0,0,0,0,0,0,0,0,0,0,0,0,0,0,0,0,0,0,0,0,0,0,0,0,0,0,0,0,0,0,0,0,0,0,0,0,0,0,0,0,0,0,0,0,0,0,0,0,0,0,0,0,0,0,0,0,0,0,0,0,0,0,0,0,0,0,0,0,0,0,0,0,0,0,0,0,93001,74593,55563,0,0,0,0,0,0,0,0,0,0,0,0,0,0,0,0,0,0,0,0,0,0,0,0,0,0,0,0,0,0,0,0,0,0,0,0,0,0,0,"[M-H]-",170.093379,"1-Benzylpyridinium,Gabapentin-TP1,Tetrahydrofurfuryl methacrylate"
"M170_R339_212",338.944760803635,170.093538,0,0,0,0,0,0,0,0,0,0,0,0,0,0,0,0,0,0,0,0,0,0,0,0,0,0,0,0,0,0,0,0,0,0,0,0,0,0,0,0,0,0,0,0,0,0,0,0,0,0,0,0,0,0,0,0,0,0,0,0,0,0,0,0,0,0,0,0,0,0,0,0,102363,162171,139037,0,0,0,0,0,0,0,0,0,0,0,0,83643,75803,77051,0,0,0,0,0,0,69655,68072,67197,0,0,0,0,0,0,0,0,0,0,0,0,0,0,0,0,0,0,0,0,0,0,0,0,0,0,0,0,0,0,0,0,0,0,0,0,0,0,0,"[M-H]-",170.093538,"1-Benzylpyridinium,Gabapentin-TP1,Tetrahydrofurfuryl methacrylate"
"M171_R188_213",187.708010645735,171.01161,0,0,0,0,0,0,0,0,0,0,0,0,0,0,0,0,0,0,0,0,0,0,0,0,0,0,0,0,0,0,0,0,0,0,0,0,0,0,0,0,0,0,0,0,0,0,0,0,0,0,0,0,0,0,0,0,0,0,0,0,0,0,0,0,0,0,0,0,0,0,0,0,0,0,0,58336,105944,65553,0,0,0,0,0,0,0,0,0,0,0,0,0,77361,64644,132769,0,0,0,0,0,0,0,0,0,0,0,0,0,0,0,0,0,0,0,0,0,0,0,0,0,0,0,0,0,0,0,0,0,0,0,0,0,0,0,0,0,0,0,0,"[M-H]-",171.01161,"2-chloro-4-nitrotoluene,Diuron-TP10,Diuron-TP8,Linuron-TP10,Linuron-TP8,Neburon-TP10,Neburon-TP13"
"M171_R268_215",268.07891,171.125869,46582,49317,46236,0,0,0,0,0,0,0,0,0,0,0,0,0,0,0,0,0,0,0,0,0,0,0,0,0,0,0,0,0,0,0,0,0,0,0,0,0,0,0,0,0,0,0,0,0,0,0,0,0,0,0,0,0,0,0,0,0,0,0,0,0,0,0,0,0,0,0,0,0,0,0,0,0,0,0,0,0,0,0,0,0,0,0,0,0,0,0,0,0,0,0,0,0,0,0,0,0,0,0,0,0,0,0,0,0,0,0,0,0,0,0,0,0,0,0,0,0,0,0,0,0,0,0,0,0,0,0,0,0,0,0,0,0,0,0,"[M+H]+",171.125869,"2,2,6,6-tetramethyl-4-oxopiperidinooxy,2,2-Dimethyl-3-(morpholin-4-yl)propanal,Gabapentin"
"M171_R341_216",340.833482,171.125943,0,0,0,0,0,0,0,0,0,0,0,0,0,0,0,0,0,0,0,0,0,0,0,0,0,0,0,0,0,0,0,0,0,0,0,0,0,0,0,0,0,0,0,0,0,0,0,0,0,0,0,0,0,0,0,0,0,0,0,0,0,0,0,116392,165870,138879,133598,84132,75728,0,0,0,0,0,0,0,0,0,0,0,0,0,0,0,0,0,0,0,0,0,0,0,0,0,0,0,0,0,0,0,0,0,0,0,0,0,0,0,0,0,0,0,0,0,0,0,0,0,0,0,0,0,0,0,0,0,0,0,0,0,0,0,0,0,0,0,0,0,"[M+H]+",171.125943,"2,2,6,6-tetramethyl-4-oxopiperidinooxy,2,2-Dimethyl-3-(morpholin-4-yl)propanal,Gabapentin"
"M171_R355_217",354.836373,171.162332,0,0,0,0,0,0,0,0,0,0,0,0,0,0,0,0,0,0,0,0,0,0,0,0,0,0,0,0,0,0,0,0,0,0,0,0,0,0,0,0,0,0,0,0,0,0,0,0,0,0,0,0,0,0,0,0,0,0,0,0,0,0,0,840016,818663,809175,0,0,0,0,0,0,0,0,0,0,0,0,0,0,0,0,0,0,0,0,0,0,0,0,0,0,0,0,0,0,0,0,0,0,0,0,0,0,0,0,0,0,0,0,0,0,0,0,0,0,0,0,0,0,0,0,0,0,0,0,0,0,0,0,0,0,0,0,0,0,0,0,"[M+H]+",171.162332,"1,2,2,6,6-pentamethylpiperidin-4-ol"
"M172_R185_218",184.796648993369,172.018805,0,0,0,0,0,0,0,0,0,0,0,0,0,0,0,0,0,0,0,0,0,0,0,0,0,0,0,0,0,0,0,0,0,0,0,0,0,0,0,0,0,0,0,0,0,0,0,0,0,0,0,0,0,0,0,0,0,0,0,0,0,0,0,0,0,0,0,0,0,0,0,0,0,0,0,0,0,0,0,0,0,0,0,0,0,0,0,0,0,0,0,0,0,0,0,0,0,0,0,0,0,0,0,52543,65834,63023,0,0,0,0,0,0,0,0,0,0,0,0,0,0,0,0,0,0,0,0,0,0,0,0,0,0,0,0,0,0,0,0,"[M-H]-",172.018805,"p-Toluenesulfonic acid"
"M172_R184_221",183.944879338381,172.072767,0,0,0,0,0,0,0,0,0,0,0,0,0,0,0,0,0,0,0,0,0,0,0,0,0,0,0,0,0,0,0,0,0,0,0,0,0,0,0,0,0,0,0,0,0,0,0,0,0,0,0,0,0,0,0,0,0,0,0,0,0,0,0,0,0,0,0,0,0,0,0,0,93298,77253,62678,67254,85942,73259,0,0,0,0,0,0,0,0,0,0,0,0,0,0,0,0,0,0,0,0,0,0,0,0,0,0,0,0,0,0,0,0,0,0,0,0,0,0,0,0,0,0,0,0,0,0,0,0,0,0,0,0,0,0,0,0,0,0,0,0,"[M-H]-",172.072767,"Clarithromycin-TP44,DEET-TP48,Diethyl (2E)-but-2-enedioate"
"M172_R250_222",249.98943705933,172.072884,0,0,0,0,0,0,0,0,0,0,0,0,0,0,0,0,0,0,0,0,0,0,0,0,0,0,0,0,0,0,0,0,0,0,0,0,0,0,0,0,0,0,0,0,0,0,0,0,0,0,0,0,0,0,0,0,0,0,0,0,0,0,0,0,0,0,0,0,0,0,0,0,0,0,0,0,0,0,0,105614,90417,134000,0,0,104805,110898,101133,0,0,0,0,0,0,0,0,0,0,0,0,0,0,0,0,138005,113284,95495,0,0,131714,71868,129080,0,0,0,0,0,0,0,0,0,0,0,0,0,0,0,54049,85496,75040,102462,234568,98479,115720,72134,122927,0,0,0,"[M-H]-",172.072884,"Clarithromycin-TP44,DEET-TP48,Diethyl (2E)-but-2-enedioate"
"M172_R363_224",362.656577844523,172.145627,0,0,0,0,0,0,0,0,0,0,0,0,0,0,0,0,0,0,0,0,0,0,0,0,0,0,0,0,0,0,0,0,0,0,0,0,0,0,0,0,0,0,0,0,0,0,0,0,0,0,0,0,0,0,0,0,0,0,0,0,0,0,0,0,0,0,0,0,0,104272,118670,100962,50241,53913,109206,139121,118901,124333,128849,0,0,0,72338,109716,70343,82590,54430,96398,104537,80010,113806,0,0,0,146231,148168,245614,201695,217071,184010,193808,124563,96037,0,0,0,82348,96282,51621,129567,206767,154410,122656,142899,54107,32864,48537,49285,94642,56404,58304,42884,66151,0,0,0,123393,56312,61547,46706,119785,111462,118351,152570,117012,132653,120262,135573,"[M-H]-",172.145627,"7-Hydroxy-3,7-dimethyloctanal,A mixture of_ cis-tetrahydro-2-isobutyl-4-methylpyran-4-ol; trans-tetrahydro-2-isobutyl-4-methylpyran-4-ol,Citriodiol _ Mixture of cis- and trans-p-menthane-3,8 diol,Decanoic acid,Lithium neodecanoate,Zinc neodecanoate"
"M172_R355_225",354.92747,172.165602,0,0,0,0,0,0,0,0,0,0,0,0,0,0,0,0,0,0,0,0,0,0,0,0,0,0,0,0,0,0,0,0,0,0,0,0,0,0,0,0,0,0,0,0,0,0,96668,115046,59287,0,0,66571,103011,96732,0,0,0,0,0,0,0,0,0,110425,104187,128897,126778,127496,99263,0,0,0,0,0,0,0,0,0,0,0,0,0,0,0,0,0,0,0,0,0,0,0,0,0,0,0,0,0,0,0,0,0,0,0,0,0,0,0,0,0,0,0,0,0,0,0,0,0,0,0,0,0,0,0,0,0,0,0,0,0,0,0,0,0,0,0,0,0,"[M+H]+",172.165602,"1,4,7,10-tetraazacyclododecane"
"M174_R269_229",268.609170780164,174.088431,0,0,0,0,0,0,0,0,0,0,0,0,0,0,0,0,0,0,0,0,0,0,0,0,0,0,0,0,0,0,0,0,0,0,0,0,0,0,0,0,0,0,0,0,0,0,0,0,0,0,0,0,0,0,0,0,0,0,0,0,0,0,0,0,0,0,0,0,0,0,0,0,0,0,0,0,0,0,0,0,0,0,0,0,0,0,0,68030,74573,76701,0,0,0,0,0,0,0,0,0,0,0,0,0,0,0,0,0,0,48858,54820,24814,0,0,0,0,0,0,0,0,0,0,0,0,0,0,0,0,0,0,0,0,0,0,0,0,0,0,0,"[M-H]-",174.088431,"1,3-Dioxolane-2-acetic acid, 2-methyl-, ethyl ester,Bisisobutyryl peroxide,Clarithromycin-TP12,Clarithromycin-TP43,Dimethoxane,Dimethyl adipate,Hydroxyethylated 2-butyne-1,4-diol"
"M174_R220_230",219.854927,174.089189,65107,73227,66205,0,0,0,0,0,0,74401,0,0,0,91384,70724,0,0,0,0,0,0,0,0,0,0,0,0,0,0,0,0,0,0,51104,0,0,0,57357,61883,0,0,0,0,0,0,0,0,0,0,0,0,0,0,0,0,0,0,0,0,0,0,0,0,0,0,0,0,0,0,0,0,0,0,0,0,0,0,0,0,0,0,0,0,0,0,0,0,0,0,0,0,0,0,0,0,0,0,0,0,0,0,0,0,0,0,0,0,0,0,0,0,0,0,0,0,0,0,0,0,0,0,0,0,0,0,0,0,0,0,0,0,0,0,0,0,0,0,0,"[M+H]+",174.089189,"1,3-Dioxolane-2-acetic acid, 2-methyl-, ethyl ester,Bisisobutyryl peroxide,Clarithromycin-TP12,Clarithromycin-TP43,Dimethoxane,Dimethyl adipate,Hydroxyethylated 2-butyne-1,4-diol"
"M174_R295_231",295.239278,174.115789,214502,213529,164017,101790,123048,102339,131330,196141,200339,190526,0,0,0,255290,330189,124277,153952,146732,172940,95317,58698,349776,0,0,0,350960,243723,206340,155748,400148,215689,299359,119726,468215,0,0,0,689373,556252,512441,482403,558092,393005,408705,490607,389610,0,0,0,293395,356658,167823,70865,217045,183528,139005,195390,53836,0,0,0,83063,92231,79805,119380,69431,0,0,0,0,0,0,0,0,0,0,0,0,0,0,0,0,0,0,0,0,0,0,0,0,0,0,0,0,0,0,0,0,0,0,0,0,0,0,0,0,0,0,0,0,0,0,0,0,0,0,0,0,0,0,0,0,0,0,0,0,0,0,0,0,0,0,0,0,0,0,0,0,"[M+H]+",174.115789,"AMT,Adipic acid dihydrazide,L-Arginine,N-methyltryptamine NMT"
"M176_R372_237",371.570093,175.982198,0,0,0,0,0,0,67303,86614,81301,0,98331,69867,88515,0,0,0,0,0,0,0,0,0,135293,120212,102885,0,0,0,0,0,0,0,0,0,119061,96214,124147,0,0,0,0,0,0,0,0,0,85384,80499,108104,0,0,0,0,0,0,0,0,0,89553,94683,82443,0,0,0,0,0,0,0,0,0,0,0,0,0,0,0,0,0,0,0,0,0,0,0,0,0,0,0,0,0,0,0,0,0,0,0,0,0,0,0,0,0,0,0,0,0,0,0,0,0,0,0,0,0,0,0,0,0,0,0,0,0,0,0,0,0,0,0,0,0,0,0,0,0,0,0,0,0,"[M+H]+",175.982198,"2,4-Dichloroanisole,2,6-Dichloroanisole"
"M176_R226_239",225.719799,176.104964,0,0,0,67828,52546,55000,0,0,0,0,50646,69022,81677,0,0,0,0,0,79621,81005,153988,0,0,0,0,0,0,0,0,0,0,0,0,0,0,0,0,0,0,0,0,0,59930,85141,85697,0,0,0,0,0,0,0,0,0,0,0,0,0,231558,62023,160012,0,0,0,0,0,0,0,0,0,0,0,0,0,0,0,0,0,0,0,0,0,0,0,0,0,0,0,0,0,0,0,0,0,0,0,0,0,0,0,0,0,0,0,0,0,0,0,0,0,0,0,0,0,0,0,0,0,0,0,0,0,0,0,0,0,0,0,0,0,0,0,0,0,0,0,0,0,"[M+H]+",176.104964,"Clarithromycin-TP10,Clarithromycin-TP355,Clarithromycin-TP360,Metaldehyde"
"M176_R267_240",267.069633,176.105018,0,0,0,0,0,0,0,0,0,0,0,0,0,0,0,0,0,0,0,0,0,0,0,0,0,0,0,0,0,0,0,0,0,0,0,0,0,0,0,0,0,0,0,0,0,0,0,0,0,0,0,0,0,0,0,0,0,0,214922,89944,95851,0,0,0,0,0,0,0,0,0,0,0,0,0,0,0,0,0,0,0,0,0,0,0,0,0,0,0,0,0,0,0,0,0,0,0,0,0,0,0,0,0,0,0,0,0,0,0,0,0,0,0,0,0,0,0,0,0,0,0,0,0,0,0,0,0,0,0,0,0,0,0,0,0,0,0,0,0,"[M+H]+",176.105018,"Clarithromycin-TP10,Clarithromycin-TP355,Clarithromycin-TP360,Metaldehyde"
"M176_R249_241",249.390788,176.105063,0,0,0,70032,66195,62401,115603,64486,78452,0,151153,171940,191952,0,0,181342,83294,90790,70270,81163,159836,0,0,0,0,0,0,0,0,0,0,0,0,0,59548,130070,96215,0,0,53945,85687,67103,64013,107858,104775,0,0,0,0,0,0,0,0,0,0,0,0,0,469041,193742,373186,0,0,0,0,0,0,0,0,0,0,0,0,0,0,0,0,0,0,0,0,0,0,0,0,0,0,0,0,0,0,0,0,0,0,0,0,0,0,0,0,0,0,0,0,0,0,0,0,0,0,0,0,0,0,0,0,0,0,0,0,0,0,0,0,0,0,0,0,0,0,0,0,0,0,0,0,0,"[M+H]+",176.105063,"Clarithromycin-TP10,Clarithromycin-TP355,Clarithromycin-TP360,Metaldehyde"
"M178_R363_243",362.688324062488,178.098764,0,0,0,0,0,0,0,0,0,0,0,0,0,0,0,0,0,0,0,0,0,0,0,0,0,0,0,0,0,0,0,0,0,0,0,0,0,0,0,0,0,0,0,0,0,0,0,0,0,0,0,0,0,0,0,0,0,0,0,0,0,0,0,0,0,0,0,0,0,0,0,0,0,0,0,0,0,0,0,0,0,0,0,0,0,0,0,0,0,0,0,0,0,0,0,0,0,0,0,79138,55936,51226,0,0,0,0,0,0,0,0,0,0,0,0,0,0,0,0,0,0,0,0,0,0,0,0,0,0,0,0,0,0,0,0,0,0,0,0,"[M-H]-",178.098764,"4-tert-butylbenzoic acid,Bezafibrate-1-TP32,Bezafibrate-TP32,Triethoxy(methyl)silane,Trimethoxy(2-methylpropyl)silane"
"M179_R320_244",319.696008,179.058397,0,0,0,0,0,0,0,0,0,0,115383,115411,135882,0,0,0,0,0,0,0,0,0,178447,168860,91471,0,0,0,0,0,0,0,0,0,76789,97964,110851,0,0,0,0,0,0,0,0,0,75250,70270,80047,0,0,0,0,0,0,0,0,0,75961,94398,86201,0,0,0,0,0,0,0,0,0,0,0,0,0,0,0,0,0,0,0,0,0,0,0,0,0,0,0,0,0,0,0,0,0,0,0,0,0,0,0,0,0,0,0,0,0,0,0,0,0,0,0,0,0,0,0,0,0,0,0,0,0,0,0,0,0,0,0,0,0,0,0,0,0,0,0,0,0,"[M+H]+",179.058397,"Cyclamate"
"M179_R376_245",376.184485,179.073428,78765,55359,82068,0,0,0,0,0,0,97755,0,0,0,97392,92189,0,0,0,0,0,0,86578,0,0,0,81459,58814,0,0,0,0,0,0,159876,0,0,0,150689,144531,81459,99956,75149,75490,86034,90049,117734,0,0,0,147406,71201,0,0,0,0,0,0,0,0,0,0,0,0,0,0,0,179292,120822,167935,0,0,0,0,0,0,0,0,0,0,0,0,0,0,0,0,0,0,0,0,0,0,0,0,0,0,0,0,0,0,0,0,0,0,0,0,0,0,0,0,0,0,0,0,0,0,0,0,0,0,0,0,0,0,0,0,0,0,0,0,0,0,0,0,0,0,0,0,0,"[M+H]+",179.073428,"Acridine"
"M179_R344_246",343.563316,179.16766,0,0,0,0,0,0,0,0,0,0,87368,60726,57457,0,0,0,0,0,0,0,0,0,0,0,0,0,0,0,0,0,0,0,0,0,0,0,0,0,0,0,0,0,0,0,0,0,96825,117783,89994,0,0,107729,86214,80624,0,0,0,0,0,0,0,0,0,0,0,0,0,0,0,0,0,0,0,0,0,0,0,0,0,0,0,0,0,0,0,0,0,0,0,0,0,0,0,0,0,0,0,0,0,0,0,0,0,0,0,0,0,0,0,0,0,0,0,0,0,0,0,0,0,0,0,0,0,0,0,0,0,0,0,0,0,0,0,0,0,0,0,0,"[M+H]+",179.16766,"N,N-dimethyl-1-adamantanamine"
"M180_R242_247",242.293438,180.064741,0,0,0,0,0,0,0,0,0,0,53544,58223,56725,0,0,0,0,0,0,0,0,0,74393,90163,63656,0,0,0,0,0,0,0,0,0,88410,80266,71358,0,0,0,0,0,0,0,0,0,0,0,0,0,0,0,0,0,0,0,0,0,0,0,0,0,0,0,0,0,0,0,0,0,0,0,0,0,0,0,0,0,0,0,0,0,0,0,0,0,0,0,0,0,0,0,0,0,0,0,0,0,0,0,0,0,0,0,0,0,0,0,0,0,0,0,0,0,0,0,0,0,0,0,0,0,0,0,0,0,0,0,0,0,0,0,0,0,0,0,0,0,"[M+H]+",180.064741,"1,10-Phenanthroline,1,7-Dimethylxanthine,Caffeine-TP1,Caffeine-TP2,Caffeine-TP3,Theobromine,Theophylline"
"M181_R229_252",228.994312,181.042254,62468,55224,61445,0,0,0,0,0,0,0,0,0,0,0,0,0,0,0,0,0,0,68584,0,0,0,53760,64730,0,0,0,0,0,0,80885,0,0,0,106135,77037,0,0,0,0,0,0,0,0,0,0,0,0,0,0,0,0,0,0,64377,0,0,0,54575,82876,0,0,0,0,0,0,0,0,0,0,0,0,0,0,0,0,0,0,0,0,0,0,0,0,0,0,0,0,0,0,0,0,0,0,0,0,0,0,0,0,0,0,0,0,0,0,0,0,0,0,0,0,0,0,0,0,0,0,0,0,0,0,0,0,0,0,0,0,0,0,0,0,0,0,0,"[M+H]+",181.042254,"Acamprosate"
"M181_R283_253",282.879154,181.110406,0,0,0,55685,72739,52613,66347,67845,61520,0,0,0,0,0,0,0,0,0,0,0,0,0,0,0,0,0,0,0,0,0,0,0,0,0,0,0,0,0,0,0,0,0,0,0,0,0,0,0,0,0,0,0,0,0,0,0,0,0,0,0,0,0,0,0,0,0,0,0,0,0,0,0,0,0,0,0,0,0,0,0,0,0,0,0,0,0,0,0,0,0,0,0,0,0,0,0,0,0,0,0,0,0,0,0,0,0,0,0,0,0,0,0,0,0,0,0,0,0,0,0,0,0,0,0,0,0,0,0,0,0,0,0,0,0,0,0,0,0,"[M+H]+",181.110406,"3,4-Dimethoxyphenethylamine,Etilefrine"
"M181_R323_255",322.715141,181.18308,0,0,0,0,0,0,71172,57087,53742,0,0,0,0,0,0,0,0,0,0,0,0,0,0,0,0,0,0,0,0,0,0,0,0,0,0,0,0,0,0,0,0,0,0,0,0,108474,0,0,0,66248,69801,0,0,0,0,0,0,74941,0,0,0,65597,67249,68389,53199,58855,0,0,0,0,0,0,0,0,0,0,0,0,0,0,0,0,0,0,0,0,0,0,0,0,0,0,0,0,0,0,0,0,0,0,0,0,0,0,0,0,0,0,0,0,0,0,0,0,0,0,0,0,0,0,0,0,0,0,0,0,0,0,0,0,0,0,0,0,0,0,0,0,"[M+H]+",181.18308,"Dicyclohexylamin"
"M182_R305_256",305.406572,182.070677,0,0,0,0,0,0,0,0,0,0,74115,58360,52971,0,0,0,0,0,0,0,0,62393,107288,136994,91303,64507,59613,85081,67597,100595,0,0,0,0,54558,68280,61156,0,0,66134,67972,57238,0,0,0,0,0,0,0,0,0,0,0,0,0,0,0,0,0,0,0,0,0,0,0,0,0,0,0,0,0,0,0,0,0,0,0,0,0,0,0,0,0,0,0,0,0,0,0,0,0,0,0,0,0,0,0,0,0,0,0,0,0,0,0,0,0,0,0,0,0,0,0,0,0,0,0,0,0,0,0,0,0,0,0,0,0,0,0,0,0,0,0,0,0,0,0,0,"[M+H]+",182.070677,"4-Nitro-2,3,5-trimethylpyridin, 1-oxid,Benzophenone,Triethyl phosphate,Tris(3-chloropropyl) phosphate-TP27"
"M183_R344_259",343.81148,183.162324,75720,64347,69139,0,0,0,0,0,0,0,0,0,0,0,0,0,0,0,0,0,0,0,105897,109276,106318,0,0,0,0,0,0,0,0,59313,95614,101746,112302,99208,72209,0,0,0,0,0,0,0,0,0,0,0,0,0,0,0,0,0,0,0,65135,68152,69118,0,0,0,0,0,0,0,0,0,0,0,0,0,0,0,0,0,0,0,0,0,0,0,0,0,0,0,0,0,0,0,0,0,0,0,0,0,0,0,0,0,0,0,0,0,0,0,0,0,0,0,0,0,0,0,0,0,0,0,0,0,0,0,0,0,0,0,0,0,0,0,0,0,0,0,0,0,"[M+H]+",183.162324,"N-(1,1,3,3-tetramethylbutyl)acrylamide"
"M184_R247_260",247.002651,184.044868,0,0,0,0,0,0,0,0,0,0,101131,101208,71668,0,0,0,0,0,0,0,0,0,264408,239559,225713,0,0,0,0,0,0,0,0,0,135247,157978,150068,0,0,0,0,0,0,0,0,0,160775,108927,171360,0,0,0,0,0,0,0,0,0,133971,91787,109438,0,0,71498,83106,75694,0,0,0,0,0,0,0,0,0,0,0,0,0,0,0,0,0,0,0,0,0,0,0,0,0,0,0,0,0,0,0,0,0,0,0,0,0,0,0,0,0,0,0,0,0,0,0,0,0,0,0,0,0,0,0,0,0,0,0,0,0,0,0,0,0,0,0,0,0,0,0,0,"[M+H]+",184.044868,"2-(para-Chlorphenyl)-glycinamid,Diuron-TP11,Diuron-TP9,Imidacloprid-TP32,Neburon-TP12,Neburon-TP15,Thiacloprid-TP28"
"M184_R373_264",372.948396960155,184.145844,0,0,0,0,0,0,0,0,0,0,0,0,0,0,0,0,0,0,0,0,0,0,0,0,0,0,0,0,0,0,0,0,0,0,0,0,0,0,0,0,0,0,0,0,0,0,0,0,0,0,0,0,0,0,120726,82765,94418,0,0,0,0,0,0,101004,93817,95038,97893,100835,84116,0,0,0,0,0,0,0,0,0,0,0,0,0,0,0,0,0,0,0,0,0,50820,0,0,0,75667,52175,64914,53270,65406,0,0,0,0,0,0,0,0,0,0,0,0,0,0,0,0,0,0,0,0,0,0,0,0,0,0,0,0,0,0,0,0,0,0,0,0,0,0,0,"[M+H]+,[M-H]-",184.145844,"2,2-di(tetrahydrofuryl)propane,2-Ethylhexyl acrylate,5-Heptyldihydro-2(3H)-furanone"
"M185_R280_266",280.435174985215,185.1047715,98850,132319,111299,1755690,845561,578760,1453445,1386353,790410,72859,505116,429461,544209,141483,165108,681908,1004033,650242,534803,611029,484562,0,229354,300773,98970,0,0,427747,310273,699711,295568,466897,166612,70457,52940,182733,222377,87562,73674,448361,431272,405948,180182,158805,252126,92711,78512,60457,138735,82281,66566,393405,260989,400268,409541,284460,492887,0,200948,106067,99301,0,0,263168,311119,425115,229631,260817,299793,0,0,0,417543,228853,208336,423433,331805,347199,56153,146571,112312,95481,54997,63529,189732,155121,194677,180446,258785,171560,0,75286,81766,50558,0,0,133726,75395,266807,102631,138202,70860,0,0,0,0,0,0,166597,141169,162027,104000,88009,88622,0,0,0,0,0,0,106552,135081,165858,114467,111038,123264,0,0,0,0,0,0,118361,104629,140573,84482,72253,68961,"[M+H]+,[M-H]-",185.1047715,"Ecgonine,N-(dimethylvinylsilyl)-1,1-dimethyl-1-vinylsilylamine"
"M185_R317_267",316.652177759585,185.1047835,0,0,0,0,0,0,0,0,0,0,0,0,0,0,0,0,0,0,0,0,0,0,0,0,0,0,0,0,0,0,0,0,0,0,0,0,0,0,0,0,0,0,0,0,0,0,0,0,0,0,0,59550,151400,100791,112049,120218,111566,0,0,0,0,0,0,0,0,0,0,0,0,0,0,0,0,0,0,0,0,0,0,0,0,0,0,0,0,0,0,0,0,0,0,0,0,0,0,0,0,0,0,0,0,0,0,0,0,0,0,0,0,0,0,0,0,0,0,0,0,0,0,0,67019,101625,112066,71654,71449,89248,0,0,0,0,0,0,0,0,0,0,0,0,"[M+H]+,[M-H]-",185.1047835,"Ecgonine,N-(dimethylvinylsilyl)-1,1-dimethyl-1-vinylsilylamine"
"M185_R298_268",297.570791,185.105124,0,0,0,58200,202311,128830,0,0,0,0,54176,67032,35801,0,0,91293,25614,51602,0,0,0,73120,105880,54203,78236,54293,100779,130550,140398,99017,111138,64114,90107,71161,0,0,0,117918,102849,141052,152415,160652,126481,135627,120827,0,0,0,0,0,0,194174,173561,99002,208579,243172,203707,91462,96767,92761,80584,170948,68369,221560,270485,201753,249002,213849,331329,0,0,0,0,0,0,0,0,0,0,0,0,0,0,0,0,0,0,0,0,0,0,0,0,0,0,0,0,0,0,0,0,0,0,0,0,0,0,0,0,0,0,0,0,0,0,0,0,0,0,0,0,0,0,0,0,0,0,0,0,0,0,0,0,0,0,0,0,0,"[M+H]+",185.105124,"Ecgonine,N-(dimethylvinylsilyl)-1,1-dimethyl-1-vinylsilylamine"
"M185_R367_270",367.22097,185.178043,58300,63692,64544,0,0,0,0,0,0,0,0,0,0,0,0,0,0,0,0,0,0,0,0,0,0,0,0,0,0,0,0,0,0,0,0,0,0,0,0,0,0,0,0,0,0,0,0,0,0,0,0,0,0,0,0,0,0,0,0,0,0,0,0,0,0,0,0,0,0,0,0,0,0,0,0,0,0,0,0,0,0,0,0,0,0,0,0,0,0,0,0,0,0,0,0,0,0,0,0,0,0,0,0,0,0,0,0,0,0,0,0,0,0,0,0,0,0,0,0,0,0,0,0,0,0,0,0,0,0,0,0,0,0,0,0,0,0,0,"[M+H]+",185.178043,"Methyl neodecanamide,Zoldine MS-PLUS"
"M185_R203_271",203.201462,185.178081,0,0,0,0,0,0,0,0,0,0,78302,57468,53663,0,0,0,0,0,0,0,0,0,0,0,0,0,0,0,0,0,0,0,0,0,53519,60197,67528,0,0,0,0,0,0,0,0,0,74182,58398,63414,0,0,0,0,0,0,0,0,0,0,0,0,0,0,0,0,0,66488,58154,73411,0,0,0,0,0,0,0,0,0,0,0,0,0,0,0,0,0,0,0,0,0,0,0,0,0,0,0,0,0,0,0,0,0,0,0,0,0,0,0,0,0,0,0,0,0,0,0,0,0,0,0,0,0,0,0,0,0,0,0,0,0,0,0,0,0,0,0,0,0,"[M+H]+",185.178081,"Methyl neodecanamide,Zoldine MS-PLUS"
"M185_R331_272",330.738678,185.214378,0,0,0,0,0,0,0,0,0,0,0,0,0,0,0,0,0,0,0,0,0,0,0,0,0,0,0,0,0,0,0,0,0,0,0,0,0,0,0,0,0,0,0,0,0,0,0,0,0,0,0,0,0,0,0,0,0,219912,0,0,0,141658,95486,181375,254209,116647,157575,114048,130495,0,0,0,0,0,0,0,0,0,0,0,0,0,0,0,0,0,0,0,0,0,0,0,0,0,0,0,0,0,0,0,0,0,0,0,0,0,0,0,0,0,0,0,0,0,0,0,0,0,0,0,0,0,0,0,0,0,0,0,0,0,0,0,0,0,0,0,0,0,"[M+H]+",185.214378,"1-Dodecanamine,Decyldimethylamine,Tributylamine"
"M186_R166_273",166.448035906744,185.997768,0,0,0,0,0,0,0,0,0,0,0,0,0,0,0,0,0,0,0,0,0,0,0,0,0,0,0,0,0,0,0,0,0,0,0,0,0,0,0,0,0,0,0,0,0,0,0,0,0,0,0,0,0,0,0,0,0,0,0,0,0,0,0,0,0,0,0,0,0,0,0,0,308681,414622,271388,230139,263130,249423,0,0,0,0,0,0,196669,205890,150849,160798,140022,98579,0,0,0,0,0,0,59020,71309,82077,105283,107790,70954,0,0,0,0,0,0,89924,83364,62817,121640,108761,90363,0,0,0,0,0,0,0,0,0,0,0,0,0,0,0,0,0,0,0,0,0,0,0,0,"[M-H]-",185.997768,"Sodium O,O-diethyl dithiophosphate"
"M186_R218_274",217.765738504089,186.034338,0,0,0,0,0,0,0,0,0,0,0,0,0,0,0,0,0,0,0,0,0,0,0,0,0,0,0,0,0,0,0,0,0,0,0,0,0,0,0,0,0,0,0,0,0,0,0,0,0,0,0,0,0,0,0,0,0,0,0,0,0,0,0,0,0,0,0,0,0,116742,50069,117510,70434,106761,75121,94886,154036,154015,0,0,0,0,0,0,0,0,0,116135,139787,51939,222177,191986,254199,207855,218377,162221,69036,74309,150042,0,0,0,255823,206202,314346,201977,406927,255209,298893,170801,129703,477731,672002,555103,258114,0,0,0,315229,204820,0,0,0,276927,301595,180816,107455,64160,121231,107339,149215,148189,178680,280701,79725,259847,147588,208250,"[M-H]-",186.034338,"Dimethylbenzenesulfonic acid"
"M186_R229_275",229.449114890277,186.034361,0,0,0,0,0,0,0,0,0,0,0,0,0,0,0,0,0,0,0,0,0,0,0,0,0,0,0,0,0,0,0,0,0,0,0,0,0,0,0,0,0,0,0,0,0,0,0,0,0,0,0,0,0,0,0,0,0,0,0,0,0,0,0,0,0,0,0,0,0,0,0,0,0,0,0,0,0,0,0,0,0,0,0,0,0,0,0,0,0,0,56372,64908,57805,41176,46229,54590,0,0,0,0,0,0,86139,40315,64621,52473,122599,32375,0,0,0,121007,180467,142891,154438,0,0,0,170132,118086,0,0,0,189275,167385,123413,49734,0,0,0,98016,73544,0,0,0,150475,71103,130813,"[M-H]-",186.034361,"Dimethylbenzenesulfonic acid"
"M186_R231_277",231.002849004198,186.088041,0,0,0,0,0,0,0,0,0,0,0,0,0,0,0,0,0,0,0,0,0,0,0,0,0,0,0,0,0,0,0,0,0,0,0,0,0,0,0,0,0,0,0,0,0,0,0,0,0,0,0,0,0,0,0,0,0,0,0,0,0,0,0,0,0,0,0,0,0,0,0,0,0,0,0,0,0,0,0,0,0,0,0,0,0,0,0,0,0,0,0,0,0,0,0,0,0,0,0,0,0,0,0,0,0,0,0,0,0,0,0,0,0,0,0,0,0,0,0,0,0,0,0,0,0,0,0,0,0,0,0,0,81008,61951,30163,0,0,0,"[M-H]-",186.088041,"1,1,3,3-tetramethyl-1,3-divinyldisiloxane,1,3-Divinyl-1,1,3,3-tetramethyl disiloxane,1-Carboxycyclohexaneacetic acid,1-butoxy-2,3-difluorobenzene,2-[2-(ethenyloxy)ethoxy]ethyl prop-2-enoate,CANDESARTAN CILEXETIL-TP6,Gabapentin-TP2"
"M186_R369_278",369.169537,186.115712,71294,69843,67733,0,0,0,52360,52874,54004,84541,0,0,0,56733,87104,0,0,0,0,0,0,66376,0,0,0,65221,76165,0,0,0,0,0,0,83428,0,0,0,115790,107471,113390,102650,119249,109551,129249,120558,0,0,0,0,0,0,0,0,0,0,0,0,0,0,0,0,0,0,0,0,0,0,0,0,0,0,0,0,0,0,0,0,0,0,0,0,0,0,0,0,0,0,0,0,0,0,0,0,0,0,0,0,0,0,0,0,0,0,0,0,0,0,0,0,0,0,0,0,0,0,0,0,0,0,0,0,0,0,0,0,0,0,0,0,0,0,0,0,0,0,0,0,0,"[M+H]+",186.115712,"Detomidine"
"M186_R368_279",368.4617,186.14082,0,0,0,0,0,0,0,0,0,0,0,0,0,0,0,0,0,0,0,0,0,0,0,0,0,0,0,0,0,0,0,0,0,0,0,0,0,0,0,0,0,0,0,0,0,0,76156,102333,71064,0,0,44313,118721,143261,0,0,0,0,0,0,0,0,0,0,0,0,0,0,0,0,0,0,0,0,0,0,0,0,0,0,0,0,0,0,0,0,0,0,0,0,0,0,0,0,0,0,0,0,0,0,0,0,0,0,0,0,0,0,0,0,0,0,0,0,0,0,0,0,0,0,0,0,0,0,0,0,0,0,0,0,0,0,0,0,0,0,0,0,"[M+H]+",186.14082,"4,4-Methylenedimorpholine,Methylenebis(5-methyloxazolidine)"
"M187_R217_280",216.908721158603,187.037758,0,0,0,0,0,0,0,0,0,0,0,0,0,0,0,0,0,0,0,0,0,0,0,0,0,0,0,0,0,0,0,0,0,0,0,0,0,0,0,0,0,0,0,0,0,0,0,0,0,0,0,0,0,0,0,0,0,0,0,0,0,0,0,0,0,0,0,0,0,0,0,0,0,0,0,0,0,0,0,0,0,0,0,0,0,0,0,0,0,0,0,0,0,0,0,0,0,0,0,0,0,0,0,0,0,0,0,0,0,0,0,57221,53248,53725,0,0,0,0,0,0,0,0,0,0,0,0,0,0,0,0,0,0,0,0,0,0,0,0,"[M-H]-",187.037758,"4-chloro-2,5-dimethoxyaniline"
"M188_R312_285",311.894977,188.094976,73819,73023,69479,0,0,0,0,0,0,88790,0,0,0,75116,97317,0,0,0,0,0,0,0,0,0,0,0,0,0,0,0,0,0,0,84862,0,0,0,80087,76303,0,0,0,0,0,0,0,0,0,0,0,0,0,0,0,0,0,0,0,0,0,0,0,0,0,0,0,0,0,0,0,0,0,0,0,0,0,0,0,0,0,0,0,0,0,0,0,0,0,0,0,0,0,0,0,0,0,0,0,0,0,0,0,0,0,0,0,0,0,0,0,0,0,0,0,0,0,0,0,0,0,0,0,0,0,0,0,0,0,0,0,0,0,0,0,0,0,0,0,"[M+H]+",188.094976,"Phenazone"
"M188_R285_286",284.764853,188.104657,0,0,0,0,0,0,0,0,0,0,0,0,0,0,0,0,0,0,0,0,0,0,0,0,0,0,0,0,0,0,0,0,0,0,0,0,0,0,0,0,0,0,0,0,0,0,0,0,0,0,0,0,0,0,0,0,0,0,0,0,0,0,0,61423,52522,74184,0,0,0,0,0,0,0,0,0,0,0,0,0,0,0,0,0,0,0,0,0,0,0,0,0,0,0,0,0,0,0,0,0,0,0,0,0,0,0,0,0,0,0,0,0,0,0,0,0,0,0,0,0,0,0,0,0,0,0,0,0,0,0,0,0,0,0,0,0,0,0,0,"[M+H]+",188.104657,"Aspinonene,CANDESARTAN CILEXETIL-TP10,Nonanedioic acid, dilithium salt"
"M188_R340_287",340.353375,188.10506,0,0,0,0,0,0,49593,46825,53796,0,0,0,0,0,0,0,0,0,0,0,0,0,0,0,0,0,0,0,0,0,0,0,0,0,0,0,0,0,0,0,0,0,0,0,0,0,0,0,0,0,0,0,0,0,0,0,0,0,0,0,0,0,0,0,0,0,0,0,0,0,0,0,0,0,0,0,0,0,0,0,0,0,0,0,0,0,0,0,0,0,0,0,0,0,0,0,0,0,0,0,0,0,0,0,0,0,0,0,0,0,0,0,0,0,0,0,0,0,0,0,0,0,0,0,0,0,0,0,0,0,0,0,0,0,0,0,0,0,"[M+H]+",188.10506,"Aspinonene,CANDESARTAN CILEXETIL-TP10,Nonanedioic acid, dilithium salt"
"M188_R344_288",343.986623544879,188.140592,0,0,0,0,0,0,0,0,0,0,0,0,0,0,0,0,0,0,0,0,0,0,0,0,0,0,0,0,0,0,0,0,0,0,0,0,0,0,0,0,0,0,0,0,0,0,0,0,0,0,0,0,0,0,0,0,0,0,0,0,0,0,0,0,0,0,0,0,0,0,0,0,0,0,0,0,0,0,0,0,0,0,0,0,56314,84393,60212,0,0,0,0,0,0,0,0,0,0,0,0,0,0,0,0,0,0,0,0,0,0,0,0,0,0,0,0,0,0,0,0,0,0,0,0,0,0,0,0,0,0,0,0,0,0,0,0,0,0,0,"[M-H]-",188.140592,"10-Hydroxydecanoic acid"
"M190_R348_293",348.431368,190.074182,0,0,0,0,0,0,0,0,0,0,0,0,0,0,0,0,0,0,0,0,0,0,73164,93727,59674,0,0,0,0,0,0,0,0,0,0,0,0,0,0,0,0,0,0,0,0,0,0,0,0,0,0,0,0,0,0,0,0,0,0,0,0,0,0,0,0,0,0,0,0,0,0,0,0,0,0,0,0,0,0,0,0,0,0,0,0,0,0,0,0,0,0,0,0,0,0,0,0,0,0,0,0,0,0,0,0,0,0,0,0,0,0,0,0,0,0,0,0,0,0,0,0,0,0,0,0,0,0,0,0,0,0,0,0,0,0,0,0,0,"[M+H]+",190.074182,"Aldicarb,Fluopyram-TP6"
"M190_R386_294",386.034864,190.172183,0,0,0,0,0,0,0,0,0,0,0,0,0,0,0,0,0,0,0,0,0,0,77728,87616,72909,0,0,0,0,0,0,0,0,84605,60135,58350,95311,77958,87450,75476,95502,103068,62918,64260,56394,51972,0,0,0,30304,57859,0,0,0,0,0,0,56263,56411,42158,61823,60191,67962,0,0,0,0,0,0,0,0,0,0,0,0,0,0,0,0,0,0,0,0,0,0,0,0,0,0,0,0,0,0,0,0,0,0,0,0,0,0,0,0,0,0,0,0,0,0,0,0,0,0,0,0,0,0,0,0,0,0,0,0,0,0,0,0,0,0,0,0,0,0,0,0,0,0,0,"[M+H]+",190.172183,"1,3-Bis(1,1-dimethylethyl)-benzene,2-[(2-[2-(dimethylamino)ethoxy]ethyl)methylamino]ethanol"
"M190_R353_295",352.781453,190.172356,0,0,0,0,0,0,0,0,0,0,0,0,0,0,0,0,0,0,0,0,0,0,0,0,0,0,0,0,0,0,0,0,0,0,0,0,0,0,0,61031,61358,64798,0,0,0,0,0,0,0,0,0,0,0,0,0,0,0,0,0,0,0,0,0,0,0,0,0,0,0,0,0,0,0,0,0,0,0,0,0,0,0,0,0,0,0,0,0,0,0,0,0,0,0,0,0,0,0,0,0,0,0,0,0,0,0,0,0,0,0,0,0,0,0,0,0,0,0,0,0,0,0,0,0,0,0,0,0,0,0,0,0,0,0,0,0,0,0,0,"[M+H]+",190.172356,"1,3-Bis(1,1-dimethylethyl)-benzene,2-[(2-[2-(dimethylamino)ethoxy]ethyl)methylamino]ethanol"
"M191_R360_297",360.208009,191.131103,0,0,0,0,0,0,0,0,0,906955,894973,784571,832899,762304,936213,304212,426428,476807,597216,614326,298455,762788,1202467,1273491,1023884,919871,866842,691597,511611,1150278,658542,760951,486245,202233,909997,1226078,1098154,216965,179504,258737,181848,240988,237473,217274,178791,167224,0,0,0,154358,144991,95720,57320,103702,98671,99425,81478,72929,0,0,0,86644,87631,101272,152990,107227,99497,80849,69217,0,0,0,0,0,0,0,0,0,0,0,0,0,0,0,0,0,0,0,0,0,0,0,0,0,0,0,0,0,0,0,0,0,0,0,0,0,0,0,0,0,0,0,0,0,0,0,0,0,0,0,0,0,0,0,0,0,0,0,0,0,0,0,0,0,0,0,0,0,"[M+H]+",191.131103,"3-(diethoxymethylsilyl)propylamine,N,N-Diethyltoluamide,Pentedrone"
"M192_R360_300",359.867035,192.134423,90990,73150,75298,0,0,0,77435,85263,98801,0,0,0,0,0,0,59819,97721,85172,0,0,0,143883,216661,159300,200727,146619,132157,0,0,0,0,0,0,0,157467,181591,164713,0,0,0,0,0,0,0,0,0,76352,85145,71508,0,0,0,0,0,0,0,0,0,66793,69121,67309,0,0,0,0,0,0,0,0,0,0,0,0,0,0,0,0,0,0,0,0,0,0,0,0,0,0,0,0,0,0,0,0,0,0,0,0,0,0,0,0,0,0,0,0,0,0,0,0,0,0,0,0,0,0,0,0,0,0,0,0,0,0,0,0,0,0,0,0,0,0,0,0,0,0,0,0,0,"[M+H]+",192.134423,"2,2'-azobis[2-methylbutyronitrile],[(methylethylene)bis(oxy)]dipropanol"
"M192_R251_301",250.69884,192.13593,0,0,0,0,0,0,0,0,0,0,0,0,0,0,0,0,0,0,56457,70871,118267,0,0,0,0,0,0,82508,69978,91672,80873,75497,53692,0,0,0,0,0,0,0,0,0,0,0,0,42490,0,0,0,51426,47487,0,0,0,0,0,0,0,0,0,0,0,0,0,0,0,0,0,0,0,0,0,0,0,0,0,0,0,0,0,0,0,0,0,0,0,0,0,0,0,0,0,0,0,0,0,0,0,0,0,0,0,0,0,0,0,0,0,0,0,0,0,0,0,0,0,0,0,0,0,0,0,0,0,0,0,0,0,0,0,0,0,0,0,0,0,0,0,"[M+H]+",192.13593,"2,2'-azobis[2-methylbutyronitrile],[(methylethylene)bis(oxy)]dipropanol"
"M192_R431_302",431.004009,192.151266,0,0,0,0,0,0,0,0,0,0,0,0,0,0,0,0,0,0,0,0,0,0,0,0,0,0,0,0,0,0,0,0,0,0,0,0,0,0,0,0,0,0,0,0,0,0,0,0,0,0,0,88468,116025,82014,124589,156786,62447,0,0,0,0,0,0,0,0,0,0,0,0,0,0,0,0,0,0,0,0,0,0,0,0,0,0,0,0,0,0,0,0,0,0,0,0,0,0,0,0,0,0,0,0,0,0,0,0,0,0,0,0,0,0,0,0,0,0,0,0,0,0,0,0,0,0,0,0,0,0,0,0,0,0,0,0,0,0,0,0,0,"[M+H]+",192.151266,"(E)-4-(2,6,6-trimethyl-1-cyclohexen-1-yl)-3-buten-2-one,1-(2,6,6-Trimethyl-3-cyclohexen-1-yl)-2-buten-1-one,1-(5,5-Dimethyl-1-cyclohexen-1-yl)pent-4-en-1-one,4-(4-Methyl-3-pentenyl)cyclohex-3-ene-1-carbaldehyde,Damascone,Phenol, 4(1,1,2,2tetramethylpropy l)-,Phenol, 4-(1,1,2- trimethylbutyl)-,Phenol, 4-(1,1,3- trimethylbutyl)-,Phenol, 4-(1,1- diethylpropyl)-,Phenol, 4-(1,1- dimethylpentyl)-,Phenol, 4-(1,2,2- trimethylbutyl)-,Phenol, 4-(1,2- dimethylpentyl)-,Phenol, 4-(1,3,3- trimethylbutyl)-,Phenol, 4-(1,3- dimethylpentyl)-,Phenol, 4-(1,4- dimethylpentyl)-,Phenol, 4-(1- ethyl-1,2- dimethylpropyl)-,Phenol, 4-(1- ethyl-1- methylbutyl)-,Phenol, 4-(1- ethyl-2,2- dimethylpropyl)-,Phenol, 4-(1- ethyl-3- methylbutyl)-,Phenol, 4-(3- ethylpentyl)-,Phenol, 4-(3- methylhexyl)-,Phenol, 4-(4- methylhexyl)-,Phenol, 4-(5- methylhexyl)-,Phenol, 4-[2methyl-1-(1- methylethyl)prop yl]-,p-n-heptylphenol 4-heptylphenol phenol, 4-heptyl- phenol, p-heptyl-,phenol, 4-(1- ethylpentyl)-,phenol, 4-(1- methylhexyl)-,phenol, 4-(1- propylbutyl)-"
"M192_R408_303",408.472193,192.151404,0,0,0,0,0,0,0,0,0,0,0,0,0,0,0,0,0,0,0,0,0,0,0,0,0,0,0,0,0,0,0,0,0,0,0,0,0,0,0,0,0,0,0,0,0,0,0,0,0,0,0,0,0,0,116991,86437,66281,0,0,0,0,0,0,0,0,0,0,0,0,0,0,0,0,0,0,0,0,0,0,0,0,0,0,0,0,0,0,0,0,0,0,0,0,0,0,0,0,0,0,0,0,0,0,0,0,0,0,0,0,0,0,0,0,0,0,0,0,0,0,0,0,0,0,0,0,0,0,0,0,0,0,0,0,0,0,0,0,0,"[M+H]+",192.151404,"(E)-4-(2,6,6-trimethyl-1-cyclohexen-1-yl)-3-buten-2-one,1-(2,6,6-Trimethyl-3-cyclohexen-1-yl)-2-buten-1-one,1-(5,5-Dimethyl-1-cyclohexen-1-yl)pent-4-en-1-one,4-(4-Methyl-3-pentenyl)cyclohex-3-ene-1-carbaldehyde,Damascone,Phenol, 4(1,1,2,2tetramethylpropy l)-,Phenol, 4-(1,1,2- trimethylbutyl)-,Phenol, 4-(1,1,3- trimethylbutyl)-,Phenol, 4-(1,1- diethylpropyl)-,Phenol, 4-(1,1- dimethylpentyl)-,Phenol, 4-(1,2,2- trimethylbutyl)-,Phenol, 4-(1,2- dimethylpentyl)-,Phenol, 4-(1,3,3- trimethylbutyl)-,Phenol, 4-(1,3- dimethylpentyl)-,Phenol, 4-(1,4- dimethylpentyl)-,Phenol, 4-(1- ethyl-1,2- dimethylpropyl)-,Phenol, 4-(1- ethyl-1- methylbutyl)-,Phenol, 4-(1- ethyl-2,2- dimethylpropyl)-,Phenol, 4-(1- ethyl-3- methylbutyl)-,Phenol, 4-(3- ethylpentyl)-,Phenol, 4-(3- methylhexyl)-,Phenol, 4-(4- methylhexyl)-,Phenol, 4-(5- methylhexyl)-,Phenol, 4-[2methyl-1-(1- methylethyl)prop yl]-,p-n-heptylphenol 4-heptylphenol phenol, 4-heptyl- phenol, p-heptyl-,phenol, 4-(1- ethylpentyl)-,phenol, 4-(1- methylhexyl)-,phenol, 4-(1- propylbutyl)-"
"M192_R346_304",345.911663,192.151466,0,0,0,0,0,0,0,0,0,0,165303,252630,146953,0,0,155692,48518,57352,201238,92039,453065,0,0,0,0,0,0,0,0,0,0,0,0,0,88754,133895,114301,0,0,89965,30923,86680,76577,91284,38850,112365,269539,698575,204451,153844,304262,447758,202961,111834,221171,173710,84087,74241,62429,121970,84988,110130,50715,49092,55234,77864,63837,50745,76681,0,0,0,0,0,0,0,0,0,0,0,0,0,0,0,0,0,0,0,0,0,0,0,0,0,0,0,0,0,0,0,0,0,0,0,0,0,0,0,0,0,0,0,0,0,0,0,0,0,0,0,0,0,0,0,0,0,0,0,0,0,0,0,0,0,0,0,0,0,"[M+H]+",192.151466,"(E)-4-(2,6,6-trimethyl-1-cyclohexen-1-yl)-3-buten-2-one,1-(2,6,6-Trimethyl-3-cyclohexen-1-yl)-2-buten-1-one,1-(5,5-Dimethyl-1-cyclohexen-1-yl)pent-4-en-1-one,4-(4-Methyl-3-pentenyl)cyclohex-3-ene-1-carbaldehyde,Damascone,Phenol, 4(1,1,2,2tetramethylpropy l)-,Phenol, 4-(1,1,2- trimethylbutyl)-,Phenol, 4-(1,1,3- trimethylbutyl)-,Phenol, 4-(1,1- diethylpropyl)-,Phenol, 4-(1,1- dimethylpentyl)-,Phenol, 4-(1,2,2- trimethylbutyl)-,Phenol, 4-(1,2- dimethylpentyl)-,Phenol, 4-(1,3,3- trimethylbutyl)-,Phenol, 4-(1,3- dimethylpentyl)-,Phenol, 4-(1,4- dimethylpentyl)-,Phenol, 4-(1- ethyl-1,2- dimethylpropyl)-,Phenol, 4-(1- ethyl-1- methylbutyl)-,Phenol, 4-(1- ethyl-2,2- dimethylpropyl)-,Phenol, 4-(1- ethyl-3- methylbutyl)-,Phenol, 4-(3- ethylpentyl)-,Phenol, 4-(3- methylhexyl)-,Phenol, 4-(4- methylhexyl)-,Phenol, 4-(5- methylhexyl)-,Phenol, 4-[2methyl-1-(1- methylethyl)prop yl]-,p-n-heptylphenol 4-heptylphenol phenol, 4-heptyl- phenol, p-heptyl-,phenol, 4-(1- ethylpentyl)-,phenol, 4-(1- methylhexyl)-,phenol, 4-(1- propylbutyl)-"
"M192_R372_305",372.301625,192.151494,0,0,0,0,0,0,0,0,0,0,148885,254474,79557,0,0,129741,45679,90759,189402,107147,397222,0,0,0,0,0,0,38080,50379,41979,0,0,0,52734,0,0,0,42174,51662,70655,72285,47302,72528,111236,34162,117032,0,0,0,80165,166793,0,0,0,0,0,0,89713,31347,85998,69398,123989,82220,0,0,0,0,0,0,0,0,0,0,0,0,0,0,0,0,0,0,0,0,0,0,0,0,0,0,0,0,0,0,0,0,0,0,0,0,0,0,0,0,0,0,0,0,0,0,0,0,0,0,0,0,0,0,0,0,0,0,0,0,0,0,0,0,0,0,0,0,0,0,0,0,0,0,0,"[M+H]+",192.151494,"(E)-4-(2,6,6-trimethyl-1-cyclohexen-1-yl)-3-buten-2-one,1-(2,6,6-Trimethyl-3-cyclohexen-1-yl)-2-buten-1-one,1-(5,5-Dimethyl-1-cyclohexen-1-yl)pent-4-en-1-one,4-(4-Methyl-3-pentenyl)cyclohex-3-ene-1-carbaldehyde,Damascone,Phenol, 4(1,1,2,2tetramethylpropy l)-,Phenol, 4-(1,1,2- trimethylbutyl)-,Phenol, 4-(1,1,3- trimethylbutyl)-,Phenol, 4-(1,1- diethylpropyl)-,Phenol, 4-(1,1- dimethylpentyl)-,Phenol, 4-(1,2,2- trimethylbutyl)-,Phenol, 4-(1,2- dimethylpentyl)-,Phenol, 4-(1,3,3- trimethylbutyl)-,Phenol, 4-(1,3- dimethylpentyl)-,Phenol, 4-(1,4- dimethylpentyl)-,Phenol, 4-(1- ethyl-1,2- dimethylpropyl)-,Phenol, 4-(1- ethyl-1- methylbutyl)-,Phenol, 4-(1- ethyl-2,2- dimethylpropyl)-,Phenol, 4-(1- ethyl-3- methylbutyl)-,Phenol, 4-(3- ethylpentyl)-,Phenol, 4-(3- methylhexyl)-,Phenol, 4-(4- methylhexyl)-,Phenol, 4-(5- methylhexyl)-,Phenol, 4-[2methyl-1-(1- methylethyl)prop yl]-,p-n-heptylphenol 4-heptylphenol phenol, 4-heptyl- phenol, p-heptyl-,phenol, 4-(1- ethylpentyl)-,phenol, 4-(1- methylhexyl)-,phenol, 4-(1- propylbutyl)-"
"M193_R272_306",271.823554,193.11029,93418,90680,40887,0,0,0,44434,66063,57622,132567,0,0,0,195723,185702,62579,73206,118387,115007,64091,51141,104076,0,0,0,126738,154387,75137,55136,109934,69309,109175,78674,85602,0,0,0,97128,97328,94580,47741,79171,69738,87733,94098,86958,0,0,0,83006,94215,0,0,0,0,0,0,107255,0,0,0,113084,107282,0,0,0,0,0,0,0,0,0,0,0,0,0,0,0,0,0,0,0,0,0,0,0,0,0,0,0,0,0,0,0,0,0,0,0,0,0,0,0,0,0,0,0,0,0,0,0,0,0,0,0,0,0,0,0,0,0,0,0,0,0,0,0,0,0,0,0,0,0,0,0,0,0,0,0,"[M+H]+",193.11029,"Isoprocarb,N-Methylphenacetine,Parbenate"
"M193_R169_307",168.786557,193.110336,65101,65634,72781,0,0,0,0,0,0,44053,0,0,0,65754,55126,0,0,0,44726,48506,63632,72298,64748,49550,58113,57685,71592,0,0,0,60346,73596,82198,68306,55156,50521,67288,61370,78336,0,0,0,57554,41993,61025,74471,64673,60295,50691,56647,91463,0,0,0,0,0,0,0,62972,50948,64268,0,0,0,0,0,0,0,0,0,0,0,0,0,0,0,0,0,0,0,0,0,0,0,0,0,0,0,0,0,0,0,0,0,0,0,0,0,0,0,0,0,0,0,0,0,0,0,0,0,0,0,0,0,0,0,0,0,0,0,0,0,0,0,0,0,0,0,0,0,0,0,0,0,0,0,0,0,"[M+H]+",193.110336,"Isoprocarb,N-Methylphenacetine,Parbenate"
"M193_R303_308",303.011325,193.110359,0,0,0,122274,97919,92035,70394,104805,60953,0,41501,29182,54227,0,0,60408,47884,55313,50456,31791,27190,45879,89102,83795,41093,44271,50345,134830,99615,202048,76953,102311,97490,0,46590,20669,20737,0,0,120539,112165,174915,51833,93126,41241,0,43140,68601,51461,0,0,0,0,0,0,0,0,0,88345,94676,77813,0,0,0,0,0,0,0,0,0,0,0,0,0,0,0,0,0,0,0,0,0,0,0,0,0,0,0,0,0,0,0,0,0,0,0,0,0,0,0,0,0,0,0,0,0,0,0,0,0,0,0,0,0,0,0,0,0,0,0,0,0,0,0,0,0,0,0,0,0,0,0,0,0,0,0,0,0,"[M+H]+",193.110359,"Isoprocarb,N-Methylphenacetine,Parbenate"
"M193_R285_309",285.489628,193.110378,0,0,0,94576,48821,31658,66378,46896,31294,0,34583,47515,45475,0,0,32853,33033,62891,0,0,0,0,0,0,0,0,0,0,0,0,0,0,0,0,0,0,0,0,0,70194,60397,59340,58178,31067,51342,0,0,0,0,0,0,0,0,0,0,0,0,0,0,0,0,0,0,0,0,0,0,0,0,0,0,0,0,0,0,0,0,0,0,0,0,0,0,0,0,0,0,0,0,0,0,0,0,0,0,0,0,0,0,0,0,0,0,0,0,0,0,0,0,0,0,0,0,0,0,0,0,0,0,0,0,0,0,0,0,0,0,0,0,0,0,0,0,0,0,0,0,0,"[M+H]+",193.110378,"Isoprocarb,N-Methylphenacetine,Parbenate"
"M193_R322_310",322.211871,193.110392,87844,117647,81246,410294,362394,462777,418459,503534,323264,99764,279699,248906,230738,81620,93380,335259,301609,172918,119138,127872,116532,49824,137820,125058,76772,33412,84798,0,0,0,161719,73245,177458,0,55282,84622,44601,0,0,0,0,0,177127,131897,169782,0,68912,58914,81250,0,0,0,0,0,0,0,0,0,173158,162851,147919,0,0,0,0,0,0,0,0,0,0,0,0,0,0,0,0,0,0,0,0,0,0,0,0,0,0,0,0,0,0,0,0,0,0,0,0,0,0,0,0,0,0,0,0,0,0,0,0,0,0,0,0,0,0,0,0,0,0,0,0,0,0,0,0,0,0,0,0,0,0,0,0,0,0,0,0,0,"[M+H]+",193.110392,"Isoprocarb,N-Methylphenacetine,Parbenate"
"M193_R341_311",340.954174,193.110416,0,0,0,0,0,0,0,0,0,0,0,0,0,0,0,0,0,0,58719,43189,49529,0,0,0,0,0,0,96376,61155,213951,113326,98144,72875,0,0,0,0,0,0,82106,91754,79590,0,0,0,0,0,0,0,0,0,0,0,0,0,0,0,0,52850,58532,34892,0,0,0,0,0,0,0,0,0,0,0,0,0,0,0,0,0,0,0,0,0,0,0,0,0,0,0,0,0,0,0,0,0,0,0,0,0,0,0,0,0,0,0,0,0,0,0,0,0,0,0,0,0,0,0,0,0,0,0,0,0,0,0,0,0,0,0,0,0,0,0,0,0,0,0,0,0,"[M+H]+",193.110416,"Isoprocarb,N-Methylphenacetine,Parbenate"
"M194_R290_313",289.960722036187,194.056691,0,0,0,0,0,0,0,0,0,0,0,0,0,0,0,0,0,0,0,0,0,0,0,0,0,0,0,0,0,0,0,0,0,0,0,0,0,0,0,0,0,0,0,0,0,0,0,0,0,0,0,0,0,0,0,0,0,0,0,0,0,0,0,0,0,0,0,0,0,0,0,0,0,0,0,0,0,0,0,0,0,0,0,0,0,0,0,0,0,0,0,0,0,0,0,0,0,0,0,0,0,0,0,0,0,0,0,0,0,0,0,0,0,0,0,0,0,0,0,0,0,0,0,0,0,0,0,0,0,0,0,0,96197,64860,57002,0,0,0,"[M-H]-",194.056691,"4-Hydroxy-3-methoxycinnamate,Dimethyl phthalate,Rotigotine-TP27,Rotigotine-TP32,Rotigotine-TP45,trans-Ferulic acid"
"M194_R308_314",307.569728074196,194.093924,0,0,0,0,0,0,0,0,0,0,0,0,0,0,0,0,0,0,0,0,0,0,0,0,0,0,0,0,0,0,0,0,0,0,0,0,0,0,0,0,0,0,0,0,0,0,0,0,0,0,0,0,0,0,0,0,0,0,0,0,0,0,0,0,0,0,0,0,0,0,0,0,0,0,0,0,0,0,0,0,0,0,0,0,0,0,0,0,0,0,0,0,0,0,0,0,0,0,0,0,0,0,0,0,0,0,0,0,0,0,0,0,0,0,0,0,0,0,0,0,0,0,0,0,0,0,96452,0,0,0,90143,106271,0,0,0,0,0,0,"[M-H]-",194.093924,"Butylparaben,Isobutylparaben,Sodium 1-octanesulfonate"
"M194_R196_315",195.53792,194.115296,0,0,0,0,0,0,0,0,0,0,67883,71986,63277,0,0,0,0,0,0,0,0,0,0,0,0,0,0,0,0,0,0,0,0,0,0,0,0,0,0,0,0,0,0,0,0,0,0,0,0,0,0,0,0,0,0,0,0,0,207202,155172,130693,0,0,0,0,0,0,0,0,0,0,0,0,0,0,0,0,0,0,0,0,0,0,0,0,0,0,0,0,0,0,0,0,0,0,0,0,0,0,0,0,0,0,0,0,0,0,0,0,0,0,0,0,0,0,0,0,0,0,0,0,0,0,0,0,0,0,0,0,0,0,0,0,0,0,0,0,0,"[M+H]+",194.115296,"Tetraethylene glycol"
"M196_R354_321",353.928792927645,196.145613,0,0,0,0,0,0,0,0,0,0,0,0,0,0,0,0,0,0,0,0,0,0,0,0,0,0,0,0,0,0,0,0,0,0,0,0,0,0,0,0,0,0,0,0,0,0,0,0,0,0,0,0,0,0,0,0,0,0,0,0,0,0,0,0,0,0,0,0,0,0,0,0,139477,101758,110609,106925,97418,114575,0,197940,264913,225073,0,0,258002,90434,120169,129325,220991,396773,0,64604,75308,56109,0,0,73053,66228,65091,76869,58086,54122,0,119094,95335,98543,0,0,145063,132455,92419,88282,131044,93464,51704,96538,106105,113405,74285,52766,132568,142594,151319,164978,149259,138798,56307,287237,317214,296252,112842,84719,155983,163089,112388,138739,117362,120555,"[M-H]-",196.145613,"1,4-bis[(vinyloxy)methyl]cyclohexane,Geranyl acetate,Isobornyl acetate,Linalyl acetate,Prop-2-en-1-yl 3-cyclohexylpropanoate,alpha-Terpinyl acetate,exo-1,7,7-trimethylbicyclo[2.2.1]hept-2-yl acetate"
"M196_R333_322",332.785819,196.146161,0,0,0,0,0,0,0,0,0,0,0,0,0,0,0,0,0,0,0,0,0,0,0,0,0,0,0,0,0,0,0,0,0,0,0,0,0,0,0,80690,62280,57399,0,0,0,67471,0,0,0,53530,49324,32094,43789,40847,0,0,0,0,0,0,0,0,0,0,0,0,0,0,0,0,0,0,0,0,0,0,0,0,0,0,0,0,0,0,0,0,0,0,0,0,0,0,0,0,0,0,0,0,0,0,0,0,0,0,0,0,0,0,0,0,0,0,0,0,0,0,0,0,0,0,0,0,0,0,0,0,0,0,0,0,0,0,0,0,0,0,0,0,"[M+H]+",196.146161,"1,4-bis[(vinyloxy)methyl]cyclohexane,Geranyl acetate,Isobornyl acetate,Linalyl acetate,Prop-2-en-1-yl 3-cyclohexylpropanoate,alpha-Terpinyl acetate,exo-1,7,7-trimethylbicyclo[2.2.1]hept-2-yl acetate"
"M197_R361_329",361.023163,197.177911,0,0,0,0,0,0,54935,53545,50037,0,0,0,0,0,0,0,0,0,0,0,0,0,0,0,0,0,0,0,0,0,0,0,0,0,0,0,0,0,0,0,0,0,0,0,0,0,0,0,0,0,0,0,0,0,0,0,0,0,0,0,0,0,0,0,0,0,60798,51660,62812,0,0,0,0,0,0,0,0,0,0,0,0,0,0,0,0,0,0,0,0,0,0,0,0,0,0,0,0,0,0,0,0,0,0,0,0,0,0,0,0,0,0,0,0,0,0,0,0,0,0,0,0,0,0,0,0,0,0,0,0,0,0,0,0,0,0,0,0,0,"[M+H]+",197.177911,"N-Octyl-2-pyrrolidone"
"M197_R371_330",370.808973,197.178098,0,0,0,0,0,0,0,0,0,0,0,0,0,0,0,0,0,0,0,0,0,0,0,0,0,0,0,0,0,0,0,0,0,0,0,0,0,0,0,0,0,0,0,0,0,0,57705,72245,68164,0,0,125180,67173,62559,0,0,0,0,0,0,0,0,0,0,0,0,0,0,0,0,0,0,0,0,0,0,0,0,0,0,0,0,0,0,0,0,0,0,0,0,0,0,0,0,0,0,0,0,0,0,0,0,0,0,0,0,0,0,0,0,0,0,0,0,0,0,0,0,0,0,0,0,0,0,0,0,0,0,0,0,0,0,0,0,0,0,0,0,"[M+H]+",197.178098,"N-Octyl-2-pyrrolidone"
"M197_R344_331",343.522668,197.178167,0,0,0,0,0,0,0,0,0,0,0,0,0,0,0,0,0,0,0,0,0,0,0,0,0,0,0,0,0,0,0,0,0,0,0,0,0,0,0,0,0,0,0,0,0,0,0,0,0,0,0,88366,59814,50793,0,0,0,0,0,0,0,0,0,0,0,0,0,0,0,0,0,0,0,0,0,0,0,0,0,0,0,0,0,0,0,0,0,0,0,0,0,0,0,0,0,0,0,0,0,0,0,0,0,0,0,0,0,0,0,0,0,0,0,0,0,0,0,0,0,0,0,0,0,0,0,0,0,0,0,0,0,0,0,0,0,0,0,0,"[M+H]+",197.178167,"N-Octyl-2-pyrrolidone"
"M197_R330_332",329.903202,197.178276,0,0,0,0,0,0,0,0,0,0,0,0,0,0,0,0,0,0,0,0,0,0,0,0,0,0,0,0,0,0,0,0,0,0,0,0,0,0,0,0,0,0,0,0,0,0,54098,89257,63314,0,0,0,0,0,0,0,0,0,0,0,0,0,0,0,0,0,0,0,0,0,0,0,0,0,0,0,0,0,0,0,0,0,0,0,0,0,0,0,0,0,0,0,0,0,0,0,0,0,0,0,0,0,0,0,0,0,0,0,0,0,0,0,0,0,0,0,0,0,0,0,0,0,0,0,0,0,0,0,0,0,0,0,0,0,0,0,0,0,"[M+H]+",197.178276,"N-Octyl-2-pyrrolidone"
"M198_R218_333",217.729928489063,198.055262,0,0,0,0,0,0,0,0,0,0,0,0,0,0,0,0,0,0,0,0,0,0,0,0,0,0,0,0,0,0,0,0,0,0,0,0,0,0,0,0,0,0,0,0,0,0,0,0,0,0,0,0,0,0,0,0,0,0,0,0,0,0,0,0,0,0,0,0,0,240439,124505,228270,280909,241249,268516,301490,449179,421659,213690,122307,95634,125488,257378,294157,68389,87158,129113,187303,177587,105430,246523,274111,258882,257559,276104,218140,90271,105509,206083,272869,277224,82307,0,72759,121206,66076,0,0,0,0,0,96146,102348,108230,85198,0,0,0,91391,88298,0,0,0,110427,87114,117841,123001,127756,175028,179274,156956,148527,273229,227234,118316,253070,127108,212443,"[M-H]-",198.055262,"2-Hydroxy-3,4-dimethoxybenzoic Acid,4-Methyl-1H-benzotriazole-TP17,Diuron-TP1,Diuron-TP2,G2S78,Monuron,Syringic acid"
"M198_R380_336",380.083677,198.104564,0,0,0,0,0,0,0,0,0,0,103578,68154,82278,0,0,0,0,0,0,0,0,0,0,0,0,0,0,0,0,0,0,0,0,0,72861,66624,89334,0,0,0,0,0,0,0,0,0,0,0,0,0,0,0,0,0,0,0,0,0,0,0,0,0,0,0,0,0,0,0,0,0,0,0,0,0,0,0,0,0,0,0,0,0,0,0,0,0,0,0,0,0,0,0,0,0,0,0,0,0,0,0,0,0,0,0,0,0,0,0,0,0,0,0,0,0,0,0,0,0,0,0,0,0,0,0,0,0,0,0,0,0,0,0,0,0,0,0,0,0,"[M+H]+",198.104564,"2-Propenoic acid, 2-methyl-, 2-(2-oxo-1-imidazolidinyl)ethyl ester,Ditolyl ether,dibenzyl ether"
"M198_R381_338",381.032046936192,198.161043,0,0,0,0,0,0,0,0,0,0,0,0,0,0,0,0,0,0,0,0,0,0,0,0,0,0,0,0,0,0,0,0,0,0,0,0,0,0,0,0,0,0,0,0,0,0,0,0,0,0,0,0,0,0,0,0,0,0,0,0,0,0,0,0,0,0,0,0,0,0,0,0,0,0,0,0,0,0,0,0,0,0,0,0,0,0,0,0,0,0,0,0,0,0,0,0,63601,71689,56180,0,0,0,0,0,0,0,0,0,0,0,0,0,0,0,0,0,0,0,0,0,0,0,0,0,0,0,0,0,0,0,0,0,0,0,0,0,0,0,"[M-H]-",198.161043,"2,2'-azobis[2-methylpropionamidine] dihydrochloride,2-Ethylhexyl methacrylate,2-tert-Butylcyclohexyl acetate,4-tert-Butylcyclohexyl acetate,Citronellyl acetate,Vinyl neodecanoate"
"M199_R195_339",194.534867,199.063317,0,0,0,0,0,0,0,0,0,0,0,0,0,0,0,0,0,0,0,0,0,0,60924,66812,60351,0,0,0,0,0,0,0,0,0,0,0,0,0,0,0,0,0,0,0,0,0,0,0,0,0,0,0,0,0,0,0,0,0,0,0,0,0,0,0,0,0,0,0,0,0,0,0,0,0,0,0,0,0,0,0,0,0,0,0,0,0,0,0,0,0,0,0,0,0,0,0,0,0,0,0,0,0,0,0,0,0,0,0,0,0,0,0,0,0,0,0,0,0,0,0,0,0,0,0,0,0,0,0,0,0,0,0,0,0,0,0,0,0,"[M+H]+",199.063317,"1,2-dihydro-5-nitroacenaphthylene,4-Methyl-1H-benzotriazole-TP16,4-nitrobiphenyl,N-Ethyl-2-tolylsulfonamide,N-Ethyltoluenesulfonamide"
"M200_R240_346",239.566199256429,200.049932,0,0,0,0,0,0,0,0,0,0,0,0,0,0,0,0,0,0,0,0,0,0,0,0,0,0,0,0,0,0,0,0,0,0,0,0,0,0,0,0,0,0,0,0,0,0,0,0,0,0,0,0,0,0,0,0,0,0,0,0,0,0,0,0,0,0,0,0,0,0,0,0,0,0,0,198535,310031,268421,71322,0,0,0,97644,112621,0,0,0,111308,114790,64446,140567,98464,100612,91197,99894,117582,0,0,0,0,0,0,0,60790,87283,72439,0,0,0,0,0,104980,68357,91754,0,0,0,0,0,0,0,0,0,0,0,0,0,0,0,0,0,0,0,0,0,0,0,0,"[M-H]-",200.049932,"Potassium cumenesulphonate,Sodium 4-isopropylbenzenesulfonate"
"M200_R213_347",213.065832185569,200.049973,0,0,0,0,0,0,0,0,0,0,0,0,0,0,0,0,0,0,0,0,0,0,0,0,0,0,0,0,0,0,0,0,0,0,0,0,0,0,0,0,0,0,0,0,0,0,0,0,0,0,0,0,0,0,0,0,0,0,0,0,0,0,0,0,0,0,0,0,0,47235,52095,63139,0,0,0,98877,109624,117815,72400,0,0,0,75510,104279,0,0,0,0,0,0,0,0,0,0,0,0,0,0,0,0,0,0,0,0,0,0,0,0,0,0,0,0,0,0,0,0,0,0,0,0,0,0,0,0,0,0,0,0,0,0,0,0,0,0,0,0,0,0,"[M-H]-",200.049973,"Potassium cumenesulphonate,Sodium 4-isopropylbenzenesulfonate"
"M200_R356_349",356.243454,200.094902,0,0,0,0,0,0,65455,82706,65720,0,0,0,0,0,0,0,0,0,0,0,0,0,0,0,0,0,0,0,0,0,0,0,0,60227,0,0,0,95167,74777,85676,75958,86396,58088,75632,60549,0,0,0,0,0,0,0,0,0,0,0,0,0,0,0,0,0,0,143300,161502,86787,0,0,0,0,0,0,0,0,0,0,0,0,0,0,0,0,0,0,0,0,0,0,0,0,0,0,0,0,0,0,0,0,0,0,0,0,0,0,0,0,0,0,0,0,0,0,0,0,0,0,0,0,0,0,0,0,0,0,0,0,0,0,0,0,0,0,0,0,0,0,0,0,"[M+H]+",200.094902,"4,4'-oxydianiline,Harmalol,Terbuthylazine-TP25,Terbutryn-TP22"
"M200_R341_352",340.760087167697,200.140462,0,0,0,0,0,0,0,0,0,0,0,0,0,0,0,0,0,0,0,0,0,0,0,0,0,0,0,0,0,0,0,0,0,0,0,0,0,0,0,0,0,0,0,0,0,0,0,0,0,0,0,0,0,0,0,0,0,0,0,0,0,0,0,0,0,0,0,0,0,0,0,0,112503,69936,75247,0,0,0,0,0,0,0,0,0,70396,100120,108646,0,0,0,0,0,0,0,0,0,0,0,0,0,0,0,0,0,0,0,0,0,0,0,0,0,0,0,0,0,0,0,0,0,0,0,0,0,0,0,0,0,0,0,0,0,0,0,0,0,0,0,"[M-H]-",200.140462,"A mixture of_ trans-4-acetoxy-4-methyl-2-propyl-tetrahydro-2H-pyran; cis-4-acetoxy-4-methyl-2-propyl-tetrahydro-2H-pyran"
"M200_R382_353",381.695572514097,200.176741,0,0,0,0,0,0,0,0,0,0,0,0,0,0,0,0,0,0,0,0,0,0,0,0,0,0,0,0,0,0,0,0,0,0,0,0,0,0,0,0,0,0,0,0,0,0,0,0,0,0,0,0,0,0,0,0,0,0,0,0,0,0,0,0,0,0,0,0,0,27659,32722,34533,0,0,0,0,0,0,0,0,0,0,0,0,0,0,0,0,0,0,0,0,0,0,0,0,0,0,0,0,0,0,0,0,0,0,0,0,0,0,0,0,0,0,0,0,0,0,0,0,0,0,0,0,0,0,0,0,0,0,0,0,0,0,0,0,0,0,"[M-H]-",200.176741,"1,1-diisopropoxycyclohexane,Decyl acetate,Dodecanoic acid"
"M201_R367_354",366.817108,201.079116,0,0,0,0,0,0,0,0,0,70666,0,0,0,54998,58857,0,0,0,0,0,0,62339,0,0,0,67152,67850,0,0,0,0,0,0,0,0,0,0,0,0,0,0,0,0,0,0,0,0,0,0,0,0,0,0,0,0,0,0,0,0,0,0,0,0,0,0,0,0,0,0,0,0,0,0,0,0,0,0,0,0,0,0,0,0,0,0,0,0,0,0,0,0,0,0,0,0,0,0,0,0,0,0,0,0,0,0,0,0,0,0,0,0,0,0,0,0,0,0,0,0,0,0,0,0,0,0,0,0,0,0,0,0,0,0,0,0,0,0,0,"[M+H]+",201.079116,"Carbaryl,Desethylterbutylazin,Simazine,Terbuthylazine-TP3"
"M202_R204_357",203.802767775669,202.082953,0,0,0,0,0,0,0,0,0,0,0,0,0,0,0,0,0,0,0,0,0,0,0,0,0,0,0,0,0,0,0,0,0,0,0,0,0,0,0,0,0,0,0,0,0,0,0,0,0,0,0,0,0,0,0,0,0,0,0,0,0,0,0,0,0,0,0,0,0,0,0,0,0,0,0,0,0,0,0,0,0,0,0,0,0,0,0,0,0,0,0,0,0,0,0,0,56962,75229,70854,0,0,0,0,0,0,0,0,0,0,0,0,0,0,0,0,0,0,0,0,0,0,0,0,0,0,0,0,0,0,0,0,0,0,0,0,0,0,0,"[M-H]-",202.082953,"Fluoranthen,Gabapentin-TP3,Gabapentin-TP4,Gabapentin-TP5,Metamitron,Pyrene"
"M202_R215_358",215.393529353212,202.083154,0,0,0,0,0,0,0,0,0,0,0,0,0,0,0,0,0,0,0,0,0,0,0,0,0,0,0,0,0,0,0,0,0,0,0,0,0,0,0,0,0,0,0,0,0,0,0,0,0,0,0,0,0,0,0,0,0,0,0,0,0,0,0,0,0,0,0,0,0,0,0,0,0,0,0,0,0,0,0,0,0,0,0,0,0,0,0,0,0,0,0,0,0,0,0,0,0,0,0,0,0,0,0,0,0,0,0,0,0,0,0,52037,48151,44584,0,0,0,0,0,0,0,0,0,69456,46970,47930,0,0,0,0,0,0,0,0,0,0,0,0,"[M-H]-",202.083154,"Fluoranthen,Gabapentin-TP3,Gabapentin-TP4,Gabapentin-TP5,Metamitron,Pyrene"
"M202_R314_360",314.291779609757,202.119632,0,0,0,0,0,0,0,0,0,0,0,0,0,0,0,0,0,0,0,0,0,0,0,0,0,0,0,0,0,0,0,0,0,0,0,0,0,0,0,0,0,0,0,0,0,0,0,0,0,0,0,0,0,0,0,0,0,0,0,0,0,0,0,0,0,0,0,0,0,199992,147509,145096,0,0,0,165298,75717,123895,147917,0,0,0,89558,130692,52234,86570,58703,56291,60116,51393,95154,0,0,0,105078,64072,135693,65176,287979,100106,234937,57479,0,0,0,0,0,0,74662,65615,72266,54769,51788,39879,0,0,0,0,0,0,0,0,0,0,0,0,45361,0,0,0,32475,59513,72871,60825,59091,0,0,0,"[M-H]-",202.119632,"1,4-bis(2,3-epoxypropoxy)butane,2-[2-(2-Ethenoxyethoxy)ethoxy]ethoxyethene,Disodium sebacate"
"M202_R339_361",338.797667054163,202.11981,0,0,0,148601,134198,170388,78873,105695,96317,0,0,0,0,0,0,130747,86559,137035,118670,119848,126315,0,0,0,0,0,0,98063,73286,82542,0,0,0,0,0,0,0,0,0,0,0,0,0,0,0,0,0,0,0,0,0,97240,101377,63574,57998,66949,69081,0,0,0,0,0,0,0,0,0,0,0,0,0,0,0,210307,422161,351724,189298,169733,186048,0,108242,122806,86007,0,0,397572,167656,217852,205331,218712,210237,0,0,0,0,0,0,175018,198501,223887,198895,140093,96464,0,0,0,0,0,0,218899,137583,119322,135136,131274,102901,0,0,0,0,0,0,167538,146951,110630,99017,142873,139149,0,0,0,0,0,0,113119,82232,107193,0,0,0,"[M+H]+,[M-H]-",202.11981,"1,4-bis(2,3-epoxypropoxy)butane,2-[2-(2-Ethenoxyethoxy)ethoxy]ethoxyethene,Disodium sebacate"
"M202_R371_362",370.958229,202.120265,0,0,0,0,0,0,35263,60116,73780,0,0,0,0,0,0,0,0,0,0,0,0,0,0,0,0,0,0,154800,177677,96843,269262,79397,118160,0,0,0,0,0,0,261706,153015,139452,149739,142151,101964,0,0,0,0,0,0,154312,178185,128711,123876,162922,126316,0,0,0,0,0,0,166079,229524,92573,45240,59617,72923,0,0,0,0,0,0,0,0,0,0,0,0,0,0,0,0,0,0,0,0,0,0,0,0,0,0,0,0,0,0,0,0,0,0,0,0,0,0,0,0,0,0,0,0,0,0,0,0,0,0,0,0,0,0,0,0,0,0,0,0,0,0,0,0,0,0,0,0,0,"[M+H]+",202.120265,"1,4-bis(2,3-epoxypropoxy)butane,2-[2-(2-Ethenoxyethoxy)ethoxy]ethoxyethene,Disodium sebacate"
"M202_R371_363",370.819526,202.135816,0,0,0,65196,57343,75328,74142,53681,64553,0,80113,64986,93305,0,0,0,0,0,0,0,0,0,0,0,0,0,0,0,0,0,0,0,0,0,0,0,0,0,0,0,0,0,0,0,0,0,0,0,0,0,0,0,0,0,0,0,0,0,0,0,0,0,0,0,0,0,0,0,0,0,0,0,0,0,0,0,0,0,0,0,0,0,0,0,0,0,0,0,0,0,0,0,0,0,0,0,0,0,0,0,0,0,0,0,0,0,0,0,0,0,0,0,0,0,0,0,0,0,0,0,0,0,0,0,0,0,0,0,0,0,0,0,0,0,0,0,0,0,"[M+H]+",202.135816,"Amyl cinnamal"
"M202_R402_364",401.532278,202.135841,0,0,0,0,0,0,59343,46908,61249,0,61260,57518,67156,0,0,0,0,0,0,0,0,0,0,0,0,0,0,0,0,0,0,0,0,0,0,0,0,0,0,0,0,0,0,0,0,0,0,0,0,0,0,0,0,0,0,0,0,0,0,0,0,0,0,58850,76749,76910,0,0,0,0,0,0,0,0,0,0,0,0,0,0,0,0,0,0,0,0,0,0,0,0,0,0,0,0,0,0,0,0,0,0,0,0,0,0,0,0,0,0,0,0,0,0,0,0,0,0,0,0,0,0,0,0,0,0,0,0,0,0,0,0,0,0,0,0,0,0,0,0,"[M+H]+",202.135841,"Amyl cinnamal"
"M202_R321_365",320.868944,202.135862,0,0,0,0,0,0,0,0,0,0,53742,54187,48551,0,0,0,0,0,0,0,0,0,0,0,0,0,0,0,0,0,0,0,0,0,0,0,0,0,0,0,0,0,0,0,0,0,0,0,0,0,0,0,0,0,0,0,0,0,0,0,0,0,0,0,0,0,0,0,0,0,0,0,0,0,0,0,0,0,0,0,0,0,0,0,0,0,0,0,0,0,0,0,0,0,0,0,0,0,0,0,0,0,0,0,0,0,0,0,0,0,0,0,0,0,0,0,0,0,0,0,0,0,0,0,0,0,0,0,0,0,0,0,0,0,0,0,0,0,"[M+H]+",202.135862,"Amyl cinnamal"
"M202_R380_366",379.569919,202.172211,0,0,0,129699,80973,78066,116349,99119,125410,0,0,0,0,0,0,57543,77289,64129,55580,73422,58389,0,0,0,0,0,0,0,0,0,0,0,0,0,0,0,0,0,0,0,0,0,0,0,0,0,0,0,0,0,0,0,0,0,0,0,0,0,0,0,0,0,0,0,0,0,0,0,0,0,0,0,0,0,0,0,0,0,0,0,0,0,0,0,0,0,0,0,0,0,0,0,0,0,0,0,0,0,0,0,0,0,0,0,0,0,0,0,0,0,0,0,0,0,0,0,0,0,0,0,0,0,0,0,0,0,0,0,0,0,0,0,0,0,0,0,0,0,"[M+H]+",202.172211,"tert-Dodecanethiol"
"M203_R364_368",363.947629,203.131023,94923,77696,82297,233106,125358,163056,176818,152309,121884,85831,102401,95894,82471,82730,126133,142742,144706,130815,89363,109925,134804,0,0,0,0,0,0,70371,59090,59832,0,0,0,0,63608,58648,59192,0,0,0,0,0,0,0,0,0,66035,70815,63419,0,0,75371,77895,61945,0,0,0,0,65217,52113,54431,0,0,67552,74587,80070,0,0,0,0,0,0,0,0,0,0,0,0,0,0,0,0,0,0,0,0,0,0,0,0,0,0,0,0,0,0,0,0,0,0,0,0,0,0,0,0,0,0,0,0,0,0,0,0,0,0,0,0,0,0,0,0,0,0,0,0,0,0,0,0,0,0,0,0,0,0,0,0,"[M+H]+",203.131023,"Crotamiton,alpha-Pyrrolidinopropiophenone"
"M204_R327_372",326.98360024054,204.080233,0,0,0,0,0,0,0,0,0,0,0,0,0,0,0,0,0,0,0,0,0,0,0,0,0,0,0,0,0,0,0,0,0,0,0,0,0,0,0,0,0,0,0,0,0,0,0,0,0,0,0,0,0,0,0,0,0,0,0,0,0,0,0,0,0,0,0,0,0,0,0,0,0,0,0,71007,72514,74737,206466,0,0,0,116142,149289,0,0,0,136118,112362,82204,119287,0,0,0,103199,43259,131870,128755,137421,105238,201999,92668,120107,0,0,0,140139,239658,192233,113596,160791,238032,206236,281844,0,0,0,0,0,0,0,0,0,0,0,0,0,0,0,0,0,0,0,0,0,0,0,0,"[M-H]-",204.080233,"Methyldiacetoxyisopropoxy silane"
"M204_R266_373",266.391947,204.089833,0,0,0,0,0,0,0,0,0,0,43824,47517,35920,0,0,0,0,0,0,0,0,0,0,0,0,0,0,0,0,0,0,0,0,68774,0,0,0,75082,59449,0,0,0,0,0,0,0,0,0,0,0,0,0,0,0,0,0,0,0,0,0,0,0,0,0,0,0,0,0,0,0,0,0,0,0,0,0,0,0,0,0,0,0,0,0,0,0,0,0,0,0,0,0,0,0,0,0,0,0,0,0,0,0,0,0,0,0,0,0,0,0,0,0,0,0,0,0,0,0,0,0,0,0,0,0,0,0,0,0,0,0,0,0,0,0,0,0,0,0,"[M+H]+",204.089833,"3-Hydroxymethylantipyrine,4-Hydroxyantipyrine,Tryptophan"
"M204_R352_374",352.135532,204.115152,0,0,0,0,0,0,0,0,0,0,0,0,0,0,0,0,0,0,0,0,0,0,39224,69445,41118,0,0,0,0,0,0,0,0,0,0,0,0,0,0,0,0,0,0,0,0,0,0,0,0,0,0,0,0,0,0,0,0,0,0,0,0,0,0,0,0,0,0,0,0,0,0,0,0,0,0,0,0,0,0,0,0,0,0,0,0,0,0,0,0,0,0,0,0,0,0,0,0,0,0,0,0,0,0,0,0,0,0,0,0,0,0,0,0,0,0,0,0,0,0,0,0,0,0,0,0,0,0,0,0,0,0,0,0,0,0,0,0,0,"[M+H]+",204.115152,"(1-Hydroxycyclohexyl)(phenyl)methanone"
"M204_R404_375",403.782236,204.115226,0,0,0,0,0,0,0,0,0,0,0,0,0,0,0,0,0,0,0,0,0,0,63849,69165,61261,0,0,0,0,0,0,0,0,0,0,0,0,0,0,0,0,0,0,0,0,0,0,0,0,0,0,0,0,0,0,0,0,0,0,0,0,0,0,0,0,0,0,0,0,0,0,0,0,0,0,0,0,0,0,0,0,0,0,0,0,0,0,0,0,0,0,0,0,0,0,0,0,0,0,0,0,0,0,0,0,0,0,0,0,0,0,0,0,0,0,0,0,0,0,0,0,0,0,0,0,0,0,0,0,0,0,0,0,0,0,0,0,0,"[M+H]+",204.115226,"(1-Hydroxycyclohexyl)(phenyl)methanone"
"M204_R371_376",371.03315,204.151347,0,0,0,0,0,0,0,0,0,0,0,0,0,0,0,0,0,0,0,0,0,0,0,0,0,0,0,0,0,0,0,0,0,0,0,0,0,0,0,0,0,0,0,0,0,0,0,0,0,0,0,46614,97684,164605,0,0,0,0,0,0,0,0,0,0,0,0,0,0,0,0,0,0,0,0,0,0,0,0,0,0,0,0,0,0,0,0,0,0,0,0,0,0,0,0,0,0,0,0,0,0,0,0,0,0,0,0,0,0,0,0,0,0,0,0,0,0,0,0,0,0,0,0,0,0,0,0,0,0,0,0,0,0,0,0,0,0,0,0,"[M+H]+",204.151347,"(2R)-3-(4-tert-butylphenyl)-2-methylpropanal,(2S)-3-(4-tert-butylphenyl)-2-methylpropanal,3-(4-tert-Butylphenyl)-2-methylpropanal"
"M204_R385_377",385.320653,204.15136,0,0,0,0,0,0,0,0,0,0,0,0,0,0,0,0,0,0,0,0,0,0,0,0,0,0,0,0,0,0,0,0,0,0,0,0,0,0,0,0,0,0,0,0,0,43157,0,0,0,33368,21544,0,0,0,0,0,0,0,0,0,0,0,0,0,0,0,0,0,0,0,0,0,0,0,0,0,0,0,0,0,0,0,0,0,0,0,0,0,0,0,0,0,0,0,0,0,0,0,0,0,0,0,0,0,0,0,0,0,0,0,0,0,0,0,0,0,0,0,0,0,0,0,0,0,0,0,0,0,0,0,0,0,0,0,0,0,0,0,"[M+H]+",204.15136,"(2R)-3-(4-tert-butylphenyl)-2-methylpropanal,(2S)-3-(4-tert-butylphenyl)-2-methylpropanal,3-(4-tert-Butylphenyl)-2-methylpropanal"
"M204_R393_378",392.773187,204.151381,0,0,0,0,0,0,0,0,0,0,53589,52093,57194,0,0,0,0,0,0,0,0,0,0,0,0,0,0,0,0,0,0,0,0,0,0,0,0,0,0,0,0,0,0,0,0,0,0,0,0,0,0,0,0,0,0,0,0,0,0,0,0,0,0,0,0,0,0,0,0,0,0,0,0,0,0,0,0,0,0,0,0,0,0,0,0,0,0,0,0,0,0,0,0,0,0,0,0,0,0,0,0,0,0,0,0,0,0,0,0,0,0,0,0,0,0,0,0,0,0,0,0,0,0,0,0,0,0,0,0,0,0,0,0,0,0,0,0,0,"[M+H]+",204.151381,"(2R)-3-(4-tert-butylphenyl)-2-methylpropanal,(2S)-3-(4-tert-butylphenyl)-2-methylpropanal,3-(4-tert-Butylphenyl)-2-methylpropanal"
"M204_R336_379",335.601814,204.151406,0,0,0,0,0,0,54039,53080,68133,0,0,0,0,0,0,0,0,0,51766,44727,50776,0,0,0,0,0,0,0,0,0,0,0,0,0,0,0,0,0,0,0,0,0,0,0,0,0,0,0,0,0,0,0,0,0,0,0,0,0,0,0,0,0,0,0,0,0,0,0,0,0,0,0,0,0,0,0,0,0,0,0,0,0,0,0,0,0,0,0,0,0,0,0,0,0,0,0,0,0,0,0,0,0,0,0,0,0,0,0,0,0,0,0,0,0,0,0,0,0,0,0,0,0,0,0,0,0,0,0,0,0,0,0,0,0,0,0,0,0,"[M+H]+",204.151406,"(2R)-3-(4-tert-butylphenyl)-2-methylpropanal,(2S)-3-(4-tert-butylphenyl)-2-methylpropanal,3-(4-tert-Butylphenyl)-2-methylpropanal"
"M204_R355_380",355.158732,204.15144,0,0,0,67057,62952,62291,86312,64352,46474,0,40201,42934,68845,0,0,54041,76297,60966,61200,56668,39224,0,71396,57867,51612,0,0,0,0,0,0,0,0,0,42334,78687,47629,0,0,0,0,0,0,0,0,0,31729,44763,47118,0,0,0,0,0,0,0,0,0,45375,51420,56913,0,0,0,0,0,0,0,0,0,0,0,0,0,0,0,0,0,0,0,0,0,0,0,0,0,0,0,0,0,0,0,0,0,0,0,0,0,0,0,0,0,0,0,0,0,0,0,0,0,0,0,0,0,0,0,0,0,0,0,0,0,0,0,0,0,0,0,0,0,0,0,0,0,0,0,0,0,"[M+H]+",204.15144,"(2R)-3-(4-tert-butylphenyl)-2-methylpropanal,(2S)-3-(4-tert-butylphenyl)-2-methylpropanal,3-(4-tert-Butylphenyl)-2-methylpropanal"
"M204_R329_381",329.185747,204.15145,0,0,0,0,0,0,0,0,0,0,0,0,0,0,0,0,0,0,0,0,0,0,250303,294522,247120,0,0,0,0,0,82591,73067,63030,150463,0,0,0,190157,136692,0,0,0,55249,118336,61998,89023,249099,229365,288980,164017,144105,0,0,0,108560,67662,77234,117185,197964,212346,273106,56380,69814,0,0,0,86677,83228,53111,0,0,0,0,0,0,0,0,0,0,0,0,0,0,0,0,0,0,0,0,0,0,0,0,0,0,0,0,0,0,0,0,0,0,0,0,0,0,0,0,0,0,0,0,0,0,0,0,0,0,0,0,0,0,0,0,0,0,0,0,0,0,0,0,0,0,0,0,0,"[M+H]+",204.15145,"(2R)-3-(4-tert-butylphenyl)-2-methylpropanal,(2S)-3-(4-tert-butylphenyl)-2-methylpropanal,3-(4-tert-Butylphenyl)-2-methylpropanal"
"M204_R339_382",338.824198,204.151517,0,0,0,0,0,0,0,0,0,0,0,0,0,0,0,0,0,0,0,0,0,0,112322,118287,93533,0,0,0,0,0,0,0,0,0,0,0,0,0,0,0,0,0,0,0,0,0,69841,72950,103882,0,0,0,0,0,0,0,0,0,73694,83581,83532,0,0,0,0,0,0,0,0,0,0,0,0,0,0,0,0,0,0,0,0,0,0,0,0,0,0,0,0,0,0,0,0,0,0,0,0,0,0,0,0,0,0,0,0,0,0,0,0,0,0,0,0,0,0,0,0,0,0,0,0,0,0,0,0,0,0,0,0,0,0,0,0,0,0,0,0,0,"[M+H]+",204.151517,"(2R)-3-(4-tert-butylphenyl)-2-methylpropanal,(2S)-3-(4-tert-butylphenyl)-2-methylpropanal,3-(4-tert-Butylphenyl)-2-methylpropanal"
"M206_R294_385",293.722073,206.057966,0,0,0,0,0,0,0,0,0,0,0,0,0,0,0,0,0,0,0,0,0,0,0,0,0,0,0,0,0,0,0,0,0,0,0,0,0,0,0,53779,52075,64030,0,0,0,0,0,0,0,0,0,0,0,0,0,0,0,0,0,0,0,0,0,0,0,0,0,0,0,0,0,0,0,0,0,0,0,0,0,0,0,0,0,0,0,0,0,0,0,0,0,0,0,0,0,0,0,0,0,0,0,0,0,0,0,0,0,0,0,0,0,0,0,0,0,0,0,0,0,0,0,0,0,0,0,0,0,0,0,0,0,0,0,0,0,0,0,0,"[M+H]+",206.057966,"Citropten"
"M206_R375_388",374.970017,206.130145,0,0,0,0,0,0,0,0,0,0,0,0,0,0,0,0,0,0,0,0,0,0,0,0,0,0,0,0,0,0,0,0,0,0,0,0,0,0,0,0,0,0,0,0,0,0,0,0,0,0,0,66518,98962,115856,64115,107960,73666,0,0,0,0,0,0,58673,91080,98627,95988,77915,56469,0,0,0,0,0,0,0,0,0,0,0,0,0,0,0,0,0,0,0,0,0,0,0,0,0,0,0,0,0,0,0,0,0,0,0,0,0,0,0,0,0,0,0,0,0,0,0,0,0,0,0,0,0,0,0,0,0,0,0,0,0,0,0,0,0,0,0,0,0,"[M+H]+",206.130145,"2,4,6-Trimethyl-4-phenyl-1,3-dioxane,4,7-Methano-1H-inden-6-ol, 3a,4,5,6,7,7a-hexahydro-, propanoate,Ibuprofen,p-tert-butylphenyl 1-(2,3-epoxy)propyl ether"
"M206_R398_389",397.81387,206.167142,0,0,0,0,0,0,0,0,0,0,0,0,0,0,0,0,0,0,0,0,0,0,0,0,0,0,0,0,0,0,0,0,0,0,0,0,0,0,0,51987,61402,64866,0,0,0,0,0,0,0,0,0,0,0,0,0,0,0,0,0,0,0,0,0,0,0,0,0,0,0,0,0,0,0,0,0,0,0,0,0,0,0,0,0,0,0,0,0,0,0,0,0,0,0,0,0,0,0,0,0,0,0,0,0,0,0,0,0,0,0,0,0,0,0,0,0,0,0,0,0,0,0,0,0,0,0,0,0,0,0,0,0,0,0,0,0,0,0,0,"[M+H]+",206.167142,"1,2,3,5,6,7-hexahydro-1,1,2,3,3-pentamethyl-4H-inden-4-one,2,4-di-tert-butylphenol,2,6-Di-tert-butylphenol,4-(1,1,3,3-tetramethylbutyl)phenol,4-Octylphenol,alpha-Isomethylionone"
"M208_R334_394",334.295276898174,208.10921,0,0,0,0,0,0,0,0,0,0,0,0,0,0,0,0,0,0,0,0,0,0,0,0,0,0,0,0,0,0,0,0,0,0,0,0,0,0,0,0,0,0,0,0,0,0,0,0,0,0,0,0,0,0,0,0,0,0,0,0,0,0,0,0,0,0,0,0,0,80455,75813,76324,0,0,0,0,0,0,0,0,0,0,0,0,0,0,0,0,0,0,56953,0,0,0,59635,59391,0,0,0,0,0,0,0,0,0,0,0,0,0,0,0,0,0,0,0,0,0,0,0,0,0,0,0,0,0,0,73751,0,0,0,73560,66735,0,0,0,0,0,0,"[M-H]-",208.10921,"Isoamyl salicylate,Pentyl salicylate,Tetraethyl orthosilicate"
"M208_R344_398",343.792149612124,208.145975,0,0,0,0,0,0,0,0,0,0,97369,131903,92548,0,0,0,0,0,90527,91695,103210,0,0,0,0,0,0,0,0,0,0,0,0,0,56869,92598,116880,0,0,0,0,0,65417,73810,67895,0,0,0,0,0,0,0,0,0,0,0,0,0,100016,99083,129579,0,0,0,0,0,0,0,0,0,0,0,0,0,0,0,0,0,0,76442,86393,65531,0,0,0,0,0,82722,66188,117820,0,0,0,0,0,0,0,0,0,0,0,0,0,73501,87319,111086,0,0,67482,53290,90040,63071,137179,122839,0,0,0,0,0,0,0,0,0,0,0,0,0,173846,177889,165232,0,0,0,0,0,0,0,0,"[M+H]+,[M-H]-",208.145975,"2-(6,6-Dimethylbicyclo[3.1.1]hept-2-en-3-yl)ethyl acetate,exo-1,7,7-trimethylbicyclo[2.2.1]hept-2-yl acrylate,tert-butyl a,a-dimethylbenzyl peroxide"
"M208_R376_399",376.412514,208.146357,0,0,0,0,0,0,0,0,0,0,0,0,0,0,0,245228,100129,73643,126704,420853,156156,0,49520,35352,50039,0,0,57626,58652,74650,54709,62381,74557,0,61345,100263,80173,0,0,0,0,0,110290,94902,129235,0,0,0,0,0,0,77184,69172,100140,76673,54551,68871,0,80032,83213,86893,0,0,0,0,0,46855,52362,73995,0,0,0,0,0,0,0,0,0,0,0,0,0,0,0,0,0,0,0,0,0,0,0,0,0,0,0,0,0,0,0,0,0,0,0,0,0,0,0,0,0,0,0,0,0,0,0,0,0,0,0,0,0,0,0,0,0,0,0,0,0,0,0,0,0,0,0,0,0,"[M+H]+",208.146357,"2-(6,6-Dimethylbicyclo[3.1.1]hept-2-en-3-yl)ethyl acetate,exo-1,7,7-trimethylbicyclo[2.2.1]hept-2-yl acrylate,tert-butyl a,a-dimethylbenzyl peroxide"
"M208_R384_400",383.721626,208.146393,0,0,0,0,0,0,0,0,0,0,0,0,0,0,0,225108,148489,88727,161050,159890,181951,0,0,0,0,0,0,0,0,0,0,0,0,0,0,0,0,0,0,0,0,0,0,0,0,0,0,0,0,0,0,0,0,0,0,0,0,0,97018,106531,110908,0,0,0,0,0,0,0,0,0,0,0,0,0,0,0,0,0,0,0,0,0,0,0,0,0,0,0,0,0,0,0,0,0,0,0,0,0,0,0,0,0,0,0,0,0,0,0,0,0,0,0,0,0,0,0,0,0,0,0,0,0,0,0,0,0,0,0,0,0,0,0,0,0,0,0,0,0,"[M+H]+",208.146393,"2-(6,6-Dimethylbicyclo[3.1.1]hept-2-en-3-yl)ethyl acetate,exo-1,7,7-trimethylbicyclo[2.2.1]hept-2-yl acrylate,tert-butyl a,a-dimethylbenzyl peroxide"
"M208_R389_401",389.486457,208.146429,0,0,0,0,0,0,0,0,0,0,0,0,0,0,0,0,0,0,0,0,0,0,0,0,0,0,0,0,0,0,0,0,0,0,96904,136962,107800,0,0,153362,203299,210246,114740,135001,118049,0,0,0,0,0,0,0,0,0,0,0,0,0,0,0,0,0,0,0,0,0,0,0,0,0,0,0,0,0,0,0,0,0,0,0,0,0,0,0,0,0,0,0,0,0,0,0,0,0,0,0,0,0,0,0,0,0,0,0,0,0,0,0,0,0,0,0,0,0,0,0,0,0,0,0,0,0,0,0,0,0,0,0,0,0,0,0,0,0,0,0,0,0,"[M+H]+",208.146429,"2-(6,6-Dimethylbicyclo[3.1.1]hept-2-en-3-yl)ethyl acetate,exo-1,7,7-trimethylbicyclo[2.2.1]hept-2-yl acrylate,tert-butyl a,a-dimethylbenzyl peroxide"
"M208_R353_402",352.947179,208.182743,0,0,0,0,0,0,0,0,0,0,0,0,0,0,0,0,0,0,0,0,0,0,63541,78006,55661,0,0,0,0,0,0,0,0,68054,55012,64780,97433,93781,58604,83727,66596,100223,62945,76175,55458,0,0,0,0,0,0,0,0,0,0,0,0,0,0,0,0,0,0,0,0,0,79443,67462,68343,0,0,0,0,0,0,0,0,0,0,0,0,0,0,0,0,0,0,0,0,0,0,0,0,0,0,0,0,0,0,0,0,0,0,0,0,0,0,0,0,0,0,0,0,0,0,0,0,0,0,0,0,0,0,0,0,0,0,0,0,0,0,0,0,0,0,0,0,0,"[M+H]+",208.182743,"Sandacanol"
"M209_R295_403",295.492107,209.08404,60357,86340,58495,0,0,0,0,0,0,0,0,0,0,0,0,0,0,0,0,0,0,0,0,0,0,0,0,0,0,0,0,0,0,78536,0,0,0,72585,71631,61626,75544,70397,0,0,0,55482,0,0,0,80189,67369,0,0,0,0,0,0,0,0,0,0,0,0,0,0,0,0,0,0,0,0,0,0,0,0,0,0,0,0,0,0,0,0,0,0,0,0,0,0,0,0,0,0,0,0,0,0,0,0,0,0,0,0,0,0,0,0,0,0,0,0,0,0,0,0,0,0,0,0,0,0,0,0,0,0,0,0,0,0,0,0,0,0,0,0,0,0,0,"[M+H]+",209.08404,"10,11-Dihydro-10-hydroxycarbamazepine-TP5,N-phenylindolin-2-one"
"M209_R372_404",371.775539629039,209.104403,0,0,0,0,0,0,0,0,0,0,0,0,0,0,0,0,0,0,0,0,0,0,0,0,0,0,0,0,0,0,0,0,0,0,0,0,0,0,0,0,0,0,0,0,0,0,0,0,0,0,0,0,0,0,0,0,0,0,0,0,0,0,0,0,0,0,0,0,0,0,0,0,0,0,0,0,0,0,0,0,0,0,0,0,0,0,0,0,0,0,0,0,0,0,0,0,0,0,0,0,0,0,0,0,0,0,0,0,0,0,0,0,0,0,62530,0,0,0,89936,62590,0,0,0,0,0,0,0,0,0,0,0,0,0,0,0,0,0,0,"[M-H]-",209.104403,"Metoprolol-TP26,Metoprolol-TP34,Metoprolol-TP52,Propoxur"
"M210_R375_411",375.466712,210.079574,0,0,0,0,0,0,0,0,0,0,0,0,0,0,0,0,0,0,0,0,0,58104,0,0,0,52975,56778,0,0,0,0,0,0,0,0,0,0,0,0,63114,54498,74324,63909,64587,58230,0,0,0,0,0,0,0,0,0,0,0,0,0,0,0,0,0,0,0,0,0,0,0,0,0,0,0,0,0,0,0,0,0,0,0,0,0,0,0,0,0,0,0,0,0,0,0,0,0,0,0,0,0,0,0,0,0,0,0,0,0,0,0,0,0,0,0,0,0,0,0,0,0,0,0,0,0,0,0,0,0,0,0,0,0,0,0,0,0,0,0,0,0,"[M+H]+",210.079574,"(3-chloropropyl)diethoxymethylsilane,1,3,7-Trimethyluric acid"
"M210_R387_412",387.247019,210.10212,0,0,0,0,0,0,0,0,0,0,0,0,0,0,0,0,0,0,0,0,0,0,30398,51693,51504,0,0,74386,60655,55299,0,0,0,0,0,0,0,0,0,0,0,0,0,0,0,0,0,0,0,0,0,0,0,0,0,0,0,0,0,0,0,0,0,0,0,0,0,0,0,0,0,0,0,0,0,0,0,0,0,0,0,0,0,0,0,0,0,0,0,0,0,0,0,0,0,0,0,0,0,0,0,0,0,0,0,0,0,0,0,0,0,0,0,0,0,0,0,0,0,0,0,0,0,0,0,0,0,0,0,0,0,0,0,0,0,0,0,0,"[M+H]+",210.10212,"2-Ethylhexyl phosphate,Aprobarbital,Dibutyl hydrogen phosphate,Triisobutyl phosphate-TP2"
"M210_R372_413",372.066907,210.161818,0,0,0,0,0,0,0,0,0,0,109515,176578,72700,0,0,0,0,0,141257,69696,254118,0,0,0,0,0,0,0,0,0,0,0,0,0,0,0,0,0,0,0,0,0,0,0,0,111344,0,0,0,68575,182837,0,0,0,113801,97990,65502,0,0,0,0,0,0,0,0,0,0,0,0,0,0,0,0,0,0,0,0,0,0,0,0,0,0,0,0,0,0,0,0,0,0,0,0,0,0,0,0,0,0,0,0,0,0,0,0,0,0,0,0,0,0,0,0,0,0,0,0,0,0,0,0,0,0,0,0,0,0,0,0,0,0,0,0,0,0,0,0,0,"[M+H]+",210.161818,"4-(4-Hydroxy-4-methylpentyl)cyclohex-3-ene-1-carbaldehyde"
"M210_R346_414",345.80331,210.161854,0,0,0,0,0,0,0,0,0,0,130113,232572,116852,0,0,101601,55150,54655,112186,72614,287369,0,0,0,0,0,0,0,0,0,0,0,0,0,43199,90702,91463,0,0,33913,29787,71071,0,0,0,97895,0,0,0,123286,213788,352834,149834,99183,147571,104842,67144,47723,41406,90562,59914,92869,39918,48604,52709,47708,0,0,0,0,0,0,0,0,0,0,0,0,0,0,0,0,0,0,0,0,0,0,0,0,0,0,0,0,0,0,0,0,0,0,0,0,0,0,0,0,0,0,0,0,0,0,0,0,0,0,0,0,0,0,0,0,0,0,0,0,0,0,0,0,0,0,0,0,0,0,0,0,"[M+H]+",210.161854,"4-(4-Hydroxy-4-methylpentyl)cyclohex-3-ene-1-carbaldehyde"
"M210_R409_415",409.113636,210.161898,0,0,0,0,0,0,0,0,0,0,0,0,0,0,0,0,0,0,0,0,0,0,0,0,0,0,0,0,0,0,0,0,0,0,0,0,0,0,0,0,0,0,0,0,0,0,0,0,0,0,0,66767,133575,175736,95082,86026,77157,0,0,0,0,0,0,0,0,0,0,0,0,0,0,0,0,0,0,0,0,0,0,0,0,0,0,0,0,0,0,0,0,0,0,0,0,0,0,0,0,0,0,0,0,0,0,0,0,0,0,0,0,0,0,0,0,0,0,0,0,0,0,0,0,0,0,0,0,0,0,0,0,0,0,0,0,0,0,0,0,0,"[M+H]+",210.161898,"4-(4-Hydroxy-4-methylpentyl)cyclohex-3-ene-1-carbaldehyde"
"M210_R431_416",431.105619,210.162116,0,0,0,0,0,0,0,0,0,0,0,0,0,0,0,0,0,0,0,0,0,0,0,0,0,0,0,0,0,0,0,0,0,0,0,0,0,0,0,0,0,0,0,0,0,0,0,0,0,0,0,65048,100504,55413,0,0,0,0,0,0,0,0,0,0,0,0,0,0,0,0,0,0,0,0,0,0,0,0,0,0,0,0,0,0,0,0,0,0,0,0,0,0,0,0,0,0,0,0,0,0,0,0,0,0,0,0,0,0,0,0,0,0,0,0,0,0,0,0,0,0,0,0,0,0,0,0,0,0,0,0,0,0,0,0,0,0,0,0,"[M+H]+",210.162116,"4-(4-Hydroxy-4-methylpentyl)cyclohex-3-ene-1-carbaldehyde"
"M211_R286_417",285.801831,211.111043,155670,225974,193658,0,0,0,62776,108499,108672,209273,75020,67400,81274,221544,183271,87333,122152,139719,124540,127986,78489,0,89264,102938,63578,0,0,171499,121374,278435,179812,204208,109774,215811,0,0,0,259742,248294,213522,198762,213565,194936,206099,203788,192913,0,0,0,194376,191087,0,0,0,92230,76068,99815,296118,0,0,0,189516,256297,158179,233985,200255,206296,153519,204022,0,0,0,0,0,0,0,0,0,0,0,0,0,0,0,0,0,0,0,0,0,0,0,0,0,0,0,0,0,0,0,0,0,0,0,0,0,0,0,0,0,0,0,0,0,0,0,0,0,0,0,0,0,0,0,0,0,0,0,0,0,0,0,0,0,0,0,0,0,"[M+H]+",211.111043,"1,3-diphenylguanidine"
"M211_R304_418",303.630056,211.143351,0,0,0,0,0,0,0,0,0,0,165277,181502,200705,0,0,0,0,0,0,0,0,0,236490,268561,157000,0,0,0,0,0,0,0,0,0,118341,122543,152766,0,0,0,0,0,0,0,0,0,108091,150921,121266,0,0,0,0,0,0,0,0,0,114308,105670,95882,0,0,0,0,0,0,0,0,0,0,0,0,0,0,0,0,0,0,0,0,0,0,0,0,0,0,0,0,0,0,0,0,0,0,0,0,0,0,0,0,0,0,0,0,0,0,0,0,0,0,0,0,0,0,0,0,0,0,0,0,0,0,0,0,0,0,0,0,0,0,0,0,0,0,0,0,0,"[M+H]+",211.143351,"Atraton,Terbuthylazine-TP4,Terbutryn-TP3"
"M212_R416_422",415.712541,212.068657,0,0,0,0,0,0,0,0,0,0,0,0,0,0,0,0,0,0,0,0,0,0,0,0,0,0,0,0,0,0,179641,275829,143152,0,0,0,0,0,0,0,0,0,0,0,0,0,0,0,0,0,0,0,0,0,0,0,0,0,0,0,0,0,0,0,0,0,0,0,0,0,0,0,0,0,0,0,0,0,0,0,0,0,0,0,0,0,0,0,0,0,0,0,0,0,0,0,0,0,0,0,0,0,0,0,0,0,0,0,0,0,0,0,0,0,0,0,0,0,0,0,0,0,0,0,0,0,0,0,0,0,0,0,0,0,0,0,0,0,"[M+H]+",212.068657,"Chlorotoluron,Clofibric acid-TP5,Clofibric acid-TP8,Prohexadione,Propyl gallate"
"M213_R442_426",442.189429,213.245728,0,0,0,102631,68852,55670,0,0,0,0,0,0,0,0,0,57752,55054,50179,0,0,0,0,0,0,0,0,0,70586,44873,112411,0,0,0,0,0,0,0,0,0,0,0,0,0,0,0,0,0,0,0,0,0,55788,52917,70601,0,0,0,0,0,0,0,0,0,0,0,0,0,0,0,0,0,0,0,0,0,0,0,0,0,0,0,0,0,0,0,0,0,0,0,0,0,0,0,0,0,0,0,0,0,0,0,0,0,0,0,0,0,0,0,0,0,0,0,0,0,0,0,0,0,0,0,0,0,0,0,0,0,0,0,0,0,0,0,0,0,0,0,0,"[M+H]+",213.245728,"N,N-Dimethyldodecan-1-amine"
"M214_R217_427",217.141749343706,214.029039,0,0,0,0,0,0,0,0,0,0,0,0,0,0,0,0,0,0,0,0,0,0,0,0,0,0,0,0,0,0,0,0,0,0,0,0,0,0,0,0,0,0,0,0,0,0,0,0,0,0,0,0,0,0,0,0,0,0,0,0,0,0,0,0,0,0,0,0,0,0,0,0,0,0,0,0,0,0,0,0,0,0,0,0,0,0,0,0,0,0,0,0,0,0,0,0,0,0,0,377984,336845,55304,0,0,0,0,0,0,0,0,0,0,0,0,0,0,0,0,0,0,0,0,0,0,0,0,0,0,0,0,0,0,0,0,0,0,0,0,"[M-H]-",214.029039,"Phosphorodithioic acid, O,O-bis(1-methylethyl) ester, sodium salt"
"M214_R199_428",199.468302951697,214.029292,0,0,0,0,0,0,0,0,0,0,0,0,0,0,0,0,0,0,0,0,0,0,0,0,0,0,0,0,0,0,0,0,0,0,0,0,0,0,0,0,0,0,0,0,0,0,0,0,0,0,0,0,0,0,0,0,0,0,0,0,0,0,0,0,0,0,0,0,0,0,0,0,0,0,0,35682,31499,22258,0,0,0,0,0,0,0,0,0,0,0,0,0,0,0,0,0,0,0,0,0,0,0,0,0,0,0,0,0,0,0,0,0,0,0,0,0,0,0,0,0,0,0,0,0,0,0,0,0,0,0,0,0,0,0,0,0,0,0,0,"[M-H]-",214.029292,"Phosphorodithioic acid, O,O-bis(1-methylethyl) ester, sodium salt"
"M214_R215_429",215.254769812624,214.029303,0,0,0,0,0,0,0,0,0,0,0,0,0,0,0,0,0,0,0,0,0,0,0,0,0,0,0,0,0,0,0,0,0,0,0,0,0,0,0,0,0,0,0,0,0,0,0,0,0,0,0,0,0,0,0,0,0,0,0,0,0,0,0,0,0,0,0,0,0,0,0,0,526305,659858,386028,1137244,882604,783157,0,0,0,0,0,0,0,0,0,0,0,0,0,0,0,0,0,0,0,0,0,0,0,0,0,0,0,0,0,0,0,0,0,0,0,0,0,0,0,0,0,0,0,0,0,0,0,0,0,0,0,0,0,0,0,0,0,0,0,0,"[M-H]-",214.029303,"Phosphorodithioic acid, O,O-bis(1-methylethyl) ester, sodium salt"
"M214_R239_430",238.878797992155,214.065493,0,0,0,0,0,0,0,0,0,0,0,0,0,0,0,0,0,0,0,0,0,0,0,0,0,0,0,0,0,0,0,0,0,0,0,0,0,0,0,0,0,0,0,0,0,0,0,0,0,0,0,0,0,0,0,0,0,0,0,0,0,0,0,0,0,0,0,0,0,0,0,0,0,0,0,0,0,0,0,0,0,0,0,0,0,0,0,0,0,0,0,55722,73181,52599,0,0,0,0,0,0,0,0,0,0,0,0,0,0,0,0,0,0,0,0,0,0,0,0,0,0,0,0,0,0,0,0,0,0,0,0,0,0,0,0,0,0,0,0,"[M-H]-",214.065493,"2,4-Dihydroxybenzophenone,4,4'-dihydroxybenzophenone,Propranolol-TP11,Tris(3-chloropropyl) phosphate-TP19"
"M214_R250_431",249.774278736474,214.065612,0,0,0,0,0,0,0,0,0,0,0,0,0,0,0,0,0,0,0,0,0,0,0,0,0,0,0,0,0,0,0,0,0,0,0,0,0,0,0,0,0,0,0,0,0,0,0,0,0,0,0,0,0,0,0,0,0,0,0,0,0,0,0,0,0,0,0,0,0,0,0,0,0,0,0,133473,118212,128571,52970,0,0,0,76123,77461,0,0,0,0,0,0,0,0,0,0,0,0,0,0,0,0,0,0,0,0,0,0,0,0,0,0,0,0,0,0,0,0,0,0,0,0,0,0,0,0,0,0,0,0,0,0,0,0,0,0,0,0,0,0,"[M-H]-",214.065612,"2,4-Dihydroxybenzophenone,4,4'-dihydroxybenzophenone,Propranolol-TP11,Tris(3-chloropropyl) phosphate-TP19"
"M214_R251_433",250.637787,214.118135,0,0,0,111652,44123,58239,0,0,0,0,57599,130410,110010,0,0,0,0,0,78296,96885,156118,0,65866,90842,79323,0,0,125057,87807,98290,60442,117580,102942,0,0,0,0,0,0,80327,34549,63418,0,0,0,59016,0,0,0,112096,67087,0,0,0,0,0,0,0,0,0,0,0,0,0,0,0,0,0,0,0,0,0,0,0,0,0,0,0,0,0,0,0,0,0,0,0,0,0,0,0,0,0,0,0,0,0,0,0,0,0,0,0,0,0,0,0,0,0,0,0,0,0,0,0,0,0,0,0,0,0,0,0,0,0,0,0,0,0,0,0,0,0,0,0,0,0,0,0,"[M+H]+",214.118135,"Pestalotin,biphenyl-3,3',4,4'-tetrayltetraamine"
"M214_R343_434",342.86712326776,214.119619,0,0,0,0,0,0,0,0,0,0,0,0,0,0,0,0,0,0,0,0,0,0,0,0,0,0,0,0,0,0,0,0,0,0,0,0,0,0,0,0,0,0,0,0,0,0,0,0,0,0,0,0,0,0,0,0,0,0,0,0,0,0,0,0,0,0,0,0,0,0,0,0,0,0,0,0,0,0,0,0,0,0,0,0,0,0,0,0,0,0,96283,0,0,0,75663,59917,0,0,0,0,0,0,0,0,0,0,0,0,0,0,0,0,0,0,0,0,0,0,0,0,0,0,0,0,0,0,0,0,0,0,0,0,0,0,0,82819,63517,50672,"[M-H]-",214.119619,"Pestalotin,biphenyl-3,3',4,4'-tetrayltetraamine"
"M215_R312_437",311.787135058123,215.151455,0,0,0,0,0,0,0,0,0,0,0,0,0,0,0,0,0,0,0,0,0,0,0,0,0,0,0,0,0,0,0,0,0,0,0,0,0,0,0,0,0,0,0,0,0,0,0,0,0,0,0,0,0,0,0,0,0,0,0,0,0,0,0,0,0,0,0,0,0,74830,70963,67941,0,0,0,0,0,0,0,0,0,0,0,0,0,0,0,0,0,0,0,0,0,0,0,0,0,0,0,0,0,0,0,0,0,0,0,0,0,0,0,0,0,0,80463,0,0,0,64843,61511,0,0,0,0,0,0,0,0,0,0,0,0,53554,57352,79456,0,0,0,"[M-H]-",215.151455,"Ethyl 3-(N-butylacetamido)propionate"
"M216_R183_446",182.642444932008,216.045004,0,0,0,0,0,0,0,0,0,0,0,0,0,0,0,0,0,0,0,0,0,0,0,0,0,0,0,0,0,0,0,0,0,0,0,0,0,0,0,0,0,0,0,0,0,0,0,0,0,0,0,0,0,0,0,0,0,0,0,0,0,0,0,0,0,0,0,0,0,59341,61931,78334,0,0,0,0,0,0,53321,0,0,0,86859,120242,0,0,0,0,0,0,82450,0,0,0,98029,47972,0,0,0,0,0,0,92482,0,0,0,120252,74758,0,0,0,0,0,0,44146,0,0,0,48639,45829,0,0,0,0,0,0,52231,0,0,0,58100,47275,0,0,0,0,0,0,"[M-H]-",216.045004,"N-(2-nitrophenyl)phosphoric triamide"
"M216_R343_449",343.46993288586,216.13507,0,0,0,0,0,0,0,0,0,0,0,0,0,0,0,0,0,0,0,0,0,0,0,0,0,0,0,0,0,0,0,0,0,0,0,0,0,0,0,0,0,0,0,0,0,0,0,0,0,0,0,0,0,0,0,0,0,0,0,0,0,0,0,0,0,0,0,0,0,0,0,0,0,0,0,0,0,0,0,0,0,0,0,0,0,0,0,0,0,0,0,0,0,0,0,0,0,0,0,0,0,0,0,0,0,0,0,0,0,0,0,0,0,0,0,0,0,0,0,0,0,0,0,0,0,0,0,0,0,0,0,0,0,0,0,65909,55388,34229,"[M-H]-",216.13507,"Neopentyl glycol diglycidyl ether"
"M216_R371_450",370.819917,216.135301,0,0,0,0,0,0,0,0,0,0,0,0,0,0,0,0,0,0,0,0,0,0,0,0,0,0,0,90239,103611,106226,0,0,0,0,0,0,0,0,0,136546,101981,90200,60847,78536,53379,0,0,0,0,0,0,0,0,0,78559,85949,97897,0,0,0,0,0,0,101175,155124,93333,0,0,0,0,0,0,0,0,0,0,0,0,0,0,0,0,0,0,0,0,0,0,0,0,0,0,0,0,0,0,0,0,0,0,0,0,0,0,0,0,0,0,0,0,0,0,0,0,0,0,0,0,0,0,0,0,0,0,0,0,0,0,0,0,0,0,0,0,0,0,0,0,"[M+H]+",216.135301,"Neopentyl glycol diglycidyl ether"
"M216_R329_451",328.709484911527,216.135338,0,0,0,0,0,0,0,0,0,0,0,0,0,0,0,0,0,0,0,0,0,0,0,0,0,0,0,0,0,0,0,0,0,0,0,0,0,0,0,0,0,0,0,0,0,0,0,0,0,0,0,0,0,0,0,0,0,0,0,0,0,0,0,0,0,0,0,0,0,0,0,0,0,0,0,0,0,0,0,0,0,0,0,0,31634,50397,39391,26411,38380,26120,0,0,0,0,0,0,0,0,0,0,0,0,0,0,0,0,0,0,0,0,0,0,0,0,0,0,0,0,0,0,0,0,0,0,0,0,0,0,0,0,0,0,0,0,0,0,0,0,"[M-H]-",216.135338,"Neopentyl glycol diglycidyl ether"
"M216_R337_452",336.712623618045,216.135393,0,0,0,0,0,0,0,0,0,0,0,0,0,0,0,0,0,0,0,0,0,0,0,0,0,0,0,0,0,0,0,0,0,0,0,0,0,0,0,0,0,0,0,0,0,0,0,0,0,0,0,0,0,0,0,0,0,0,0,0,0,0,0,0,0,0,0,0,0,75355,62928,59777,0,0,0,237109,216304,151144,0,82147,61977,163100,0,0,293672,484081,333421,119492,180796,262304,0,0,0,0,0,0,90583,98956,205150,0,0,0,0,0,0,0,0,0,133889,71608,67444,0,0,0,0,0,0,0,0,0,142402,71013,55047,57835,170132,52185,0,0,0,0,0,0,0,0,0,0,0,0,"[M-H]-",216.135393,"Neopentyl glycol diglycidyl ether"
"M216_R378_453",378.447930901768,216.171748,0,0,0,0,0,0,0,0,0,0,0,0,0,0,0,0,0,0,0,0,0,0,0,0,0,0,0,0,0,0,0,0,0,0,0,0,0,0,0,0,0,0,0,0,0,0,0,0,0,0,0,0,0,0,0,0,0,0,0,0,0,0,0,0,0,0,0,0,0,55833,60244,31118,0,0,0,0,0,0,68704,0,0,0,39103,36799,0,0,0,0,0,0,0,0,0,0,0,0,36255,20030,40226,0,0,0,0,0,0,0,0,0,0,0,0,0,0,0,0,0,0,0,0,0,0,0,0,0,0,0,75034,0,0,0,81142,71003,0,0,0,72396,71400,83418,"[M-H]-",216.171748,"2,2,4-Trimethyl-1,3-pentanediol monoisobutyrate"
"M216_R351_454",350.970191015145,216.171762,0,0,0,0,0,0,0,0,0,0,0,0,0,0,0,0,0,0,0,0,0,0,0,0,0,0,0,0,0,0,0,0,0,0,0,0,0,0,0,0,0,0,0,0,0,0,0,0,0,0,0,0,0,0,0,0,0,0,0,0,0,0,0,0,0,0,0,0,0,0,0,0,0,0,0,0,0,0,0,0,0,0,0,0,0,0,0,53030,75000,114978,0,0,0,0,0,0,0,0,0,0,0,0,0,0,0,0,0,0,0,0,0,0,0,0,0,0,0,0,0,0,0,0,0,0,0,0,0,0,0,0,0,0,0,0,0,0,0,0,"[M-H]-",216.171762,"2,2,4-Trimethyl-1,3-pentanediol monoisobutyrate"
"M217_R169_455",169.099150870634,217.003686,0,0,0,0,0,0,0,0,0,0,0,0,0,0,0,0,0,0,0,0,0,0,0,0,0,0,0,0,0,0,0,0,0,0,0,0,0,0,0,0,0,0,0,0,0,0,0,0,0,0,0,0,0,0,0,0,0,0,0,0,0,0,0,0,0,0,0,0,0,0,0,0,92775,82166,57470,60775,60701,66983,0,0,0,0,0,0,0,0,0,0,0,0,0,0,0,0,0,0,0,0,0,0,0,0,0,0,0,0,0,0,0,0,0,0,0,0,0,0,0,0,0,0,0,0,0,0,0,0,0,0,0,0,0,0,0,0,0,0,0,0,"[M-H]-",217.003686,"4-nitrotoluene-2-sulphonic acid,4-sulphoanthranilic acid,Propanil"
"M218_R78_456",78.312896263542,218.009637,0,0,0,0,0,0,0,0,0,0,0,0,0,0,0,0,0,0,0,0,0,0,0,0,0,0,0,0,0,0,0,0,0,0,0,0,0,0,0,0,0,0,0,0,0,0,0,0,0,0,0,0,0,0,0,0,0,0,0,0,0,0,0,0,0,0,0,0,0,0,0,0,0,0,0,0,0,0,0,0,0,0,0,0,0,0,0,0,0,0,0,0,0,0,0,0,0,0,0,0,0,0,0,0,0,0,0,0,0,0,0,0,0,0,0,0,0,0,0,0,0,0,0,0,0,0,0,57972,73970,65873,0,0,0,0,0,0,0,0,"[M-H]-",218.009637,"2-Fluoro-5-(methylsulfonyl)benzoic acid,Pyridafol-TP30"
"M218_R251_457",250.594818306852,218.077996,0,0,0,0,0,0,0,0,0,0,0,0,0,0,0,0,0,0,0,0,0,0,0,0,0,0,0,0,0,0,0,0,0,0,0,0,0,0,0,0,0,0,0,0,0,0,0,0,0,0,0,0,0,0,0,0,0,0,0,0,0,0,0,0,0,0,0,0,0,0,0,0,0,0,0,0,0,0,0,0,0,0,0,0,0,0,0,0,0,0,0,0,0,0,0,0,0,0,0,0,0,0,0,0,0,0,0,0,0,0,0,0,0,0,0,0,0,0,0,0,0,0,0,0,0,0,0,0,0,0,0,0,122475,79978,148683,0,0,0,"[M-H]-",218.077996,"Clofibric acid-TP31,Triacetin"
"M218_R231_458",231.018585046637,218.078016,0,0,0,0,0,0,0,0,0,0,0,0,0,0,0,0,0,0,0,0,0,0,0,0,0,0,0,0,0,0,0,0,0,0,0,0,0,0,0,0,0,0,0,0,0,0,0,0,0,0,0,0,0,0,0,0,0,0,0,0,0,0,0,0,0,0,0,0,0,0,0,0,0,0,0,0,0,0,0,0,0,0,0,0,0,0,0,0,0,0,0,0,0,0,0,0,0,0,0,0,0,0,0,0,0,0,0,0,0,0,0,0,0,0,0,0,0,0,0,0,0,0,0,0,0,0,0,0,0,0,0,0,69874,45960,52151,0,0,0,"[M-H]-",218.078016,"Clofibric acid-TP31,Triacetin"
"M218_R269_459",269.368639,218.07911,0,0,0,0,0,0,0,0,0,0,0,0,0,0,0,0,0,0,0,0,0,0,124921,69262,102156,0,0,0,0,0,0,0,0,0,0,0,0,0,0,0,0,0,56685,83087,76819,0,0,0,0,0,0,0,0,0,0,0,0,103133,157278,102894,139603,83130,81009,0,0,0,0,0,0,0,0,0,0,0,0,0,0,0,0,0,0,0,0,0,0,0,0,0,0,0,0,0,0,0,0,0,0,0,0,0,0,0,0,0,0,0,0,0,0,0,0,0,0,0,0,0,0,0,0,0,0,0,0,0,0,0,0,0,0,0,0,0,0,0,0,0,0,0,"[M+H]+",218.07911,"Clofibric acid-TP31,Triacetin"
"M218_R311_460",311.178753,218.079225,0,0,0,0,0,0,0,0,0,0,0,0,0,0,0,0,0,0,0,0,0,0,132881,94219,106279,0,0,0,0,0,0,0,0,0,0,0,0,0,0,0,0,0,66092,92395,98986,0,0,0,0,0,0,87493,66767,83589,75502,153097,75632,176444,156778,120752,154321,92128,102719,140874,148173,50967,105736,82980,103493,0,0,0,0,0,0,0,0,0,0,0,0,0,0,0,0,0,0,0,0,0,0,0,0,0,0,0,0,0,0,0,0,0,0,0,0,0,0,0,0,0,0,0,0,0,0,0,0,0,0,0,0,0,0,0,0,0,0,0,0,0,0,0,0,0,0,0,0,0,"[M+H]+",218.079225,"Clofibric acid-TP31,Triacetin"
"M218_R331_461",331.305559,218.105316,0,0,0,0,0,0,0,0,0,0,0,0,0,0,0,0,0,0,0,0,0,45658,0,0,0,23508,48937,0,0,0,0,0,0,0,0,0,0,0,0,0,0,0,51891,60130,40170,0,0,0,0,0,0,0,0,0,0,0,0,0,0,0,0,0,0,0,0,0,0,0,0,0,0,0,0,0,0,0,0,0,0,0,0,0,0,0,0,0,0,0,0,0,0,0,0,0,0,0,0,0,0,0,0,0,0,0,0,0,0,0,0,0,0,0,0,0,0,0,0,0,0,0,0,0,0,0,0,0,0,0,0,0,0,0,0,0,0,0,0,0,"[M+H]+",218.105316,"4-Methyl-2-propylbenzimidazole-6-carboxylic acid,4-tert-butylcyclohexyl chloroformate,Primidone"
"M218_R276_462",276.294243,218.105413,0,0,0,0,0,0,0,0,0,0,0,0,0,0,0,0,0,0,0,0,0,0,0,0,0,0,0,0,0,0,0,0,0,27058,0,0,0,31376,28325,28626,31018,37784,0,0,0,0,0,0,0,0,0,0,0,0,0,0,0,0,0,0,0,0,0,0,0,0,0,0,0,0,0,0,0,0,0,0,0,0,0,0,0,0,0,0,0,0,0,0,0,0,0,0,0,0,0,0,0,0,0,0,0,0,0,0,0,0,0,0,0,0,0,0,0,0,0,0,0,0,0,0,0,0,0,0,0,0,0,0,0,0,0,0,0,0,0,0,0,0,"[M+H]+",218.105413,"4-Methyl-2-propylbenzimidazole-6-carboxylic acid,4-tert-butylcyclohexyl chloroformate,Primidone"
"M218_R300_463",299.930693,218.105512,73443,81889,68469,0,0,0,0,0,0,64601,0,0,0,85673,78686,0,0,0,0,0,0,73027,0,0,0,64189,72711,0,0,0,0,0,0,89463,0,0,0,110732,93348,76299,64621,99501,71255,51407,38937,0,0,0,0,0,0,0,0,0,0,0,0,0,0,0,0,0,0,0,0,0,0,0,0,0,0,0,0,0,0,0,0,0,0,0,0,0,0,0,0,0,0,0,0,0,0,0,0,0,0,0,0,0,0,0,0,0,0,0,0,0,0,0,0,0,0,0,0,0,0,0,0,0,0,0,0,0,0,0,0,0,0,0,0,0,0,0,0,0,0,0,0,0,"[M+H]+",218.105512,"4-Methyl-2-propylbenzimidazole-6-carboxylic acid,4-tert-butylcyclohexyl chloroformate,Primidone"
"M218_R364_464",363.511481,218.130558,0,0,0,0,0,0,0,0,0,0,0,0,0,0,0,0,0,0,0,0,0,0,63311,74245,56947,0,0,0,0,0,0,0,0,0,0,0,0,0,0,0,0,0,0,0,0,0,82578,83237,76919,0,0,0,0,0,0,0,0,0,0,0,0,0,0,0,0,0,44621,53412,40466,0,0,0,0,0,0,0,0,0,0,0,0,0,0,0,0,0,0,0,0,0,0,0,0,0,0,0,0,0,0,0,0,0,0,0,0,0,0,0,0,0,0,0,0,0,0,0,0,0,0,0,0,0,0,0,0,0,0,0,0,0,0,0,0,0,0,0,0,0,"[M+H]+",218.130558,"Meprobamate"
"M218_R352_465",352.126362,218.130579,0,0,0,0,0,0,0,0,0,0,0,0,0,0,0,103804,133444,70193,0,0,0,0,0,0,0,0,0,0,0,0,69631,70830,45864,0,0,0,0,0,0,0,0,0,0,0,0,0,0,0,0,0,0,0,0,0,0,0,0,0,0,0,0,0,0,0,0,0,0,0,0,0,0,0,0,0,0,0,0,0,0,0,0,0,0,0,0,0,0,0,0,0,0,0,0,0,0,0,0,0,0,0,0,0,0,0,0,0,0,0,0,0,0,0,0,0,0,0,0,0,0,0,0,0,0,0,0,0,0,0,0,0,0,0,0,0,0,0,0,0,"[M+H]+",218.130579,"Meprobamate"
"M218_R394_466",394.4044,218.130598,0,0,0,0,0,0,0,0,0,0,0,0,0,0,0,0,0,0,62088,69097,67292,0,0,0,0,0,0,36576,49956,67531,0,0,0,0,0,0,0,0,0,0,0,0,0,0,0,0,0,0,0,0,0,0,0,0,0,0,0,0,87122,78772,111683,0,0,0,0,0,55230,49154,53247,0,0,0,0,0,0,0,0,0,0,0,0,0,0,0,0,0,0,0,0,0,0,0,0,0,0,0,0,0,0,0,0,0,0,0,0,0,0,0,0,0,0,0,0,0,0,0,0,0,0,0,0,0,0,0,0,0,0,0,0,0,0,0,0,0,0,0,0,0,"[M+H]+",218.130598,"Meprobamate"
"M218_R386_467",386.279323,218.130599,0,0,0,0,0,0,0,0,0,0,0,0,0,0,0,0,0,0,0,0,0,0,0,0,0,0,0,0,0,0,0,0,0,0,0,0,0,0,0,93077,114188,101079,0,0,0,0,0,0,0,0,0,0,0,0,0,0,0,0,0,0,0,0,0,0,0,0,0,0,0,0,0,0,0,0,0,0,0,0,0,0,0,0,0,0,0,0,0,0,0,0,0,0,0,0,0,0,0,0,0,0,0,0,0,0,0,0,0,0,0,0,0,0,0,0,0,0,0,0,0,0,0,0,0,0,0,0,0,0,0,0,0,0,0,0,0,0,0,0,"[M+H]+",218.130599,"Meprobamate"
"M218_R360_468",359.634135,218.130807,0,0,0,0,0,0,0,0,0,0,0,0,0,0,0,0,0,0,0,0,0,0,0,0,0,0,0,0,0,0,0,0,0,0,0,0,0,0,0,0,0,0,0,0,0,0,0,0,0,0,0,0,0,0,0,0,0,0,126605,88762,181497,0,0,0,0,0,0,0,0,0,0,0,0,0,0,0,0,0,0,0,0,0,0,0,0,0,0,0,0,0,0,0,0,0,0,0,0,0,0,0,0,0,0,0,0,0,0,0,0,0,0,0,0,0,0,0,0,0,0,0,0,0,0,0,0,0,0,0,0,0,0,0,0,0,0,0,0,0,"[M+H]+",218.130807,"Meprobamate"
"M219_R273_474",272.74282,219.125888,0,0,0,0,0,0,0,0,0,0,0,0,0,0,0,0,0,0,0,0,0,0,0,0,0,0,0,0,0,0,0,0,0,61107,59597,81163,53733,69530,56184,52532,67978,57996,0,0,0,83563,0,0,0,69113,101391,0,0,0,0,0,0,0,0,0,0,0,0,0,0,0,0,0,0,0,0,0,0,0,0,0,0,0,0,0,0,0,0,0,0,0,0,0,0,0,0,0,0,0,0,0,0,0,0,0,0,0,0,0,0,0,0,0,0,0,0,0,0,0,0,0,0,0,0,0,0,0,0,0,0,0,0,0,0,0,0,0,0,0,0,0,0,0,"[M+H]+",219.125888,"Ritalinic acid"
"M219_R370_475",369.821076,219.126001,0,0,0,0,0,0,0,0,0,0,0,0,0,0,0,0,0,0,0,0,0,0,0,0,0,0,0,0,0,0,0,0,0,0,0,0,0,0,0,0,0,0,0,0,0,0,0,0,0,0,0,0,0,0,0,0,0,0,68000,59642,50161,0,0,77583,68344,51502,0,0,0,0,0,0,0,0,0,0,0,0,0,0,0,0,0,0,0,0,0,0,0,0,0,0,0,0,0,0,0,0,0,0,0,0,0,0,0,0,0,0,0,0,0,0,0,0,0,0,0,0,0,0,0,0,0,0,0,0,0,0,0,0,0,0,0,0,0,0,0,0,"[M+H]+",219.126001,"Ritalinic acid"
"M219_R384_477",383.714754,219.162379,63653,78063,70098,0,0,0,0,0,0,78320,107898,111426,128334,70036,72443,0,0,0,0,0,0,66023,158610,168549,155647,75918,74851,70483,64687,83712,0,0,0,57854,132239,176149,161482,69609,76181,94962,97754,86036,65514,94370,80974,0,117475,136050,114861,0,0,0,0,0,0,0,0,70098,129111,108785,118816,75337,81073,0,0,0,0,0,0,0,0,0,0,0,0,0,0,0,0,0,0,0,0,0,0,0,0,0,0,0,0,0,0,0,0,0,0,0,0,0,0,0,0,0,0,0,0,0,0,0,0,0,0,0,0,0,0,0,0,0,0,0,0,0,0,0,0,0,0,0,0,0,0,0,0,0,0,0,"[M+H]+",219.162379,"1,3,5-Triazine-1,3,5(2H,4H,6H)-triethanol,N-Ethyl Hexedrone"
"M220_R228_479",227.93789148765,220.039702,0,0,0,0,0,0,0,0,0,0,0,0,0,0,0,0,0,0,0,0,0,0,0,0,0,0,0,0,0,0,0,0,0,0,0,0,0,0,0,0,0,0,0,0,0,0,0,0,0,0,0,0,0,0,0,0,0,0,0,0,0,0,0,0,0,0,0,0,0,0,0,0,0,0,0,0,0,0,0,0,0,0,0,0,0,0,0,0,0,0,0,0,0,0,0,0,0,0,0,0,0,0,0,0,0,0,0,0,0,0,0,0,0,0,0,0,0,0,0,0,0,0,0,0,0,0,0,0,0,0,0,0,0,0,0,166078,87005,147721,"[M-H]-",220.039702,"Methylsilanetriyl triacetate"
"M220_R197_480",197.383929524203,220.039904,0,0,0,0,0,0,0,0,0,0,0,0,0,0,0,0,0,0,0,0,0,0,0,0,0,0,0,0,0,0,0,0,0,0,0,0,0,0,0,0,0,0,0,0,0,0,0,0,0,0,0,0,0,0,0,0,0,0,0,0,0,0,0,0,0,0,0,0,0,0,0,0,0,0,0,51366,90490,66552,25892,0,0,0,70379,85554,0,0,0,0,0,0,58844,0,0,0,59946,50966,0,0,0,0,0,0,59002,61031,66359,63875,78826,62426,0,0,0,0,0,0,0,0,0,0,0,0,0,0,0,0,0,0,0,0,0,0,0,0,0,0,0,0,0,0,"[M-H]-",220.039904,"Methylsilanetriyl triacetate"
"M220_R385_482",385.045285,220.109885,0,0,0,0,0,0,0,0,0,0,57556,153343,96152,0,0,0,0,0,0,0,0,81349,0,0,0,72718,67665,59610,51004,52504,0,0,0,0,0,0,0,0,0,58764,81698,59907,0,0,0,0,0,0,0,0,0,0,0,0,0,0,0,0,0,0,0,0,0,58739,53546,41168,0,0,0,0,0,0,0,0,0,0,0,0,0,0,0,0,0,0,0,0,0,0,0,0,0,0,0,0,0,0,0,0,0,0,0,0,0,0,0,0,0,0,0,0,0,0,0,0,0,0,0,0,0,0,0,0,0,0,0,0,0,0,0,0,0,0,0,0,0,0,0,0,"[M+H]+",220.109885,"Benzoic acid, 2-hydroxy-, cyclohexyl ester,Tramadol-TP9"
"M220_R402_483",402.445384,220.109961,0,0,0,0,0,0,117510,112907,117793,0,639083,686442,571807,0,0,617632,450082,365021,611097,1064667,567275,67424,86228,107824,112134,51656,88081,0,0,0,0,0,0,0,469949,817013,754484,0,0,786963,390021,835281,262960,703025,314413,0,112605,222194,104603,0,0,0,0,0,0,0,0,235024,937710,967296,1122218,315095,233182,252854,126002,178596,120155,115536,88905,0,0,0,0,0,0,0,0,0,0,0,0,0,0,0,0,0,0,0,0,0,0,0,0,0,0,0,0,0,0,0,0,0,0,0,0,0,0,0,0,0,0,0,0,0,0,0,0,0,0,0,0,0,0,0,0,0,0,0,0,0,0,0,0,0,0,0,0,0,"[M+H]+",220.109961,"Benzoic acid, 2-hydroxy-, cyclohexyl ester,Tramadol-TP9"
"M220_R369_484",368.856751,220.109978,0,0,0,0,0,0,0,0,0,0,0,0,0,0,0,0,0,0,0,0,0,0,0,0,0,0,0,0,0,0,0,0,0,0,0,0,0,0,0,0,0,0,0,0,0,0,0,0,0,0,0,0,0,0,0,0,0,0,28183,35083,23906,0,0,0,0,0,0,0,0,0,0,0,0,0,0,0,0,0,0,0,0,0,0,0,0,0,0,0,0,0,0,0,0,0,0,0,0,0,0,0,0,0,0,0,0,0,0,0,0,0,0,0,0,0,0,0,0,0,0,0,0,0,0,0,0,0,0,0,0,0,0,0,0,0,0,0,0,0,"[M+H]+",220.109978,"Benzoic acid, 2-hydroxy-, cyclohexyl ester,Tramadol-TP9"
"M221_R320_488",319.853591432214,221.104764,254681,398094,233260,259437,226919,186992,216114,460756,235973,896897,526769,464791,550666,766691,692577,282282,534625,537664,355476,383769,251725,956436,1609313,1803938,678224,1092757,1026274,745001,564381,975643,610604,649937,523031,765759,626991,751321,1064156,923618,933296,1094338,800937,628207,1136145,717511,704367,378808,115161,148202,127782,420082,371695,205804,148692,172041,116658,219731,128275,0,106583,106917,100909,0,0,79371,72301,97195,0,0,0,71306,52485,54321,0,0,0,0,0,0,108108,0,0,0,102265,125701,70744,82690,75554,79543,90092,68016,183455,168552,222640,132622,160163,145776,154390,104495,227014,156454,171555,113390,141470,73341,162498,137113,142001,130929,180232,145712,162768,173989,220211,161843,58226,0,0,0,65390,52937,0,0,0,0,0,0,0,0,0,0,0,0,0,0,0,0,0,0,"[M+H]+,[M-H]-",221.104764,"Butylone,Diarylpyrazolium,Ethylone,Metaxalone"
"M221_R297_491",297.48388,221.177842,174937,193144,124455,0,0,0,64613,86162,77098,124616,0,0,0,168856,151195,50317,54960,79228,0,0,0,170087,0,0,0,162215,157373,100840,93685,162647,73520,117956,65450,160583,0,0,0,218892,175948,172049,156546,158086,102334,151373,111688,128875,0,0,0,124509,113529,0,0,0,0,0,0,138545,0,0,0,142853,132465,0,0,0,0,0,0,0,0,0,0,0,0,0,0,0,0,0,0,0,0,0,0,0,0,0,0,0,0,0,0,0,0,0,0,0,0,0,0,0,0,0,0,0,0,0,0,0,0,0,0,0,0,0,0,0,0,0,0,0,0,0,0,0,0,0,0,0,0,0,0,0,0,0,0,0,"[M+H]+",221.177842,"Tapentadol"
"M221_R379_492",379.135427,221.177927,178800,607234,437150,182039,152711,170101,305965,309647,404385,0,0,0,0,0,0,0,0,0,520535,442215,265964,481864,0,0,0,642102,157106,0,0,0,657138,172068,426960,355452,0,0,0,952381,334271,0,0,0,0,0,0,0,492859,559845,674830,0,0,91200,104703,248952,233370,176858,142052,0,0,0,0,0,0,133161,155709,114261,0,0,0,0,0,0,0,0,0,0,0,0,0,0,0,0,0,0,0,0,0,0,0,0,0,0,0,0,0,0,0,0,0,0,0,0,0,0,0,0,0,0,0,0,0,0,0,0,0,0,0,0,0,0,0,0,0,0,0,0,0,0,0,0,0,0,0,0,0,0,0,0,"[M+H]+",221.177927,"Tapentadol"
"M222_R183_493",182.629712303705,222.054953,0,0,0,0,0,0,0,0,0,0,0,0,0,0,0,0,0,0,0,0,0,0,0,0,0,0,0,0,0,0,0,0,0,0,0,0,0,0,0,0,0,0,0,0,0,0,0,0,0,0,0,0,0,0,0,0,0,0,0,0,0,0,0,0,0,0,0,0,0,272341,199521,124562,0,0,0,0,0,0,308532,0,0,0,165002,219107,0,0,0,0,0,0,163636,0,0,0,135515,130206,0,0,0,0,0,0,69509,0,0,0,111091,84961,0,0,0,0,0,0,119630,0,0,0,72910,93449,0,0,0,0,0,0,79860,0,0,0,139476,60456,0,0,0,0,0,0,"[M-H]-",222.054953,"Atenolol-TP27,Hexamethylcyclotrisiloxane,Isofraxidin"
"M222_R335_496",334.858319,222.125081,0,0,0,0,0,0,0,0,0,0,0,0,0,0,0,0,0,0,0,0,0,26743,0,0,0,52926,37859,0,0,0,0,0,0,0,0,0,0,0,0,0,0,0,0,0,0,0,0,0,0,0,0,0,0,0,0,0,0,0,0,0,0,0,0,0,0,0,0,0,0,0,0,0,0,0,0,0,0,0,0,0,0,0,0,0,0,0,0,0,0,0,0,0,0,0,0,0,0,0,0,0,0,0,0,0,0,0,0,0,0,0,0,0,0,0,0,0,0,0,0,0,0,0,0,0,0,0,0,0,0,0,0,0,0,0,0,0,0,0,"[M+H]+",222.125081,"1-Hydroxy Ibuprofen,2-Hydroxy Ibuprofen,3-Hydroxyibuprofen,Hexyl salicylate,Ibuprofen-1-TP3,Ibuprofen-1-TP4,Ibuprofen-TP3,Ibuprofen-TP4"
"M222_R330_497",330.28968,222.13674,117822,163965,161961,0,0,0,73270,54505,85331,150331,866507,772590,867087,110773,158400,0,0,0,0,0,0,145990,858363,784739,604071,184129,144501,115453,81825,206346,130366,136182,90584,149089,686354,724951,730777,232569,185264,207480,193973,180751,190697,167335,147299,240117,354386,390391,401843,232570,205470,79453,69114,106664,114256,80594,93301,356037,319573,403027,290210,298922,221864,0,0,0,287873,234826,199100,0,0,0,0,0,0,0,0,0,0,0,0,0,0,0,0,0,0,0,0,0,0,0,0,0,0,0,0,0,0,0,0,0,0,0,0,0,0,0,0,0,0,0,0,0,0,0,0,0,0,0,0,0,0,0,0,0,0,0,0,0,0,0,0,0,0,0,0,0,"[M+H]+",222.13674,"3-isocyanatomethyl-3,5,5-trimethylcyclohexyl isocyanate,N-(3-(trimethoxysilyl)propyl)ethylenediamine"
"M222_R370_498",369.808167,222.16193,0,0,0,0,0,0,0,0,0,0,0,0,0,0,0,0,0,0,0,0,0,0,0,0,0,0,0,0,0,0,0,0,0,0,0,0,0,0,0,0,0,0,0,0,0,0,244469,404098,230716,0,0,256501,464846,743098,149612,147355,134360,0,154419,112941,79864,0,0,134280,109419,77274,0,0,0,0,0,0,0,0,0,0,0,0,0,0,0,0,0,0,0,0,0,0,0,0,0,0,0,0,0,0,0,0,0,0,0,0,0,0,0,0,0,0,0,0,0,0,0,0,0,0,0,0,0,0,0,0,0,0,0,0,0,0,0,0,0,0,0,0,0,0,0,0,"[M+H]+",222.16193,"2,5-Di-tert-butylbenzene-1,4-diol,Isobornyl methacrylate,exo-1,7,7-trimethylbicyclo[2.2.1]hept-2-yl methacrylate"
"M222_R339_499",338.769309,222.161944,0,0,0,0,0,0,0,0,0,0,74192,50815,66583,0,0,0,0,0,0,0,0,0,90347,85236,89147,0,0,0,0,0,0,0,0,0,99477,111369,118022,0,0,62081,50286,38570,0,0,0,85066,81641,73077,95439,82133,55335,0,0,0,0,0,0,0,57300,63289,82715,0,0,0,0,0,0,0,0,0,0,0,0,0,0,0,0,0,0,0,0,0,0,0,0,0,0,0,0,0,0,0,0,0,0,0,0,0,0,0,0,0,0,0,0,0,0,0,0,0,0,0,0,0,0,0,0,0,0,0,0,0,0,0,0,0,0,0,0,0,0,0,0,0,0,0,0,0,"[M+H]+",222.161944,"2,5-Di-tert-butylbenzene-1,4-diol,Isobornyl methacrylate,exo-1,7,7-trimethylbicyclo[2.2.1]hept-2-yl methacrylate"
"M222_R353_500",353.480043,222.161975,0,0,0,0,0,0,0,0,0,0,0,0,0,0,0,0,0,0,0,0,0,0,78947,73297,56809,0,0,0,0,0,0,0,0,0,55705,45106,81001,0,0,0,0,0,0,0,0,0,73019,44775,55797,0,0,0,0,0,0,0,0,0,45570,59708,54460,0,0,0,0,0,0,0,0,0,0,0,0,0,0,0,0,0,0,0,0,0,0,0,0,0,0,0,0,0,0,0,0,0,0,0,0,0,0,0,0,0,0,0,0,0,0,0,0,0,0,0,0,0,0,0,0,0,0,0,0,0,0,0,0,0,0,0,0,0,0,0,0,0,0,0,0,0,"[M+H]+",222.161975,"2,5-Di-tert-butylbenzene-1,4-diol,Isobornyl methacrylate,exo-1,7,7-trimethylbicyclo[2.2.1]hept-2-yl methacrylate"
"M223_R206_502",206.209547,223.063324,0,0,0,0,0,0,0,0,0,54830,0,0,0,66148,69421,0,0,0,0,0,0,94342,0,0,0,53559,55862,0,0,0,0,0,0,74059,0,0,0,102521,97162,80366,79606,69678,0,0,0,62298,0,0,0,58165,56580,0,0,0,0,0,0,0,0,0,0,0,0,0,0,0,89219,55906,66485,0,0,0,0,0,0,0,0,0,0,0,0,0,0,0,0,0,0,0,0,0,0,0,0,0,0,0,0,0,0,0,0,0,0,0,0,0,0,0,0,0,0,0,0,0,0,0,0,0,0,0,0,0,0,0,0,0,0,0,0,0,0,0,0,0,0,0,0,0,"[M+H]+",223.063324,"9-oxo-10H-acridine-4-carbaldehyde,Fluxapyroxad-TP5"
"M223_R374_504",373.930184512469,223.120106,0,0,0,0,0,0,0,0,0,0,0,0,0,0,0,0,0,0,0,0,0,0,0,0,0,0,0,0,0,0,0,0,0,0,0,0,0,0,0,0,0,0,0,0,0,0,0,0,0,0,0,0,0,0,0,0,0,0,0,0,0,0,0,0,0,0,0,0,0,0,0,0,0,0,0,0,0,0,0,0,0,0,0,0,0,0,0,0,0,0,0,0,0,0,0,0,0,0,0,0,0,0,102076,0,0,0,119961,75479,0,0,0,0,0,0,60885,0,0,0,93221,77521,0,0,0,0,0,0,0,0,0,0,0,0,0,0,0,0,0,0,"[M-H]-",223.120106,"Bezafibrate-1-TP3,Bezafibrate-TP3,Cerulenin,Metoprolol-TP15"
"M224_R142_505",141.959682174409,224.042513,0,0,0,0,0,0,0,0,0,0,0,0,0,0,0,0,0,0,0,0,0,0,0,0,0,0,0,0,0,0,0,0,0,0,0,0,0,0,0,0,0,0,0,0,0,0,0,0,0,0,0,0,0,0,0,0,0,0,0,0,0,0,0,0,0,0,0,0,0,0,0,0,0,0,0,0,0,0,0,0,0,0,0,0,60439,46737,38654,0,0,0,0,0,0,0,0,0,0,0,0,0,0,0,0,0,0,0,0,0,0,0,0,0,0,0,0,0,0,0,0,0,0,0,0,0,0,0,0,0,0,0,0,0,0,0,0,0,0,0,"[M-H]-",224.042513,"Mevinphos"
"M224_R294_507",294.263884476713,224.117247,0,0,0,0,0,0,0,0,0,0,0,0,0,0,0,0,0,0,0,0,0,0,0,0,0,0,0,0,0,0,0,0,0,0,0,0,0,0,0,0,0,0,0,0,0,0,0,0,0,0,0,0,0,0,0,0,0,0,0,0,0,0,0,0,0,0,0,0,0,0,0,0,0,0,0,0,0,0,0,61947,42551,30036,0,0,0,0,0,0,0,0,0,0,0,0,0,0,0,0,0,0,0,0,0,0,0,0,0,0,0,0,0,0,0,0,0,0,0,0,0,0,0,0,0,0,0,0,0,0,0,0,0,0,0,0,0,0,0,0,"[M-H]-",224.117247,"Atenolol-TP21,Atenolol-TP6,Atenolol-desisopropyl,Butalbital,Phosphoric acid, isononyl ester,Sotalol-TP32,Tripropyl phosphate,Tris(3-chloropropyl) phosphate-TP26"
"M224_R346_508",345.747661593567,224.140922,0,0,0,0,0,0,0,0,0,0,530451,618385,368956,0,0,0,0,0,272266,503918,464480,0,0,0,0,0,0,45941,51777,46281,0,0,0,0,155347,233540,355827,0,0,81074,59445,66782,106403,220253,121740,0,210697,130619,116638,0,0,55977,79892,74066,127350,99186,72597,37172,347834,367859,324962,56556,40818,0,0,0,67214,74235,58171,0,0,0,0,0,0,0,0,0,0,223747,311897,227244,0,0,245891,119790,126030,171607,226056,256171,0,0,0,0,0,0,0,0,0,0,0,0,0,76836,92746,138418,0,0,59955,49173,46735,70349,157280,86951,0,0,0,0,0,0,0,0,0,67043,73189,58468,0,0,0,0,0,0,0,0,0,0,0,0,"[M+H]+,[M-H]-",224.140922,"Diaryl-Pyrrolidinium"
"M224_R364_509",364.141622,224.141055,0,0,0,0,0,0,0,0,0,0,0,0,0,0,0,0,0,0,0,0,0,0,0,0,0,0,0,0,0,0,0,0,0,0,0,0,0,0,0,0,0,0,69491,72738,60582,0,0,0,0,0,0,0,0,0,0,0,0,0,0,0,0,0,0,0,0,0,0,0,0,0,0,0,0,0,0,0,0,0,0,0,0,0,0,0,0,0,0,0,0,0,0,0,0,0,0,0,0,0,0,0,0,0,0,0,0,0,0,0,0,0,0,0,0,0,0,0,0,0,0,0,0,0,0,0,0,0,0,0,0,0,0,0,0,0,0,0,0,0,"[M+H]+",224.141055,"Diaryl-Pyrrolidinium"
"M225_R394_511",393.720439,225.126524,0,0,0,0,0,0,0,0,0,0,0,0,0,0,0,0,0,0,0,0,0,165056,0,0,0,156764,138561,120239,94111,189553,149473,124108,66928,90548,0,0,0,119536,89149,91543,99722,97347,78068,106545,88525,89306,0,0,0,108062,87122,0,0,0,64512,61663,57955,809088,0,0,0,706499,788426,602308,671197,363230,0,0,0,0,0,0,0,0,0,0,0,0,0,0,0,0,0,0,0,0,0,0,0,0,0,0,0,0,0,0,0,0,0,0,0,0,0,0,0,0,0,0,0,0,0,0,0,0,0,0,0,0,0,0,0,0,0,0,0,0,0,0,0,0,0,0,0,0,0,0,0,0,"[M+H]+",225.126524,"4-o-tolylazo-o-toluidine,Cyprodinil"
"M225_R355_512",354.672744,225.15913,0,0,0,0,0,0,0,0,0,0,0,0,0,0,0,0,0,0,0,0,0,0,0,0,0,0,0,0,0,0,0,0,0,0,0,0,0,0,0,0,0,0,0,0,0,0,0,0,0,0,0,0,0,0,0,0,0,0,66790,54954,73891,0,0,0,0,0,0,0,0,0,0,0,0,0,0,0,0,0,0,0,0,0,0,0,0,0,0,0,0,0,0,0,0,0,0,0,0,0,0,0,0,0,0,0,0,0,0,0,0,0,0,0,0,0,0,0,0,0,0,0,0,0,0,0,0,0,0,0,0,0,0,0,0,0,0,0,0,0,"[M+H]+",225.15913,"Prometon,Secbumeton,Terbumeton"
"M226_R290_514",290.335103,226.052482,0,0,0,0,0,0,0,0,0,0,0,0,0,0,0,0,0,0,0,0,0,93609,0,0,0,56396,78947,0,0,0,0,0,0,68018,0,0,0,90640,69029,0,0,0,0,0,0,54343,0,0,0,58657,56283,0,0,0,0,0,0,68126,0,0,0,76468,68490,0,0,0,0,0,0,0,0,0,0,0,0,0,0,0,0,0,0,0,0,0,0,0,0,0,0,0,0,0,0,0,0,0,0,0,0,0,0,0,0,0,0,0,0,0,0,0,0,0,0,0,0,0,0,0,0,0,0,0,0,0,0,0,0,0,0,0,0,0,0,0,0,0,0,0,"[M+H]+",226.052482,"4-(2-naphthyl)-1,3-thiazol-2-amine"
"M226_R327_515",327.440413405419,226.11979,0,0,0,0,0,0,0,0,0,0,0,0,0,0,0,0,0,0,0,0,0,0,0,0,0,0,0,0,0,0,0,0,0,0,0,0,0,0,0,0,0,0,0,0,0,0,0,0,0,0,0,0,0,0,0,0,0,0,0,0,0,0,0,0,0,0,0,0,0,0,0,0,62580,62641,58206,56016,39039,75509,0,79176,75603,68101,0,0,0,0,0,54464,43022,51269,0,105104,113809,59209,0,0,75593,68294,101747,0,0,0,0,70641,50049,89357,0,0,92864,100400,123647,0,0,0,0,65498,70996,60241,0,0,69528,78538,63467,77074,59993,76930,0,105083,92500,77271,0,0,63432,91035,51734,0,0,0,"[M-H]-",226.11979,"1,6-Hexanediol diacrylate,Butane-1,4-diyl bis(2-methylprop-2-enoate),Ibuprofen-1-TP20,Ibuprofen-1-TP35,Ibuprofen-1-TP41,Ibuprofen-TP20,Ibuprofen-TP35,Ibuprofen-TP41"
"M226_R387_516",386.687428560587,226.156358,0,0,0,0,0,0,0,0,0,0,0,0,0,0,0,0,0,0,0,0,0,0,0,0,0,0,0,0,0,0,0,0,0,0,0,0,0,0,0,0,0,0,0,0,0,0,0,0,0,0,0,0,0,0,0,0,0,0,0,0,0,0,0,0,0,0,0,0,0,0,0,0,0,0,0,0,0,0,0,85381,91912,61299,0,0,0,0,0,0,0,0,0,0,0,0,0,0,0,0,0,0,0,0,0,0,0,0,0,0,0,0,0,0,0,0,0,0,0,0,0,0,0,0,0,0,0,0,0,0,0,0,0,0,0,0,0,0,0,0,"[M-H]-",226.156358,"Dihydromethyljasmonate,Methyldihydrojasmonate (Methyl 3-oxo-2-pentylcyclopentaneacetate)"
"M226_R245_517",244.95479,226.168215,0,0,0,0,0,0,296203,251513,99390,0,905690,1127115,171541,0,0,107602,1059356,1130179,140308,1372027,1050197,0,422838,1614052,1914539,0,0,470410,200663,594390,317930,169903,562292,0,0,0,0,0,0,0,0,0,0,0,0,0,0,0,0,0,0,267889,339757,62991,0,0,0,0,0,0,0,0,0,0,0,0,0,0,0,0,0,0,0,0,0,0,0,0,0,0,0,0,0,0,0,0,0,0,0,0,0,0,0,0,0,0,0,0,0,0,0,0,0,0,0,0,0,0,0,0,0,0,0,0,0,0,0,0,0,0,0,0,0,0,0,0,0,0,0,0,0,0,0,0,0,0,0,0,"[M+H]+",226.168215,"Crotetamide"
"M226_R396_519",396.010492970987,226.192387,0,0,0,0,0,0,0,0,0,0,0,0,0,0,0,0,0,0,0,0,0,0,0,0,0,0,0,0,0,0,0,0,0,0,0,0,0,0,0,0,0,0,0,0,0,0,0,0,0,0,0,0,0,0,0,0,0,0,0,0,0,0,0,0,0,0,0,0,0,0,0,0,0,0,0,0,0,0,0,0,0,0,0,0,0,0,0,0,0,0,0,0,0,0,0,0,66606,63737,61075,55257,54418,52951,0,0,0,0,0,0,0,0,0,49094,45032,50311,0,0,0,0,0,0,0,0,0,0,0,0,0,0,0,0,0,0,0,0,0,0,0,0,"[M-H]-",226.192387,"2,4,7,9-tetramethyldec-5-yne-4,7-diol,2-methyl-3-({1,7,7-trimethylbicyclo[2.2.1]heptan-2-yl}oxy)propan-1-ol,Citral diethyl acetal"
"M228_R234_529",234.469365300373,228.044831,0,0,0,0,0,0,0,0,0,0,0,0,0,0,0,0,0,0,0,0,0,0,0,0,0,0,0,0,0,0,0,0,0,0,0,0,0,0,0,0,0,0,0,0,0,0,0,0,0,0,0,0,0,0,0,0,0,0,0,0,0,0,0,0,0,0,0,0,0,0,0,0,0,0,0,103322,103278,64832,0,0,0,0,0,0,0,0,0,0,0,0,0,0,0,0,0,0,0,0,0,0,0,0,0,0,0,0,0,0,0,0,0,0,0,0,0,0,0,0,0,0,0,0,0,0,0,0,0,0,0,0,0,0,0,0,0,0,0,0,"[M-H]-",228.044831,"Oxiranemethanol, 4-methylbenzene-sulfonate, (S)-,Poly(difluoromethylene), .alpha.-fluoro-.omega.-[2-(phosphonooxy)ethyl]-, ammonium salt (1_2)"
"M228_R252_530",252.194860829246,228.04487,0,0,0,0,0,0,0,0,0,0,0,0,0,0,0,0,0,0,0,0,0,0,0,0,0,0,0,0,0,0,0,0,0,0,0,0,0,0,0,0,0,0,0,0,0,0,0,0,0,0,0,0,0,0,0,0,0,0,0,0,0,0,0,0,0,0,0,0,0,0,0,0,204687,536826,160682,985294,559291,959138,0,0,0,0,0,0,92745,127994,156133,245581,199664,74675,0,98897,115962,99241,0,0,0,0,0,0,0,0,0,0,0,0,0,0,0,0,0,0,0,0,0,0,0,0,0,0,0,0,0,241481,119945,124353,0,0,0,0,0,0,0,0,0,0,0,0,"[M-H]-",228.04487,"Oxiranemethanol, 4-methylbenzene-sulfonate, (S)-,Poly(difluoromethylene), .alpha.-fluoro-.omega.-[2-(phosphonooxy)ethyl]-, ammonium salt (1_2)"
"M228_R212_531",212.449228552091,228.044886,0,0,0,0,0,0,0,0,0,0,0,0,0,0,0,0,0,0,0,0,0,0,0,0,0,0,0,0,0,0,0,0,0,0,0,0,0,0,0,0,0,0,0,0,0,0,0,0,0,0,0,0,0,0,0,0,0,0,0,0,0,0,0,0,0,0,0,0,0,0,0,0,0,0,0,0,0,0,0,0,0,0,0,0,0,0,0,0,0,0,497135,0,0,0,463740,391632,0,0,0,0,0,0,0,0,0,0,0,0,0,0,0,0,0,0,0,0,0,0,0,0,0,0,0,0,0,0,0,0,0,0,0,0,0,0,0,0,0,0,"[M-H]-",228.044886,"Oxiranemethanol, 4-methylbenzene-sulfonate, (S)-,Poly(difluoromethylene), .alpha.-fluoro-.omega.-[2-(phosphonooxy)ethyl]-, ammonium salt (1_2)"
"M228_R209_532",209.494808926411,228.044993,0,0,0,0,0,0,0,0,0,0,0,0,0,0,0,0,0,0,0,0,0,0,0,0,0,0,0,0,0,0,0,0,0,0,0,0,0,0,0,0,0,0,0,0,0,0,0,0,0,0,0,0,0,0,0,0,0,0,0,0,0,0,0,0,0,0,0,0,0,431820,299075,442729,809918,840830,555840,939292,1128423,1184272,0,352917,225368,366573,0,0,0,0,0,0,0,0,0,0,0,0,0,0,0,0,0,0,0,0,0,0,0,0,0,0,0,0,0,0,0,0,0,0,0,0,0,0,0,0,0,0,0,0,0,0,0,0,0,0,0,0,0,0,0,0,"[M-H]-",228.044993,"Oxiranemethanol, 4-methylbenzene-sulfonate, (S)-,Poly(difluoromethylene), .alpha.-fluoro-.omega.-[2-(phosphonooxy)ethyl]-, ammonium salt (1_2)"
"M228_R397_533",397.102573,228.091766,0,0,0,119575,109676,97031,0,0,0,0,0,0,0,0,0,144213,102628,149660,0,0,0,0,0,0,0,0,0,121197,84728,89525,0,0,0,0,0,0,0,0,0,0,0,0,0,0,0,0,0,0,0,0,0,57696,110056,64494,0,0,0,0,0,0,0,0,0,0,0,0,0,0,0,0,0,0,0,0,0,0,0,0,0,0,0,0,0,0,0,0,0,0,0,0,0,0,0,0,0,0,0,0,0,0,0,0,0,0,0,0,0,0,0,0,0,0,0,0,0,0,0,0,0,0,0,0,0,0,0,0,0,0,0,0,0,0,0,0,0,0,0,0,"[M+H]+",228.091766,"Benzo(a)anthracene,Chrysene"
"M228_R385_534",384.648702,228.115158,0,0,0,0,0,0,0,0,0,68827,0,0,0,60076,38947,0,0,0,0,0,0,0,0,0,0,0,0,0,0,0,0,0,0,0,0,0,0,0,0,0,0,0,0,0,0,0,0,0,0,0,0,0,0,0,0,0,0,0,0,0,0,0,0,0,0,0,0,0,0,0,0,0,0,0,0,0,0,0,0,0,0,0,0,0,0,0,0,0,0,0,0,0,0,0,0,0,0,0,0,0,0,0,0,0,0,0,0,0,0,0,0,0,0,0,0,0,0,0,0,0,0,0,0,0,0,0,0,0,0,0,0,0,0,0,0,0,0,0,"[M+H]+",228.115158,"4,4'-Isopropylidenediphenol, oligomeric reaction products with 1-chloro-2,3-epoxypropane,Tetraacetylethylenediamine"
"M228_R403_535",403.405969,228.115214,0,0,0,0,0,0,0,0,0,0,0,0,0,0,0,0,0,0,0,0,0,0,65742,27181,62925,0,0,0,0,0,0,0,0,0,0,0,0,0,0,72414,91855,98367,85116,91564,84396,0,0,0,0,0,0,0,0,0,0,0,0,0,0,0,0,0,0,0,0,0,0,0,0,0,0,0,0,0,0,0,0,0,0,0,0,0,0,0,0,0,0,0,0,0,0,0,0,0,0,0,0,0,0,0,0,0,0,0,0,0,0,0,0,0,0,0,0,0,0,0,0,0,0,0,0,0,0,0,0,0,0,0,0,0,0,0,0,0,0,0,0,0,"[M+H]+",228.115214,"4,4'-Isopropylidenediphenol, oligomeric reaction products with 1-chloro-2,3-epoxypropane,Tetraacetylethylenediamine"
"M228_R366_536",365.712940836966,228.171894,0,0,0,0,0,0,0,0,0,0,0,0,0,0,0,0,0,0,0,0,0,0,0,0,0,0,0,0,0,0,0,0,0,0,0,0,0,0,0,0,0,0,0,0,0,0,0,0,0,0,0,0,0,0,0,0,0,0,0,0,0,0,0,0,0,0,0,0,0,0,0,0,0,0,0,0,0,0,0,66551,78133,87450,0,0,111605,53470,61816,0,0,0,0,0,0,0,0,0,0,0,0,0,0,0,0,0,0,0,0,0,0,0,0,0,0,0,0,0,0,0,0,0,0,0,0,0,0,0,0,0,0,0,0,0,0,0,0,0,0,0,"[M-H]-",228.171894,"Glycidyl neodecanoate"
"M228_R396_537",396.352719510194,228.208156,0,0,0,0,0,0,0,0,0,0,0,0,0,0,0,0,0,0,0,0,0,0,0,0,0,0,0,0,0,0,0,0,0,0,0,0,0,0,0,0,0,0,0,0,0,0,0,0,0,0,0,0,0,0,0,0,0,0,0,0,0,0,0,0,0,0,0,0,0,0,0,0,0,0,0,0,0,0,0,0,0,0,0,0,0,0,0,0,0,0,0,0,0,0,0,0,24442,41289,35689,30865,37565,28864,0,0,0,0,0,0,0,0,0,0,0,0,0,0,0,0,0,0,0,0,0,0,0,0,0,0,0,0,0,0,0,0,0,0,0,0,"[M-H]-",228.208156,"Tetradecanoic acid"
"M229_R232_538",231.692744,229.046276,54016,63008,51095,57607,98795,74855,0,0,0,0,0,0,0,0,0,0,0,0,0,0,0,0,0,0,0,0,0,0,0,0,0,0,0,0,0,0,0,0,0,0,0,0,0,0,0,0,0,0,0,0,0,0,0,0,0,0,0,0,0,0,0,0,0,0,0,0,0,0,0,0,0,0,0,0,0,0,0,0,0,0,0,0,0,0,0,0,0,0,0,0,0,0,0,0,0,0,0,0,0,0,0,0,0,0,0,0,0,0,0,0,0,0,0,0,0,0,0,0,0,0,0,0,0,0,0,0,0,0,0,0,0,0,0,0,0,0,0,0,"[M+H]+",229.046276,"Flonicamid"
"M229_R437_540",436.587929,229.24058,265469,160961,201225,0,0,0,0,0,0,0,0,0,0,0,0,0,0,0,0,0,0,0,0,0,0,0,0,0,0,0,0,0,0,0,0,0,0,0,0,0,0,0,0,0,0,0,0,0,0,0,0,0,0,0,0,0,0,0,0,0,0,0,0,0,0,0,0,0,0,0,0,0,0,0,0,0,0,0,0,0,0,0,0,0,0,0,0,0,0,0,0,0,0,0,0,0,0,0,0,0,0,0,0,0,0,0,0,0,0,0,0,0,0,0,0,0,0,0,0,0,0,0,0,0,0,0,0,0,0,0,0,0,0,0,0,0,0,0,"[M+H]+",229.24058,"N,N-Dimethyldodecylamine-N-oxide"
"M229_R416_541",415.848185,229.240671,666099,542495,532137,794068,761308,835585,692258,957478,690609,533481,541496,797009,657393,656316,730386,735170,836075,701558,945065,1034690,967567,577952,733293,628369,675854,703838,802989,910645,795071,736328,768810,814003,811829,620929,645564,533326,700947,744999,620222,682150,791077,632839,765334,838076,649913,631756,493590,749955,597313,691431,736307,832155,841772,739893,839516,952736,866220,639962,615756,519903,552983,654645,741237,696413,647427,638626,821053,761893,811349,0,0,0,0,0,0,0,0,0,0,0,0,0,0,0,0,0,0,0,0,0,0,0,0,0,0,0,0,0,0,0,0,0,0,0,0,0,0,0,0,0,0,0,0,0,0,0,0,0,0,0,0,0,0,0,0,0,0,0,0,0,0,0,0,0,0,0,0,0,"[M+H]+",229.240671,"N,N-Dimethyldodecylamine-N-oxide"
"M229_R445_542",444.749278,229.240689,0,0,0,0,0,0,323210,175794,143731,0,181766,149731,88721,0,0,0,0,0,0,0,0,0,0,0,0,0,0,0,0,0,0,0,0,0,0,0,0,0,0,0,0,0,0,0,0,0,0,0,0,0,0,0,0,0,0,0,0,0,0,0,0,0,0,0,0,0,0,0,0,0,0,0,0,0,0,0,0,0,0,0,0,0,0,0,0,0,0,0,0,0,0,0,0,0,0,0,0,0,0,0,0,0,0,0,0,0,0,0,0,0,0,0,0,0,0,0,0,0,0,0,0,0,0,0,0,0,0,0,0,0,0,0,0,0,0,0,0,0,"[M+H]+",229.240689,"N,N-Dimethyldodecylamine-N-oxide"
"M230_R315_548",314.554416,230.032415,109347,81356,86793,0,0,0,0,0,0,104189,0,0,0,69366,78473,0,0,0,0,0,0,121054,0,0,0,117660,77357,0,0,0,0,0,0,0,0,0,0,0,0,0,0,0,0,0,0,0,0,0,0,0,0,0,0,0,0,0,0,0,0,0,0,0,0,0,0,0,0,0,0,0,0,0,0,0,0,0,0,0,0,0,0,0,0,0,0,0,0,0,0,0,0,0,0,0,0,0,0,0,0,0,0,0,0,0,0,0,0,0,0,0,0,0,0,0,0,0,0,0,0,0,0,0,0,0,0,0,0,0,0,0,0,0,0,0,0,0,0,0,"[M+H]+",230.032415,"Asulam"
"M230_R314_552",314.454645,230.10559,0,0,0,0,0,0,0,0,0,0,83838,91442,73523,0,0,0,0,0,0,0,0,0,108422,123814,55816,0,0,0,0,0,0,0,0,0,64824,73027,83313,0,0,0,0,0,0,0,0,0,0,0,0,0,0,0,0,0,0,0,0,0,0,0,0,0,0,0,0,0,0,0,0,0,0,0,0,0,0,0,0,0,0,0,0,0,0,0,0,0,0,0,0,0,0,0,0,0,0,0,0,0,0,0,0,0,0,0,0,0,0,0,0,0,0,0,0,0,0,0,0,0,0,0,0,0,0,0,0,0,0,0,0,0,0,0,0,0,0,0,0,0,"[M+H]+",230.10559,"4-amino-2-[(5-amino-2-hydroxyphenyl)methyl]phenol dihydrochloride,o-Terphenyl,p-Terphenyl"
"M230_R364_553",364.210214,230.141595,0,0,0,0,0,0,0,0,0,0,0,0,0,0,0,0,0,0,0,0,0,0,0,0,0,0,0,0,0,0,0,0,0,0,0,0,0,0,0,0,0,0,0,0,0,0,0,0,0,0,0,0,0,0,0,0,0,63156,0,0,0,69989,54893,0,0,0,0,0,0,0,0,0,0,0,0,0,0,0,0,0,0,0,0,0,0,0,0,0,0,0,0,0,0,0,0,0,0,0,0,0,0,0,0,0,0,0,0,0,0,0,0,0,0,0,0,0,0,0,0,0,0,0,0,0,0,0,0,0,0,0,0,0,0,0,0,0,0,0,"[M+H]+",230.141595,"Propyphenazone"
"M230_R367_554",367.297751760163,230.150652,0,0,0,86182,90986,48298,0,0,0,0,0,0,0,0,0,0,0,0,0,0,0,0,0,0,0,0,0,0,0,0,0,0,0,0,0,0,0,0,0,0,0,0,0,0,0,0,0,0,0,0,0,0,0,0,0,0,0,0,0,0,0,0,0,0,0,0,0,0,0,0,0,0,227731,298354,282160,131285,153212,110771,0,65751,52476,38305,0,0,231238,142337,170810,70814,90819,135276,0,0,0,0,0,0,96046,91840,110021,0,0,0,0,0,0,0,0,0,128522,56671,66713,0,0,0,0,0,0,0,0,0,81423,92692,71231,60045,74816,87433,0,0,0,0,0,0,0,0,0,0,0,0,"[M+H]+,[M-H]-",230.150652,"1,6-bis(2,3-epoxypropoxy)hexane,2-(2-butoxyethoxy)ethyl methacrylate,Diisobutyl succinate,Diisopropyl adipate,Dimethyl decanedioate"
"M230_R336_555",335.820853628006,230.151122,0,0,0,0,0,0,0,0,0,0,0,0,0,0,0,0,0,0,0,0,0,0,0,0,0,0,0,0,0,0,0,0,0,0,0,0,0,0,0,0,0,0,0,0,0,0,0,0,0,0,0,0,0,0,0,0,0,0,0,0,0,0,0,0,0,0,0,0,0,0,0,0,0,0,0,0,0,0,65587,0,0,0,36777,60334,36770,47308,49801,0,0,0,0,0,0,0,0,0,32891,32486,63534,0,0,0,51213,0,0,0,40377,24355,46276,47160,60336,29048,39594,35206,0,0,0,0,0,0,0,0,0,0,0,0,0,0,0,0,0,0,0,0,0,0,0,0,"[M-H]-",230.151122,"1,6-bis(2,3-epoxypropoxy)hexane,2-(2-butoxyethoxy)ethyl methacrylate,Diisobutyl succinate,Diisopropyl adipate,Dimethyl decanedioate"
"M230_R351_556",351.080802208999,230.151135,0,0,0,0,0,0,0,0,0,0,0,0,0,0,0,0,0,0,0,0,0,0,0,0,0,0,0,0,0,0,0,0,0,0,0,0,0,0,0,0,0,0,0,0,0,0,0,0,0,0,0,0,0,0,0,0,0,0,0,0,0,0,0,0,0,0,0,0,0,0,0,0,0,0,0,0,0,0,0,0,0,0,0,0,68938,79792,58106,48800,64674,113458,0,0,0,0,0,0,54104,35963,53393,0,0,0,0,0,0,0,0,0,81347,26649,58995,41090,28736,42218,0,0,0,0,0,0,0,0,0,0,0,0,0,0,0,0,0,0,0,0,0,0,0,0,"[M-H]-",230.151135,"1,6-bis(2,3-epoxypropoxy)hexane,2-(2-butoxyethoxy)ethyl methacrylate,Diisobutyl succinate,Diisopropyl adipate,Dimethyl decanedioate"
"M230_R399_557",399.389511,230.167064,0,0,0,0,0,0,0,0,0,0,0,0,0,0,0,0,0,0,0,0,0,0,37822,26647,49807,0,0,0,0,0,0,0,0,0,31552,43589,35802,0,0,0,0,0,0,0,0,0,26648,30966,38168,0,0,0,0,0,0,0,0,0,22360,35038,36013,0,0,0,0,0,0,0,0,0,0,0,0,0,0,0,0,0,0,0,0,0,0,0,0,0,0,0,0,0,0,0,0,0,0,0,0,0,0,0,0,0,0,0,0,0,0,0,0,0,0,0,0,0,0,0,0,0,0,0,0,0,0,0,0,0,0,0,0,0,0,0,0,0,0,0,0,0,"[M+H]+",230.167064,"3-[(2,2-Dimethyl-1,2-azasilolidin-1-yl)(dimethyl)silyl]-1-propanamine"
"M230_R384_558",384.250677,230.167064,489679,394132,359216,319893,247968,298557,398009,523968,525810,607695,268192,183944,230101,438654,509410,263417,474689,350251,333684,397015,244194,385033,263209,367704,276765,366729,284940,290032,242798,462594,345142,283604,159604,669034,317150,297978,348189,615770,610631,681604,704490,643579,573755,726362,577201,703223,173880,244623,318984,643632,606048,247678,256381,522062,381989,381051,390191,366206,337927,307192,294184,358443,368728,339578,298228,240040,326918,237418,147841,0,0,0,0,0,0,0,0,0,0,0,0,0,0,0,0,0,0,0,0,0,0,0,0,0,0,0,0,0,0,0,0,0,0,0,0,0,0,0,0,0,0,0,0,0,0,0,0,0,0,0,0,0,0,0,0,0,0,0,0,0,0,0,0,0,0,0,0,0,"[M+H]+",230.167064,"3-[(2,2-Dimethyl-1,2-azasilolidin-1-yl)(dimethyl)silyl]-1-propanamine"
"M234_R283_575",283.33409090576,234.109602,0,0,0,0,0,0,0,0,0,0,0,0,0,0,0,0,0,0,0,0,0,0,0,0,0,0,0,0,0,0,0,0,0,0,0,0,0,0,0,0,0,0,0,0,0,0,0,0,0,0,0,0,0,0,0,0,0,0,0,0,0,0,0,0,0,0,0,0,0,0,0,0,0,0,0,0,0,0,0,0,0,0,0,0,0,0,0,0,0,0,78702,0,0,0,75370,103621,100698,50894,57958,70354,46728,64286,0,0,0,0,0,0,78274,82470,80474,102539,94776,107954,0,0,0,0,0,0,0,0,0,0,0,0,70599,0,0,0,81303,75206,87967,117480,97338,93735,63630,73368,"[M-H]-",234.109602,"2,2'-[ethane-1,2-diylbis(oxy)]bisethyl diacetate"
"M234_R217_576",217.283563,234.109895,0,0,0,0,0,0,0,0,0,0,0,0,0,0,0,0,0,0,65889,79928,51749,0,0,0,0,0,0,0,0,0,0,0,0,0,0,0,0,0,0,0,0,0,0,0,0,0,0,0,0,0,0,0,0,0,0,0,0,0,0,0,0,0,0,0,0,0,0,0,0,0,0,0,0,0,0,0,0,0,0,0,0,0,0,0,0,0,0,0,0,0,0,0,0,0,0,0,0,0,0,0,0,0,0,0,0,0,0,0,0,0,0,0,0,0,0,0,0,0,0,0,0,0,0,0,0,0,0,0,0,0,0,0,0,0,0,0,0,0,"[M+H]+",234.109895,"2,2'-[ethane-1,2-diylbis(oxy)]bisethyl diacetate"
"M234_R268_579",267.844942,234.173267,0,0,0,0,0,0,0,0,0,103147,0,0,0,73912,68013,61548,71078,60206,0,0,0,195689,0,0,0,134241,87371,76116,62291,98277,83393,115055,53376,124213,0,0,0,162697,139786,120805,79762,99851,127825,149287,130852,119733,0,0,0,86801,130065,0,0,0,0,0,0,114621,0,0,0,98398,89206,106918,152278,80569,97672,62523,117165,0,0,0,0,0,0,0,0,0,0,0,0,0,0,0,0,0,0,0,0,0,0,0,0,0,0,0,0,0,0,0,0,0,0,0,0,0,0,0,0,0,0,0,0,0,0,0,0,0,0,0,0,0,0,0,0,0,0,0,0,0,0,0,0,0,0,0,0,0,"[M+H]+",234.173267,"Lidocaine"
"M234_R392_580",392.405717,234.198325,0,0,0,0,0,0,71758,49180,84667,0,0,0,0,0,0,0,0,0,0,0,0,0,0,0,0,0,0,0,0,0,0,0,0,0,55403,79505,72062,0,0,0,0,0,53804,51576,52991,0,0,0,0,0,0,0,0,0,0,0,0,0,72306,51762,57971,0,0,0,0,0,0,0,0,0,0,0,0,0,0,0,0,0,0,0,0,0,0,0,0,0,0,0,0,0,0,0,0,0,0,0,0,0,0,0,0,0,0,0,0,0,0,0,0,0,0,0,0,0,0,0,0,0,0,0,0,0,0,0,0,0,0,0,0,0,0,0,0,0,0,0,0,0,"[M+H]+",234.198325,"1-(1,2,3,4,6,7,8,8a-octahydro-2,3,8,8-tetramethyl-2-naphthyl)ethan-1-one,1-(1,2,3,5,6,7,8,8a-Octahydro-2,3,8,8-tetramethyl-2-naphthyl)ethan-1-one,1-(2,3,8,8-Tetramethyl-1,2,3,4,5,6,7,8-octahydronaphthalen-2-yl)ethanone,Phenol, dodecyl-, branched"
"M235_R296_581",295.618926,235.063282,59238,107749,52908,0,0,0,0,0,0,50415,0,0,0,59043,67321,0,0,0,0,0,0,61283,0,0,0,63723,90816,0,0,0,0,0,0,90116,0,0,0,94474,78844,81244,97810,82845,62252,57081,52006,65545,0,0,0,70733,70786,0,0,0,0,0,0,80265,0,0,0,70363,78997,0,0,0,71537,53931,94800,0,0,0,0,0,0,0,0,0,0,0,0,0,0,0,0,0,0,0,0,0,0,0,0,0,0,0,0,0,0,0,0,0,0,0,0,0,0,0,0,0,0,0,0,0,0,0,0,0,0,0,0,0,0,0,0,0,0,0,0,0,0,0,0,0,0,0,0,0,"[M+H]+",235.063282,"Carboxin,N-[4-(5-OXO-4,5-DIHYDRO-1,2,4-OXADIAZOL-3-YL)PHENYL]GLYCINE"
"M235_R260_585",259.537162,235.157043,0,0,0,0,0,0,0,0,0,0,0,0,0,0,0,0,0,0,0,0,0,114033,0,0,0,73167,51933,0,0,0,0,0,0,62833,0,0,0,83900,62879,0,0,0,52910,63053,106194,58274,0,0,0,71644,56434,0,0,0,0,0,0,0,0,0,0,0,0,0,0,0,0,0,0,0,0,0,0,0,0,0,0,0,0,0,0,0,0,0,0,0,0,0,0,0,0,0,0,0,0,0,0,0,0,0,0,0,0,0,0,0,0,0,0,0,0,0,0,0,0,0,0,0,0,0,0,0,0,0,0,0,0,0,0,0,0,0,0,0,0,0,0,0,"[M+H]+",235.157043,"1,1,1-triethoxy-N,N-diethylsilanamine,N-[3-(trimethoxysilyl)propyl]butylamine,O-Desmethylvenlafaxine-TP11,Tramadol-TP12,Tramadol-TP8,Venlafaxine HCl-TP17,Venlafaxine-d6-TP17"
"M235_R287_586",287.058699,235.157174,0,0,0,0,0,0,0,0,0,0,0,0,0,0,0,0,0,0,0,0,0,0,0,0,0,0,0,0,0,0,0,0,0,0,0,0,0,0,0,0,0,0,0,0,0,0,0,0,0,0,0,0,0,0,57342,69544,78068,0,61040,71036,59648,0,0,76092,106033,92822,78154,58114,75266,0,0,0,0,0,0,0,0,0,0,0,0,0,0,0,0,0,0,0,0,0,0,0,0,0,0,0,0,0,0,0,0,0,0,0,0,0,0,0,0,0,0,0,0,0,0,0,0,0,0,0,0,0,0,0,0,0,0,0,0,0,0,0,0,0,0,0,0,0,"[M+H]+",235.157174,"1,1,1-triethoxy-N,N-diethylsilanamine,N-[3-(trimethoxysilyl)propyl]butylamine,O-Desmethylvenlafaxine-TP11,Tramadol-TP12,Tramadol-TP8,Venlafaxine HCl-TP17,Venlafaxine-d6-TP17"
"M236_R244_588",244.335971354084,236.07043,0,0,0,0,0,0,0,0,0,0,0,0,0,0,0,0,0,0,0,0,0,0,0,0,0,0,0,0,0,0,0,0,0,0,0,0,0,0,0,0,0,0,0,0,0,0,0,0,0,0,0,0,0,0,0,0,0,0,0,0,0,0,0,0,0,0,0,0,0,0,0,0,0,0,0,0,0,0,0,0,0,0,0,0,0,0,0,0,0,0,167101,0,0,0,72733,143956,0,0,0,0,0,0,0,71482,116688,53797,0,0,0,0,0,58098,99311,70107,0,0,0,0,0,0,0,0,0,0,0,0,62389,0,0,0,90008,70654,0,0,0,0,0,0,"[M-H]-",236.07043,"Austdiol,Thiacloprid-TP16,Thiacloprid-TP8"
"M236_R352_589",351.820652,236.09494,587186,486053,430577,59474,73265,84870,191620,195323,231602,0,709361,748917,691155,0,0,106808,286814,218160,238907,204958,145279,518107,957799,913229,876096,532547,422361,294229,213920,429426,296894,350811,224260,551170,535331,866658,558184,629622,501651,455944,410392,405566,352807,478305,478020,0,225098,700537,676790,0,0,0,0,0,199424,121763,89797,355076,498906,539972,572576,356530,321358,0,0,0,0,0,0,0,0,0,0,0,0,0,0,0,0,0,0,0,0,0,0,0,0,0,0,0,0,0,0,0,0,0,0,0,0,0,0,0,0,0,0,0,0,0,0,0,0,0,0,0,0,0,0,0,0,0,0,0,0,0,0,0,0,0,0,0,0,0,0,0,0,0,0,0,"[M+H]+",236.09494,"Carbamazepine,sodium 3-(cyclohexylamino)-2-hydroxypropane-1-sulfonate"
"M236_R309_590",308.847912,236.0951,90377,88629,98758,0,0,0,0,0,0,75392,62416,59417,70743,71774,69502,0,0,0,0,0,0,86921,0,0,0,98687,109883,61249,66883,79609,0,0,0,91250,0,0,0,94244,52369,64797,64387,72231,0,0,0,0,0,0,0,0,0,0,0,0,0,0,0,99349,64191,60407,64058,90786,116917,0,0,0,86609,65609,104785,0,0,0,0,0,0,0,0,0,0,0,0,0,0,0,0,0,0,0,0,0,0,0,0,0,0,0,0,0,0,0,0,0,0,0,0,0,0,0,0,0,0,0,0,0,0,0,0,0,0,0,0,0,0,0,0,0,0,0,0,0,0,0,0,0,0,0,0,0,"[M+H]+",236.0951,"Carbamazepine,sodium 3-(cyclohexylamino)-2-hydroxypropane-1-sulfonate"
"M236_R358_591",358.237769,236.104738,0,0,0,0,0,0,0,0,0,0,0,0,0,0,0,0,0,0,85241,33742,50299,0,0,0,0,0,0,0,0,0,0,0,0,0,0,0,0,0,0,0,0,0,0,0,0,0,0,0,0,0,0,0,0,0,0,0,0,0,0,0,0,0,0,0,0,0,0,0,0,0,0,0,0,0,0,0,0,0,0,0,0,0,0,0,0,0,0,0,0,0,0,0,0,0,0,0,0,0,0,0,0,0,0,0,0,0,0,0,0,0,0,0,0,0,0,0,0,0,0,0,0,0,0,0,0,0,0,0,0,0,0,0,0,0,0,0,0,0,"[M+H]+",236.104738,"Carboxyibuprofen,Octamethyltrisiloxane (MDM),Tramadol-TP20,Tramadol-TP26,Tramadol-TP33,Tramadol-TP34,Tramadol-TP39,[3-(2,3-epoxypropoxy)propyl]trimethoxysilane"
"M236_R305_592",304.862748201552,236.106718,0,0,0,0,0,0,0,0,0,0,0,0,0,0,0,0,0,0,0,0,0,0,0,0,0,0,0,0,0,0,0,0,0,0,0,0,0,0,0,0,0,0,0,0,0,0,0,0,0,0,0,0,0,0,0,0,0,0,0,0,0,0,0,0,0,0,0,0,0,0,0,0,0,0,0,0,0,0,0,0,0,0,0,0,0,0,0,0,0,0,0,48269,56019,43025,0,0,0,0,0,0,0,0,0,0,0,0,0,0,0,0,0,0,0,0,0,0,0,0,0,0,0,0,0,0,0,0,0,0,0,0,0,0,0,0,0,0,0,0,"[M-H]-",236.106718,"Carboxyibuprofen,Octamethyltrisiloxane (MDM),Tramadol-TP20,Tramadol-TP26,Tramadol-TP33,Tramadol-TP34,Tramadol-TP39,[3-(2,3-epoxypropoxy)propyl]trimethoxysilane"
"M236_R380_596",379.84515,236.177439,0,0,0,0,0,0,0,0,0,0,0,0,0,0,0,0,0,0,0,0,0,0,0,0,0,0,0,0,0,0,0,0,0,0,0,0,0,0,0,0,0,0,0,0,0,0,0,0,0,0,0,91072,70227,97094,0,0,0,0,0,0,0,0,0,73335,80499,91540,0,0,0,0,0,0,0,0,0,0,0,0,0,0,0,0,0,0,0,0,0,0,0,0,0,0,0,0,0,0,0,0,0,0,0,0,0,0,0,0,0,0,0,0,0,0,0,0,0,0,0,0,0,0,0,0,0,0,0,0,0,0,0,0,0,0,0,0,0,0,0,0,"[M+H]+",236.177439,"2,6-Di-tert-butyl-4-hydroxy-4-methyl-2,5-cyclohexadien-1-one"
"M236_R412_597",411.889447,236.214162,0,0,0,0,0,0,0,0,0,0,0,0,0,0,0,0,0,0,0,0,0,0,0,0,0,0,0,0,0,0,0,0,0,0,0,0,0,0,0,0,0,0,0,0,0,0,0,0,0,0,0,0,0,0,0,0,0,0,0,0,0,0,0,66246,52616,66171,0,0,0,0,0,0,0,0,0,0,0,0,0,0,0,0,0,0,0,0,0,0,0,0,0,0,0,0,0,0,0,0,0,0,0,0,0,0,0,0,0,0,0,0,0,0,0,0,0,0,0,0,0,0,0,0,0,0,0,0,0,0,0,0,0,0,0,0,0,0,0,0,"[M+H]+",236.214162,"4-(5,5,6-trimethylbicyclo[2.2.1]hept-2-yl)cyclohexan-1-ol"
"M237_R379_598",378.569395,237.079289,0,0,0,0,0,0,0,0,0,0,0,0,0,0,0,0,0,0,0,0,0,0,0,0,0,0,0,0,0,0,0,0,0,0,0,0,0,0,0,0,0,0,0,0,0,0,0,0,0,0,0,0,0,0,0,0,0,0,0,0,0,0,0,0,0,0,58823,57131,55094,0,0,0,0,0,0,0,0,0,0,0,0,0,0,0,0,0,0,0,0,0,0,0,0,0,0,0,0,0,0,0,0,0,0,0,0,0,0,0,0,0,0,0,0,0,0,0,0,0,0,0,0,0,0,0,0,0,0,0,0,0,0,0,0,0,0,0,0,0,"[M+H]+",237.079289,"2-amino-4-dimethylamino-6-trifluoroethoxy-1,3,5-triazine"
"M237_R288_599",287.77676181699,237.0860195,0,0,0,0,0,0,0,0,0,0,0,0,0,0,0,0,0,0,0,0,0,0,0,0,0,0,0,0,0,0,0,0,0,0,0,0,0,0,0,0,0,0,0,0,0,205928,0,0,0,163922,185730,0,0,0,0,0,0,362258,0,0,0,393695,409015,0,0,0,0,0,0,0,0,0,0,0,0,0,0,0,0,0,0,0,0,0,0,0,0,0,0,0,0,0,0,0,0,0,0,0,0,0,0,0,0,0,0,0,0,0,0,0,0,0,0,0,63383,0,0,0,62071,58629,0,0,0,0,0,0,143046,0,0,0,138372,172469,0,0,0,0,0,0,"[M+H]+,[M-H]-",237.0860195,"2-amino-4-dimethylamino-6-trifluoroethoxy-1,3,5-triazine,Antipyrine-TP13,Antipyrine-TP14"
"M238_R339_608",338.543014247865,238.073795,0,0,0,0,0,0,0,0,0,0,0,0,0,0,0,0,0,0,0,0,0,0,0,0,0,0,0,0,0,0,0,0,0,0,0,0,0,0,0,0,0,0,0,0,0,0,0,0,0,0,0,0,0,0,0,0,0,0,0,0,0,0,0,0,0,0,0,0,0,0,0,0,0,0,0,0,0,0,0,69156,56964,76374,0,0,0,0,0,0,0,0,0,80113,122526,65869,0,0,0,0,0,0,0,0,0,80804,76027,77029,0,0,0,0,0,0,0,0,0,56355,58077,72793,0,0,0,0,0,0,0,0,0,74266,88596,57732,0,0,0,0,0,0,0,0,"[M-H]-",238.073795,"4-(4-chlorophenyl)cyclohexane-1-carboxylic acid,Imidacloprid-TP22,Oprea1_848719"
"M238_R371_609",370.797287,238.118962,0,0,0,0,0,0,0,0,0,0,0,0,0,0,0,0,0,0,0,0,0,0,0,0,0,0,0,0,0,0,182000,58619,67369,0,0,0,0,0,0,127749,92777,114974,88587,110755,101732,0,0,0,0,0,0,130285,101506,115750,115980,117210,92693,0,0,0,0,0,0,124858,126498,56549,0,0,0,0,0,0,0,0,0,0,0,0,0,0,0,0,0,0,0,0,0,0,0,0,0,0,0,0,0,0,0,0,0,0,0,0,0,0,0,0,0,0,0,0,0,0,0,0,0,0,0,0,0,0,0,0,0,0,0,0,0,0,0,0,0,0,0,0,0,0,0,0,"[M+H]+",238.118962,"Ibuprofen-1-TP1,Ibuprofen-1-TP15,Ibuprofen-TP1,Ibuprofen-TP15,Sodium decyl sulfate"
"M238_R226_610",226.293014,238.128532,0,0,0,0,0,0,0,0,0,0,0,0,0,0,0,0,0,0,0,0,0,0,0,0,0,0,0,0,0,0,0,0,0,0,0,0,0,0,0,0,0,0,0,0,0,0,0,0,0,0,0,0,0,0,0,0,0,0,99848,72229,34136,0,0,0,0,0,0,0,0,0,0,0,0,0,0,0,0,0,0,0,0,0,0,0,0,0,0,0,0,0,0,0,0,0,0,0,0,0,0,0,0,0,0,0,0,0,0,0,0,0,0,0,0,0,0,0,0,0,0,0,0,0,0,0,0,0,0,0,0,0,0,0,0,0,0,0,0,0,"[M+H]+",238.128532,"Dipentyl hydrogen phosphate,Phosphoric acid, di(3-methylbutyl) ester,Phosphoric acid, isodecyl ester, potassium salt,Phosphoric acid, monodecyl ester, potassium salt,Sodium decyl sulfate"
"M238_R226_611",226.234208,238.141194,0,0,0,621811,634750,550836,610514,242727,621352,0,542905,825403,862719,0,0,746695,398269,466311,874042,705034,1199766,0,124951,102789,92337,0,0,250566,187635,261778,435123,462869,356058,0,358453,601127,570757,0,0,344865,370750,493594,703157,665348,487343,0,80694,98633,113518,0,0,183700,247323,237479,0,0,0,0,1769416,642318,1743861,0,0,116798,94676,105240,95474,123298,110067,0,0,0,0,0,0,0,0,0,0,0,0,0,0,0,0,0,0,0,0,0,0,0,0,0,0,0,0,0,0,0,0,0,0,0,0,0,0,0,0,0,0,0,0,0,0,0,0,0,0,0,0,0,0,0,0,0,0,0,0,0,0,0,0,0,0,0,0,0,"[M+H]+",238.141194,"Pentaethylene glycol,Pirimicarb"
"M238_R364_612",364.408450934525,238.156411,0,0,0,0,0,0,0,0,0,0,0,0,0,0,0,0,0,0,0,0,0,0,0,0,0,0,0,0,0,0,0,0,0,0,0,0,0,0,0,0,0,0,0,0,0,0,0,0,0,0,0,0,0,0,0,0,0,0,0,0,0,0,0,0,0,0,0,0,0,0,0,0,0,0,0,0,0,0,0,0,0,0,0,0,0,0,0,0,0,0,0,0,0,0,0,0,0,0,0,0,0,0,0,0,0,0,0,0,0,0,0,39430,59250,38149,0,0,0,0,0,0,0,0,0,0,0,0,0,0,0,0,0,0,0,0,0,0,0,0,"[M-H]-",238.156411,"4-(1,4-dioxa-spiro[4.5]dec-8-yl)-cyclohexanone"
"M241_R385_627",384.73514,241.277012,0,0,0,0,0,0,0,0,0,0,0,0,0,0,0,0,0,0,0,0,0,0,55322,62116,59064,0,0,0,0,0,0,0,0,44911,39917,67651,93021,52806,54262,38455,33076,37256,65576,35588,73265,0,0,0,0,0,0,0,0,0,0,0,0,0,0,0,0,0,0,0,0,0,0,0,0,0,0,0,0,0,0,0,0,0,0,0,0,0,0,0,0,0,0,0,0,0,0,0,0,0,0,0,0,0,0,0,0,0,0,0,0,0,0,0,0,0,0,0,0,0,0,0,0,0,0,0,0,0,0,0,0,0,0,0,0,0,0,0,0,0,0,0,0,0,"[M+H]+",241.277012,"Bis(2-ethylhexyl)amine,N,N-Dimethyltetradecylamine"
"M241_R421_628",421.187792,241.277061,0,0,0,61025,61879,72979,0,0,0,0,0,0,0,0,0,0,0,0,0,0,0,0,0,0,0,0,0,0,0,0,0,0,0,0,0,0,0,0,0,0,0,0,0,0,0,0,0,0,0,0,0,0,0,0,0,0,0,132729,0,0,0,103501,90705,0,0,0,0,0,0,0,0,0,0,0,0,0,0,0,0,0,0,0,0,0,0,0,0,0,0,0,0,0,0,0,0,0,0,0,0,0,0,0,0,0,0,0,0,0,0,0,0,0,0,0,0,0,0,0,0,0,0,0,0,0,0,0,0,0,0,0,0,0,0,0,0,0,0,0,"[M+H]+",241.277061,"Bis(2-ethylhexyl)amine,N,N-Dimethyltetradecylamine"
"M242_R237_631",236.877865454365,242.060621,0,0,0,0,0,0,0,0,0,0,0,0,0,0,0,0,0,0,0,0,0,0,0,0,0,0,0,0,0,0,0,0,0,0,0,0,0,0,0,0,0,0,0,0,0,0,0,0,0,0,0,0,0,0,0,0,0,0,0,0,0,0,0,0,0,0,0,0,0,0,0,0,0,0,0,421875,471793,483863,0,0,0,0,0,0,0,0,0,0,0,0,0,0,0,0,0,0,0,0,0,0,0,0,0,0,0,0,0,0,0,0,0,0,0,0,0,0,0,0,0,0,0,0,0,0,0,0,0,0,0,0,0,0,0,0,0,0,0,0,"[M-H]-",242.060621,"Benzoyl peroxide,Ethoprophos,Sodium O,O-diisobutyl dithiophosphate"
"M242_R273_632",273.065266345545,242.060622,0,0,0,0,0,0,0,0,0,0,0,0,0,0,0,0,0,0,0,0,0,0,0,0,0,0,0,0,0,0,0,0,0,0,0,0,0,0,0,0,0,0,0,0,0,0,0,0,0,0,0,0,0,0,0,0,0,0,0,0,0,0,0,0,0,0,0,0,0,0,0,0,272004,454693,204628,745081,715245,563270,0,114325,50789,86573,0,0,132806,101051,91718,205969,182027,72643,0,100685,130558,154452,0,0,0,0,0,0,0,0,0,0,0,0,0,0,0,0,0,0,0,0,0,0,0,0,0,0,0,0,0,159903,136087,137743,0,0,0,0,0,0,0,0,0,0,0,0,"[M-H]-",242.060622,"Benzoyl peroxide,Ethoprophos,Sodium O,O-diisobutyl dithiophosphate"
"M242_R247_633",246.704053446418,242.060701,0,0,0,0,0,0,0,0,0,0,0,0,0,0,0,0,0,0,0,0,0,0,0,0,0,0,0,0,0,0,0,0,0,0,0,0,0,0,0,0,0,0,0,0,0,0,0,0,0,0,0,0,0,0,0,0,0,0,0,0,0,0,0,0,0,0,0,0,0,120513,26670,146398,521576,452265,191689,706169,433596,771303,120751,306025,153526,308715,161201,195110,129584,231567,280102,353384,421339,126255,277196,513899,514354,451655,140338,101249,0,0,0,0,0,0,275048,398426,626501,447603,187742,112264,161365,121474,76676,174504,273146,292384,105209,92680,71683,113548,91670,99584,0,0,0,228328,93598,116234,0,155172,242261,245573,0,0,0,0,0,0,0,0,"[M-H]-",242.060701,"Benzoyl peroxide,Ethoprophos,Sodium O,O-diisobutyl dithiophosphate"
"M242_R337_634",337.283108,242.080367,0,0,0,0,0,0,0,0,0,0,0,0,0,0,0,0,0,0,0,0,0,62104,0,0,0,73489,54506,0,0,0,0,0,0,0,0,0,0,0,0,0,0,0,0,0,0,51279,0,0,0,55588,53176,0,0,0,0,0,0,0,0,0,0,0,0,0,0,0,0,0,0,0,0,0,0,0,0,0,0,0,0,0,0,0,0,0,0,0,0,0,0,0,0,0,0,0,0,0,0,0,0,0,0,0,0,0,0,0,0,0,0,0,0,0,0,0,0,0,0,0,0,0,0,0,0,0,0,0,0,0,0,0,0,0,0,0,0,0,0,0,"[M+H]+",242.080367,"7,8-dimethylalloxazine"
"M242_R311_635",311.279499828286,242.097074,0,0,0,0,0,0,0,0,0,0,0,0,0,0,0,0,0,0,0,0,0,0,0,0,0,0,0,0,0,0,0,0,0,0,0,0,0,0,0,0,0,0,0,0,0,0,0,0,0,0,0,0,0,0,0,0,0,0,0,0,0,0,0,0,0,0,0,0,0,0,0,0,98005,102940,48638,178032,173784,228945,109562,120777,82115,80655,138330,208836,59999,118526,72995,117739,107369,27656,82250,294749,222975,210664,68756,83810,0,0,0,0,0,0,144174,104487,224606,206735,198386,53339,0,0,0,91002,266362,190615,50606,0,0,0,44219,52820,0,0,0,50916,50346,85811,0,0,0,0,0,0,0,0,0,61212,52336,62188,"[M-H]-",242.097074,"Fenoprofen,Molsidomine"
"M242_R387_637",386.993748955243,242.166858,0,0,0,0,0,0,0,0,0,58736,0,0,0,66187,49243,0,0,0,0,0,0,0,0,0,0,0,0,0,0,0,0,0,0,80623,75476,63340,76567,78195,70674,61053,65424,76885,72033,55251,67085,49100,0,0,0,63457,53069,0,0,0,0,0,0,0,0,0,0,0,0,0,0,0,0,0,0,0,0,0,0,0,0,0,0,0,0,0,0,0,0,0,0,0,0,0,0,0,0,0,0,0,0,0,0,0,0,0,0,0,60544,0,0,0,62672,60282,54436,53064,62332,65001,62969,71398,0,0,0,0,0,0,0,0,0,0,0,0,0,0,0,0,0,0,0,0,0,0,0,0,"[M+H]+,[M-H]-",242.166858,"Tripropan-2-ylsilyl 2-methylprop-2-enoate"
"M243_R327_640",327.217027,243.120419,0,0,0,0,0,0,61191,49573,52412,56095,0,0,0,58960,75295,0,0,0,0,0,0,68706,0,0,0,52157,64553,0,0,0,0,0,0,70472,0,0,0,89473,81201,93824,70671,76896,40486,97258,70527,79496,0,0,0,47257,43199,0,0,0,0,0,0,63429,0,0,0,60795,59428,55777,73911,52155,0,0,0,0,0,0,0,0,0,0,0,0,0,0,0,0,0,0,0,0,0,0,0,0,0,0,0,0,0,0,0,0,0,0,0,0,0,0,0,0,0,0,0,0,0,0,0,0,0,0,0,0,0,0,0,0,0,0,0,0,0,0,0,0,0,0,0,0,0,0,0,0,"[M+H]+",243.120419,"Triphenylcarbenium"
"M243_R445_644",444.83775,243.256223,36035,52768,55532,0,0,0,0,0,0,159462,0,0,0,63228,49179,0,0,0,0,0,0,0,0,0,0,0,0,0,0,0,0,0,0,0,0,0,0,0,0,0,0,0,0,0,0,0,0,0,0,0,0,0,0,0,0,0,0,0,0,0,0,0,0,0,0,0,0,0,0,0,0,0,0,0,0,0,0,0,0,0,0,0,0,0,0,0,0,0,0,0,0,0,0,0,0,0,0,0,0,0,0,0,0,0,0,0,0,0,0,0,0,0,0,0,0,0,0,0,0,0,0,0,0,0,0,0,0,0,0,0,0,0,0,0,0,0,0,0,"[M+H]+",243.256223,"Amines, C10-16-alkyldimethyl, N-oxides"
"M243_R439_645",438.679788,243.256253,0,0,0,0,0,0,101153,123381,130083,0,68155,85103,62066,0,0,0,0,0,85675,117376,102133,0,0,0,0,0,0,0,0,0,0,0,0,0,0,0,0,0,0,0,0,0,0,0,0,0,0,0,0,0,0,0,0,0,0,0,0,0,0,0,0,0,0,0,0,0,0,0,0,0,0,0,0,0,0,0,0,0,0,0,0,0,0,0,0,0,0,0,0,0,0,0,0,0,0,0,0,0,0,0,0,0,0,0,0,0,0,0,0,0,0,0,0,0,0,0,0,0,0,0,0,0,0,0,0,0,0,0,0,0,0,0,0,0,0,0,0,0,"[M+H]+",243.256253,"Amines, C10-16-alkyldimethyl, N-oxides"
"M243_R448_646",448.224039,243.256291,0,0,0,146553,91163,81715,0,0,0,0,0,0,0,0,0,62582,96033,75635,0,0,0,0,0,0,0,0,0,0,0,0,0,0,0,0,0,0,0,0,0,0,0,0,0,0,0,0,0,0,0,0,0,0,0,0,0,0,0,0,0,0,0,0,0,0,0,0,0,0,0,0,0,0,0,0,0,0,0,0,0,0,0,0,0,0,0,0,0,0,0,0,0,0,0,0,0,0,0,0,0,0,0,0,0,0,0,0,0,0,0,0,0,0,0,0,0,0,0,0,0,0,0,0,0,0,0,0,0,0,0,0,0,0,0,0,0,0,0,0,"[M+H]+",243.256291,"Amines, C10-16-alkyldimethyl, N-oxides"
"M243_R433_647",433.205098,243.25634,0,0,0,292296,139591,134871,0,0,0,0,0,0,0,0,0,0,0,0,0,0,0,0,0,0,0,0,0,82749,88880,63836,0,0,0,0,0,0,0,0,0,0,0,0,0,0,0,0,0,0,0,0,0,0,0,0,0,0,0,0,0,0,0,0,0,0,0,0,0,0,0,0,0,0,0,0,0,0,0,0,0,0,0,0,0,0,0,0,0,0,0,0,0,0,0,0,0,0,0,0,0,0,0,0,0,0,0,0,0,0,0,0,0,0,0,0,0,0,0,0,0,0,0,0,0,0,0,0,0,0,0,0,0,0,0,0,0,0,0,0,"[M+H]+",243.25634,"Amines, C10-16-alkyldimethyl, N-oxides"
"M243_R454_648",453.752149,243.256375,0,0,0,0,0,0,67377,65683,68498,0,40837,40616,37457,0,0,0,0,0,85996,89588,73352,0,0,0,0,0,0,0,0,0,69037,51222,52370,0,0,0,0,0,0,0,0,0,0,0,0,0,0,0,0,0,0,0,0,0,0,0,0,0,0,0,0,0,0,0,0,0,0,0,0,0,0,0,0,0,0,0,0,0,0,0,0,0,0,0,0,0,0,0,0,0,0,0,0,0,0,0,0,0,0,0,0,0,0,0,0,0,0,0,0,0,0,0,0,0,0,0,0,0,0,0,0,0,0,0,0,0,0,0,0,0,0,0,0,0,0,0,0,0,"[M+H]+",243.256375,"Amines, C10-16-alkyldimethyl, N-oxides"
"M244_R359_659",358.847667,244.121183,135850,120462,88043,0,0,0,72692,83958,78667,178497,0,0,0,148382,198991,0,0,0,0,0,0,113890,0,0,0,128884,120610,82567,55969,152163,0,0,0,164839,0,0,0,169690,143965,185944,141851,135768,124377,98566,111228,73895,0,0,0,67331,56427,0,0,0,0,0,0,0,0,0,0,0,0,0,0,0,0,0,0,0,0,0,0,0,0,0,0,0,0,0,0,0,0,0,0,0,0,0,0,0,0,0,0,0,0,0,0,0,0,0,0,0,0,0,0,0,0,0,0,0,0,0,0,0,0,0,0,0,0,0,0,0,0,0,0,0,0,0,0,0,0,0,0,0,0,0,0,0,"[M+H]+",244.121183,"1,3-Bis(2-isocyanatopropan-2-yl)benzene,2-[2-(2-aminophenoxy)ethoxy]aniline,3,3'-dimethoxybenzidine,Benzidine acetate"
"M244_R349_661",349.270477518562,244.166847,0,0,0,0,0,0,0,0,0,0,0,0,0,0,0,0,0,0,0,0,0,0,0,0,0,0,0,0,0,0,0,0,0,0,0,0,0,0,0,0,0,0,0,0,0,0,0,0,0,0,0,0,0,0,0,0,0,0,0,0,0,0,0,0,0,0,0,0,0,28364,33798,30755,0,0,0,0,0,0,0,0,0,0,0,0,0,0,0,19816,23679,24875,0,0,0,0,0,0,40059,26671,48635,21864,55212,12838,0,0,0,0,0,0,23238,17771,33529,0,0,0,0,0,0,0,0,0,0,0,0,0,0,0,0,0,0,0,0,0,25693,35417,22078,20369,25872,26005,"[M-H]-",244.166847,"Pentanedioic acid, bis(2-methylpropyl) ester"
"M244_R377_662",376.55687753212,244.166849,0,0,0,0,0,0,0,0,0,0,0,0,0,0,0,0,0,0,0,0,0,0,0,0,0,0,0,0,0,0,0,0,0,0,0,0,0,0,0,0,0,0,0,0,0,0,0,0,0,0,0,0,0,0,0,0,0,0,0,0,0,0,0,0,0,0,0,0,0,0,0,0,0,0,0,0,0,0,0,0,0,0,0,0,58919,12821,37269,0,0,0,0,0,0,0,0,0,0,0,0,0,0,0,0,0,0,0,0,0,0,0,0,0,0,0,0,0,0,0,0,0,0,0,0,0,0,0,0,0,0,0,0,0,0,0,0,0,0,0,"[M-H]-",244.166849,"Pentanedioic acid, bis(2-methylpropyl) ester"
"M244_R363_663",362.877275061521,244.166868,0,0,0,0,0,0,0,0,0,0,0,0,0,0,0,0,0,0,0,0,0,0,0,0,0,0,0,0,0,0,0,0,0,0,0,0,0,0,0,0,0,0,0,0,0,0,0,0,0,0,0,0,0,0,0,0,0,0,0,0,0,0,0,0,0,0,0,0,0,123974,55247,110865,0,0,0,123064,116557,88283,0,297079,259988,348432,0,0,385605,321362,523944,260824,353446,712688,62300,0,0,0,38300,66615,95301,74490,102526,62210,131923,68878,62286,0,0,0,59557,68660,320823,118142,98946,109982,90936,83399,0,0,0,0,0,0,181236,74694,75981,41494,136903,69349,60372,0,0,0,79013,71034,87262,91132,64163,64761,43484,96754,"[M-H]-",244.166868,"Pentanedioic acid, bis(2-methylpropyl) ester"
"M244_R344_664",343.751488652034,244.186342,0,0,0,0,0,0,0,0,0,0,0,0,0,0,0,0,0,0,0,0,0,0,0,0,0,0,0,0,0,0,0,0,0,0,0,0,0,0,0,0,0,0,0,0,0,0,0,0,0,0,0,0,0,0,0,0,0,0,0,0,0,0,0,0,0,0,0,0,0,0,0,0,0,0,0,0,0,0,0,0,0,0,0,0,0,0,0,0,0,0,0,0,0,0,0,0,0,0,0,0,0,0,0,0,0,0,0,0,0,0,0,0,0,0,98311,0,0,0,52829,55237,0,0,0,0,0,0,0,0,0,0,0,0,0,0,0,0,0,0,"[M-H]-",244.186342,"ADBI (Celestolide),AHDI (Phantolide)"
"M244_R376_665",376.18914,244.194078,63463,50845,58439,0,0,0,0,0,0,79941,0,0,0,65148,64253,0,0,0,0,0,0,68566,72550,72451,57379,59803,56975,0,0,0,0,0,0,75430,0,0,0,91135,63666,65635,70528,65583,84101,87368,82059,0,57795,61560,70335,0,0,0,0,0,0,0,0,77001,0,0,0,68039,55264,0,0,0,0,0,0,0,0,0,0,0,0,0,0,0,0,0,0,0,0,0,0,0,0,0,0,0,0,0,0,0,0,0,0,0,0,0,0,0,0,0,0,0,0,0,0,0,0,0,0,0,0,0,0,0,0,0,0,0,0,0,0,0,0,0,0,0,0,0,0,0,0,0,0,0,"[M+H]+",244.194078,"Xylometazoline"
"M245_R279_668",278.687488,245.116375,0,0,0,0,0,0,0,0,0,0,0,0,0,0,0,0,0,0,0,0,0,149029,0,0,0,129883,64079,84468,97041,163181,79385,126929,54735,209447,0,0,0,245905,153696,103754,120941,138275,119641,139746,95853,146479,0,0,0,183255,126142,0,0,0,0,0,0,130055,0,0,0,126673,115286,0,0,0,0,0,0,0,0,0,0,0,0,0,0,0,0,0,0,0,0,0,0,0,0,0,0,0,0,0,0,0,0,0,0,0,0,0,0,0,0,0,0,0,0,0,0,0,0,0,0,0,0,0,0,0,0,0,0,0,0,0,0,0,0,0,0,0,0,0,0,0,0,0,0,0,"[M+H]+",245.116375,"4-Acetamidoantipyrine,Triaryl-Ammonium"
"M246_R185_672",184.96359503841,246.019366,0,0,0,0,0,0,0,0,0,0,0,0,0,0,0,0,0,0,0,0,0,0,0,0,0,0,0,0,0,0,0,0,0,0,0,0,0,0,0,0,0,0,0,0,0,0,0,0,0,0,0,0,0,0,0,0,0,0,0,0,0,0,0,0,0,0,0,0,0,0,0,0,0,0,0,0,0,0,0,0,0,0,0,0,0,0,0,0,0,0,91770,0,0,0,64218,86576,0,0,0,0,0,0,0,0,0,0,0,0,0,0,0,0,0,0,0,0,0,0,0,0,0,0,0,0,0,0,0,0,0,0,0,0,0,0,0,0,0,0,"[M-H]-",246.019366,"Octyltrichlorosilane,Oxydemeton-methyl"
"M246_R341_677",340.666605,246.146661,71275,70632,36325,0,0,0,38712,94055,70871,74330,0,0,0,197723,65504,0,0,0,0,0,0,0,0,0,0,0,0,0,0,0,0,0,0,0,0,0,0,0,0,0,0,0,0,0,0,0,0,0,0,0,0,0,0,0,0,0,0,0,0,0,0,0,0,0,0,0,0,0,0,0,0,0,0,0,0,0,0,0,0,0,0,0,0,0,0,0,0,0,0,0,0,0,0,0,0,0,0,0,0,0,0,0,0,0,0,0,0,0,0,0,0,0,0,0,0,0,0,0,0,0,0,0,0,0,0,0,0,0,0,0,0,0,0,0,0,0,0,0,"[M+H]+",246.146661,"2-[2-(2-ethoxyethoxy)ethoxy]ethyl methacrylate"
"M246_R399_681",398.839712,246.234909,75310,61869,64898,0,0,0,65514,84418,56611,0,105278,116456,103400,0,0,0,0,0,0,0,0,0,94389,112603,77129,0,0,71847,94566,58787,53620,71656,89614,0,96403,73206,99593,0,0,0,0,0,0,0,0,0,120662,113832,110776,0,0,63696,76934,65736,79495,76676,63418,0,105123,106456,110524,0,0,57055,63470,86388,0,0,0,0,0,0,0,0,0,0,0,0,0,0,0,0,0,0,0,0,0,0,0,0,0,0,0,0,0,0,0,0,0,0,0,0,0,0,0,0,0,0,0,0,0,0,0,0,0,0,0,0,0,0,0,0,0,0,0,0,0,0,0,0,0,0,0,0,0,0,0,0,"[M+H]+",246.234909,"6-Phenyldodecane"
"M246_R370_682",369.852199,246.238968,0,0,0,0,0,0,0,0,0,0,0,0,0,0,0,0,0,0,92792,88050,70693,0,0,0,0,0,0,0,0,0,88253,73641,76359,102603,0,0,0,127838,76056,86632,115852,66940,0,0,0,0,0,0,0,0,0,0,0,0,0,0,0,0,0,0,0,0,0,0,0,0,0,0,0,0,0,0,0,0,0,0,0,0,0,0,0,0,0,0,0,0,0,0,0,0,0,0,0,0,0,0,0,0,0,0,0,0,0,0,0,0,0,0,0,0,0,0,0,0,0,0,0,0,0,0,0,0,0,0,0,0,0,0,0,0,0,0,0,0,0,0,0,0,"[M+H]+",246.238968,"6-Phenyldodecane"
"M248_R354_685",353.998587412094,248.039412,0,0,0,0,0,0,0,0,0,0,0,0,0,0,0,0,0,0,0,0,0,0,0,0,0,0,0,0,0,0,0,0,0,0,0,0,0,0,0,0,0,0,0,0,0,0,0,0,0,0,0,0,0,0,0,0,0,0,0,0,0,0,0,0,0,0,0,0,0,0,0,0,0,0,0,0,0,0,0,0,0,0,0,0,0,0,0,0,0,0,55679,0,0,0,73772,74452,0,0,0,0,0,0,69149,0,0,0,65064,69139,0,0,0,75534,67959,60743,82705,0,0,0,128504,116920,0,0,0,0,0,0,148627,0,0,0,155566,172712,0,0,0,0,0,0,"[M-H]-",248.039412,"Fludioxonil,Thionazin"
"M248_R324_688",324.186862,248.152401,0,0,0,0,0,0,0,0,0,0,0,0,0,0,0,0,0,0,0,0,0,0,0,0,0,0,0,0,0,0,0,0,0,0,0,0,0,0,0,0,0,0,0,0,0,54169,0,0,0,36220,65993,0,0,0,0,0,0,0,0,0,0,0,0,0,0,0,0,0,0,0,0,0,0,0,0,0,0,0,0,0,0,0,0,0,0,0,0,0,0,0,0,0,0,0,0,0,0,0,0,0,0,0,0,0,0,0,0,0,0,0,0,0,0,0,0,0,0,0,0,0,0,0,0,0,0,0,0,0,0,0,0,0,0,0,0,0,0,0,"[M+H]+",248.152401,"Pindolol"
"M248_R354_690",353.671877,248.17699,0,0,0,0,0,0,56689,32601,58202,0,0,0,0,0,0,0,0,0,0,0,0,0,0,0,0,0,0,0,0,0,0,0,0,0,0,0,0,0,0,0,0,0,0,0,0,0,0,0,0,0,0,0,0,0,0,0,0,0,0,0,0,0,0,0,0,0,0,0,0,0,0,0,0,0,0,0,0,0,0,0,0,0,0,0,0,0,0,0,0,0,0,0,0,0,0,0,0,0,0,0,0,0,0,0,0,0,0,0,0,0,0,0,0,0,0,0,0,0,0,0,0,0,0,0,0,0,0,0,0,0,0,0,0,0,0,0,0,0,"[M+H]+",248.17699,"3,5-Di-tert-butyl-4-hydroxyacetophenone"
"M248_R386_691",386.039295800933,248.1773895,2314673,1909263,1858810,1927002,1117635,1459567,2413381,2125224,2272961,2547006,1307452,900392,1226554,2814534,3109146,1516374,2444207,1474959,1903349,2214932,1048095,2076691,1807830,1856264,1768819,2126598,1846960,1285926,1308342,2802905,1678168,2330149,1105245,2841354,1931158,2133534,2039285,3348132,2841704,2991099,3271334,3413406,2856079,3396012,3395282,2988333,1225694,1459413,1441005,3968583,3424490,1612095,1463110,2430895,2545066,2275700,2549557,1605435,1746124,1388213,1628255,1839472,1550172,1726106,2020640,887600,2044361,1581488,726025,0,0,0,0,0,0,0,0,0,0,212913,252566,188155,0,0,263006,87912,82240,0,0,0,0,0,0,0,0,0,0,0,0,0,0,0,0,126017,157271,216500,0,0,96447,83700,107618,120419,150239,69281,0,88215,104334,88750,0,0,0,0,0,0,0,0,0,0,0,0,0,0,0,0,0,0,0,0,"[M+H]+,[M-H]-",248.1773895,"3,5-Di-tert-butyl-4-hydroxyacetophenone"
"M248_R373_692",373.347927,248.177486,228692,215394,158877,227143,183216,178316,296496,281632,278598,257699,168204,137470,125729,247983,258792,150358,295900,243021,167618,190896,116899,394014,518529,547502,443451,424978,222757,315794,254773,434116,328675,432250,278350,497404,357086,413441,368862,665991,467861,267786,305702,644255,492545,815696,599738,456085,323672,311467,402714,506690,340347,215688,228535,411061,397275,294771,317579,392158,392098,433537,432921,301343,309922,205687,265396,116314,374025,284871,215849,0,0,0,0,0,0,0,0,0,0,0,0,0,0,0,0,0,0,0,0,0,0,0,0,0,0,0,0,0,0,0,0,0,0,0,0,0,0,0,0,0,0,0,0,0,0,0,0,0,0,0,0,0,0,0,0,0,0,0,0,0,0,0,0,0,0,0,0,0,"[M+H]+",248.177486,"3,5-Di-tert-butyl-4-hydroxyacetophenone"
"M248_R398_693",397.628992,248.177512,0,0,0,1036420,713394,684365,955883,992951,963238,0,310112,304470,333934,0,0,582511,697294,491932,543593,596947,503065,0,321332,361710,287130,0,0,279302,174624,500797,361522,428317,205949,0,265319,361166,295897,0,0,497137,410733,405697,461056,475230,382203,0,0,0,0,0,0,0,0,0,0,0,0,0,369300,352681,317160,0,0,0,0,0,0,0,0,0,0,0,0,0,0,0,0,0,0,0,0,0,0,0,0,0,0,0,0,0,0,0,0,0,0,0,0,0,0,0,0,0,0,0,0,0,0,0,0,0,0,0,0,0,0,0,0,0,0,0,0,0,0,0,0,0,0,0,0,0,0,0,0,0,0,0,0,0,"[M+H]+",248.177512,"3,5-Di-tert-butyl-4-hydroxyacetophenone"
"M248_R384_694",384.421321,248.196875,0,0,0,0,0,0,0,0,0,79576,0,0,0,70826,88566,0,0,0,0,0,0,0,0,0,0,0,0,0,0,0,0,0,0,88253,52533,54904,65954,112588,90341,116639,216982,101685,0,0,0,115922,0,0,0,123716,82772,0,0,0,0,0,0,0,0,0,0,0,0,0,0,0,0,0,0,0,0,0,0,0,0,0,0,0,0,0,0,0,0,0,0,0,0,0,0,0,0,0,0,0,0,0,0,0,0,0,0,0,0,0,0,0,0,0,0,0,0,0,0,0,0,0,0,0,0,0,0,0,0,0,0,0,0,0,0,0,0,0,0,0,0,0,0,0,"[M+H]+",248.196875,"[(butoxymethylethoxy)methylethoxy]propan-1-ol"
"M249_R314_698",314.158106,249.172758,70952,57296,50183,0,0,0,0,0,0,98793,0,0,0,71156,59120,0,0,0,0,0,0,85275,0,0,0,73821,55653,0,0,0,0,0,0,88699,0,0,0,103697,75842,0,0,0,0,0,0,64381,0,0,0,69156,64511,0,0,0,0,0,0,82896,0,0,0,57523,85925,0,0,0,0,0,0,0,0,0,0,0,0,0,0,0,0,0,0,0,0,0,0,0,0,0,0,0,0,0,0,0,0,0,0,0,0,0,0,0,0,0,0,0,0,0,0,0,0,0,0,0,0,0,0,0,0,0,0,0,0,0,0,0,0,0,0,0,0,0,0,0,0,0,0,0,"[M+H]+",249.172758,"N,N-Didesmethylvenlafaxine,N,O-Didesmethylvenlafaxine,O-Desmethylvenlafaxine-TP2,Tramadol-TP1,Tramadol-TP2,Venlafaxine HCl-TP6,Venlafaxine HCl-TP8,Venlafaxine-d6-TP9"
"M249_R269_699",268.919748,249.172811,0,0,0,0,0,0,0,0,0,58759,0,0,0,90681,63313,0,0,0,0,0,0,69523,0,0,0,109882,99353,0,0,0,0,0,0,96873,0,0,0,130445,108044,163860,92969,86869,128089,115987,120604,84994,0,0,0,78597,84089,0,0,0,0,0,0,100722,0,0,0,94089,83719,0,0,0,0,0,0,0,0,0,0,0,0,0,0,0,0,0,0,0,0,0,0,0,0,0,0,0,0,0,0,0,0,0,0,0,0,0,0,0,0,0,0,0,0,0,0,0,0,0,0,0,0,0,0,0,0,0,0,0,0,0,0,0,0,0,0,0,0,0,0,0,0,0,0,0,"[M+H]+",249.172811,"N,N-Didesmethylvenlafaxine,N,O-Didesmethylvenlafaxine,O-Desmethylvenlafaxine-TP2,Tramadol-TP1,Tramadol-TP2,Venlafaxine HCl-TP6,Venlafaxine HCl-TP8,Venlafaxine-d6-TP9"
"M249_R256_700",256.295942,249.172869,0,0,0,0,0,0,128801,102750,65964,0,0,0,0,0,0,63524,109724,81140,103941,93738,52384,0,0,0,0,0,0,123764,98543,181472,94716,176190,78310,93779,0,0,0,186801,93692,187970,131968,163171,150654,192767,139599,128474,0,0,0,128329,166708,0,0,0,0,0,0,119002,0,0,0,193187,70849,0,0,0,0,0,0,0,0,0,0,0,0,0,0,0,0,0,0,0,0,0,0,0,0,0,0,0,0,0,0,0,0,0,0,0,0,0,0,0,0,0,0,0,0,0,0,0,0,0,0,0,0,0,0,0,0,0,0,0,0,0,0,0,0,0,0,0,0,0,0,0,0,0,0,0,"[M+H]+",249.172869,"N,N-Didesmethylvenlafaxine,N,O-Didesmethylvenlafaxine,O-Desmethylvenlafaxine-TP2,Tramadol-TP1,Tramadol-TP2,Venlafaxine HCl-TP6,Venlafaxine HCl-TP8,Venlafaxine-d6-TP9"
"M250_R372_701",371.57166,249.992751,115808,105792,104712,300895,196458,164104,217097,281579,277358,99495,295856,217969,251916,84358,91954,134490,181602,142903,173912,187718,136495,101134,0,0,0,105669,88175,155710,140397,226863,174143,180723,130436,59624,369423,418057,340219,79288,58060,103669,116540,113974,100640,98078,95716,84750,260647,247867,311093,71775,75754,125488,155273,150735,144824,147831,170825,70760,276097,249105,260122,61749,84697,147871,145606,130656,112895,93430,102070,0,0,0,0,0,0,0,0,0,0,0,0,0,0,0,0,0,0,0,0,0,0,0,0,0,0,0,0,0,0,0,0,0,0,0,0,0,0,0,0,0,0,0,0,0,0,0,0,0,0,0,0,0,0,0,0,0,0,0,0,0,0,0,0,0,0,0,0,0,"[M+H]+",249.992751,"4,4_-Dichlorobenzophenone,Tris(3-chloropropyl) phosphate-TP4"
"M250_R402_702",402.48724,250.056898,0,0,0,0,0,0,0,0,0,0,0,0,0,0,0,0,0,0,0,0,0,0,72076,66568,50298,0,0,0,0,0,0,0,0,0,0,0,0,0,0,0,0,0,0,0,0,0,0,0,0,0,0,0,0,0,0,0,0,0,0,0,0,0,0,0,0,0,0,0,0,0,0,0,0,0,0,0,0,0,0,0,0,0,0,0,0,0,0,0,0,0,0,0,0,0,0,0,0,0,0,0,0,0,0,0,0,0,0,0,0,0,0,0,0,0,0,0,0,0,0,0,0,0,0,0,0,0,0,0,0,0,0,0,0,0,0,0,0,0,"[M+H]+",250.056898,"2-(2-nitro-4-trifluoromethylphenylamino)ethanol,4-(4'-Trifluoromethylphenyl)benzaldehyde,Sulfadiazine,Thiacloprid-TP37,Thiacloprid-TP40"
"M250_R372_703",371.7788728842,250.156564,77471,83954,82981,0,0,0,0,0,0,115283,107434,94905,105464,78182,83651,105001,94892,98461,64965,107652,86552,90062,92720,101299,99861,95425,59505,0,0,0,67098,68288,72413,0,0,0,0,0,0,0,0,0,0,0,0,0,0,0,0,0,0,0,0,0,0,0,0,0,0,0,0,0,0,0,0,0,0,0,0,171810,185221,167368,0,0,0,72786,97800,81731,147872,75362,52133,57593,132355,135450,95313,125012,104520,117758,137903,115906,156568,0,0,0,148829,170116,121998,121659,131658,128176,175192,171355,81023,56323,63671,66008,73800,99037,146160,175268,148447,146622,155648,154507,43961,0,0,0,60009,52230,0,0,0,129639,103851,87375,105702,91464,98859,90768,93267,93992,0,0,0,0,0,0,"[M+H]+,[M-H]-",250.156564,"Gemfibrozil,Octisalate"
"M250_R363_704",363.458305061011,250.1566505,0,0,0,0,0,0,0,0,0,0,0,0,0,0,0,0,0,0,0,0,0,0,0,0,0,0,0,0,0,0,0,0,0,0,0,0,0,0,0,0,0,0,0,0,0,0,79640,58062,63438,0,0,0,0,0,0,0,0,0,0,0,0,0,0,0,0,0,0,0,0,0,0,0,0,0,0,0,0,0,0,0,0,0,0,0,0,0,0,0,0,0,20524,0,0,0,22695,13684,0,0,0,0,0,0,0,0,0,0,0,0,0,0,0,0,0,0,0,0,0,0,0,0,0,0,0,0,0,0,0,0,0,0,0,0,0,0,0,0,0,0,"[M+H]+,[M-H]-",250.1566505,"Gemfibrozil,Octisalate"
"M250_R295_705",295.383278,250.168068,0,0,0,96104,65076,61438,75526,72448,78439,0,0,0,0,0,0,0,0,0,0,0,0,0,0,0,0,0,0,0,0,0,0,0,0,0,0,0,0,0,0,0,0,0,0,0,0,0,0,0,0,0,0,0,0,0,0,0,0,0,0,0,0,0,0,0,0,0,0,0,0,0,0,0,0,0,0,0,0,0,0,0,0,0,0,0,0,0,0,0,0,0,0,0,0,0,0,0,0,0,0,0,0,0,0,0,0,0,0,0,0,0,0,0,0,0,0,0,0,0,0,0,0,0,0,0,0,0,0,0,0,0,0,0,0,0,0,0,0,0,"[M+H]+",250.168068,"Lidocaine-d10 N-Oxide,N,N'''-1,6-hexanediylbis[N'-cyanoguanidine]"
"M250_R400_708",399.607446978777,250.1930545,0,0,0,0,0,0,0,0,0,0,0,0,0,0,0,0,0,0,0,0,0,0,0,0,0,0,0,84327,85206,59020,0,0,0,0,0,0,0,0,0,0,0,0,0,0,0,0,0,0,0,0,0,0,0,0,0,0,0,0,0,0,0,0,0,0,0,0,0,0,0,60061,75455,76623,0,0,0,0,0,0,0,0,0,0,0,0,0,0,0,0,0,0,0,0,0,0,0,0,0,0,0,0,0,0,0,0,0,0,0,0,0,0,0,0,0,0,0,0,0,0,0,0,0,0,0,0,0,0,0,0,0,0,0,0,0,0,0,0,0,0,"[M+H]+,[M-H]-",250.1930545,"2,5-di-tert-pentylhydroquinone,2-[4-(1,1,3,3-tetramethylbutyl)phenoxy]ethanol _  4-Octylphenol mono-ethoxylate,Reaction mass of (4aR,8R,9bS)-7,7,8,9,9-pentamethyl-4,4a,5,6,7,8,9,9b-octahydroindeno[4,5-d][1,3]dioxine and (4aR,8S,9bS)-7,7,8,9,9-pentamethyl-4,4a,5"
"M250_R378_709",377.514955,250.193194,0,0,0,80020,55496,59483,83181,65618,83083,0,0,0,0,0,0,0,0,0,0,0,0,0,0,0,0,0,0,48193,57950,44804,0,0,0,0,0,0,0,0,0,0,0,0,37657,35344,88987,0,0,0,0,0,0,0,0,0,0,0,0,0,53043,61620,51866,0,0,0,0,0,0,0,0,0,0,0,0,0,0,0,0,0,0,0,0,0,0,0,0,0,0,0,0,0,0,0,0,0,0,0,0,0,0,0,0,0,0,0,0,0,0,0,0,0,0,0,0,0,0,0,0,0,0,0,0,0,0,0,0,0,0,0,0,0,0,0,0,0,0,0,0,0,"[M+H]+",250.193194,"2,5-di-tert-pentylhydroquinone,2-[4-(1,1,3,3-tetramethylbutyl)phenoxy]ethanol _  4-Octylphenol mono-ethoxylate,Reaction mass of (4aR,8R,9bS)-7,7,8,9,9-pentamethyl-4,4a,5,6,7,8,9,9b-octahydroindeno[4,5-d][1,3]dioxine and (4aR,8S,9bS)-7,7,8,9,9-pentamethyl-4,4a,5"
"M252_R296_717",295.503112,252.089998,129934,192208,100386,0,0,0,112915,98917,72729,81406,122374,127756,159659,131009,139390,0,0,0,0,0,0,130284,124754,171647,90921,141925,148183,166244,136119,144908,104921,104558,80271,180914,83808,92000,95940,177768,187280,201802,165466,190479,117744,154849,140759,135536,0,0,0,145805,166157,0,0,0,78405,67865,89447,140458,76408,88001,42558,176473,171163,77544,83631,62106,130879,112055,167389,0,0,0,0,0,0,0,0,0,0,0,0,0,0,0,0,0,0,0,0,0,0,0,0,0,0,0,0,0,0,0,0,0,0,0,0,0,0,0,0,0,0,0,0,0,0,0,0,0,0,0,0,0,0,0,0,0,0,0,0,0,0,0,0,0,0,0,0,0,"[M+H]+",252.089998,"1-Hydroxycarbamazepine,10,11-Dihydro-10-hydroxycarbamazepine-TP1,2-Hydroxycarbamazepine,3-Hydroxycarbamazepine,Benzo(e)acephenanthrylene,Benzo(k)fluoranthene,Benzo[def]chrysene,Benzo[e]pyrene,Benzo[j]fluoranthene,Carbamazepine-10,11-epoxide,Phenytoine"
"M252_R325_718",325.128418,252.090154,0,0,0,0,0,0,0,0,0,58034,0,0,0,50032,56057,0,0,0,0,0,0,39234,0,0,0,64167,59597,0,0,0,0,0,0,0,0,0,0,0,0,0,0,0,0,0,0,0,0,0,0,0,0,0,0,0,0,0,0,0,0,0,0,0,0,0,0,0,0,0,0,0,0,0,0,0,0,0,0,0,0,0,0,0,0,0,0,0,0,0,0,0,0,0,0,0,0,0,0,0,0,0,0,0,0,0,0,0,0,0,0,0,0,0,0,0,0,0,0,0,0,0,0,0,0,0,0,0,0,0,0,0,0,0,0,0,0,0,0,0,"[M+H]+",252.090154,"1-Hydroxycarbamazepine,10,11-Dihydro-10-hydroxycarbamazepine-TP1,2-Hydroxycarbamazepine,3-Hydroxycarbamazepine,Benzo(e)acephenanthrylene,Benzo(k)fluoranthene,Benzo[def]chrysene,Benzo[e]pyrene,Benzo[j]fluoranthene,Carbamazepine-10,11-epoxide,Phenytoine"
"M252_R218_719",217.591816493522,252.1202995,0,0,0,401130,244742,118121,304252,212711,244252,0,64195,63371,67461,0,0,173233,200994,153058,277045,337652,261466,65363,0,0,0,56711,70756,0,0,0,69836,194406,82392,0,0,0,0,0,0,175653,89757,66694,107025,173223,90490,0,0,0,0,0,0,0,0,0,76781,101065,107222,0,0,0,0,0,0,0,0,0,0,0,0,0,0,0,0,0,0,0,0,0,0,0,0,0,0,0,0,0,0,51134,53913,59322,0,0,0,0,0,0,0,0,0,0,0,0,0,0,0,0,0,0,0,0,0,0,0,0,0,0,0,0,0,0,0,0,0,0,0,0,0,0,0,0,0,0,0,0,0,0,0,0,"[M+H]+,[M-H]-",252.1202995,"Cimetidine,Desmethyl-formamido-pirimicarb"
"M252_R224_720",224.260738,252.120304,0,0,0,0,0,0,0,0,0,0,0,0,0,0,0,0,0,0,0,0,0,0,0,0,0,0,0,0,0,0,0,0,0,0,0,0,0,0,0,0,0,0,0,0,0,0,0,0,0,0,0,0,0,0,0,0,0,0,0,0,0,0,0,118197,57498,47099,86433,62383,82709,0,0,0,0,0,0,0,0,0,0,0,0,0,0,0,0,0,0,0,0,0,0,0,0,0,0,0,0,0,0,0,0,0,0,0,0,0,0,0,0,0,0,0,0,0,0,0,0,0,0,0,0,0,0,0,0,0,0,0,0,0,0,0,0,0,0,0,0,0,"[M+H]+",252.120304,"Cimetidine,Desmethyl-formamido-pirimicarb"
"M252_R370_721",370.129688,252.135609,0,0,0,63976,73868,69161,0,0,0,0,0,0,0,0,0,0,0,0,0,0,0,0,0,0,0,0,0,0,0,0,0,0,0,0,0,0,0,0,0,0,0,0,0,0,0,0,0,0,0,0,0,0,0,0,0,0,0,0,59367,52040,54677,0,0,0,0,0,0,0,0,0,0,0,0,0,0,0,0,0,0,0,0,0,0,0,0,0,0,0,0,0,0,0,0,0,0,0,0,0,0,0,0,0,0,0,0,0,0,0,0,0,0,0,0,0,0,0,0,0,0,0,0,0,0,0,0,0,0,0,0,0,0,0,0,0,0,0,0,0,"[M+H]+",252.135609,"UT-632"
"M252_R409_722",408.589655,252.156099,0,0,0,0,0,0,0,0,0,0,0,0,0,0,0,0,0,0,0,0,0,0,0,0,0,0,0,0,0,0,0,0,0,50279,0,0,0,52094,46944,53770,88744,53934,70769,68661,50732,62561,0,0,0,66098,63409,0,0,0,0,0,0,0,0,0,0,0,0,0,0,0,0,0,0,0,0,0,0,0,0,0,0,0,0,0,0,0,0,0,0,0,0,0,0,0,0,0,0,0,0,0,0,0,0,0,0,0,0,0,0,0,0,0,0,0,0,0,0,0,0,0,0,0,0,0,0,0,0,0,0,0,0,0,0,0,0,0,0,0,0,0,0,0,"[M+H]+",252.156099,"2,5,8,11,14-Pentaoxahexadecan-16-ol,Hexazinone"
"M252_R374_723",374.034443,252.172413,71114,84043,43138,117044,90487,88358,89615,112236,96416,79241,76476,52572,74405,70258,76050,77351,103576,74438,74713,87150,53398,26542,95152,86880,133314,88996,58366,76820,49047,91361,73806,70257,60480,79120,102461,78725,79277,84002,74221,93287,114911,107045,86661,97170,89665,90480,70095,61727,66019,50382,50223,96418,58382,84812,0,0,0,69312,74923,83326,83403,53886,40001,71956,71119,81241,90010,67957,49686,0,0,0,0,0,0,0,0,0,0,0,0,0,0,0,0,0,0,0,0,0,0,0,0,0,0,0,0,0,0,0,0,0,0,0,0,0,0,0,0,0,0,0,0,0,0,0,0,0,0,0,0,0,0,0,0,0,0,0,0,0,0,0,0,0,0,0,0,0,"[M+H]+",252.172413,"(1S,4R,6R)-1-[(3E)-5-hydroxy-3-methylpent-3-en-1-yn-1-yl]-2,2,6-trimethylcyclohexane-1,4-diol"
"M252_R385_724",384.548374,252.172495,0,0,0,0,0,0,0,0,0,0,0,0,0,0,0,0,0,0,0,0,0,0,0,0,0,0,0,0,0,0,0,0,0,0,0,0,0,0,0,0,0,0,0,0,0,0,0,0,0,0,0,0,0,0,0,0,0,24517,0,0,0,48302,46575,0,0,0,66816,35848,50783,0,0,0,0,0,0,0,0,0,0,0,0,0,0,0,0,0,0,0,0,0,0,0,0,0,0,0,0,0,0,0,0,0,0,0,0,0,0,0,0,0,0,0,0,0,0,0,0,0,0,0,0,0,0,0,0,0,0,0,0,0,0,0,0,0,0,0,0,0,"[M+H]+",252.172495,"(1S,4R,6R)-1-[(3E)-5-hydroxy-3-methylpent-3-en-1-yn-1-yl]-2,2,6-trimethylcyclohexane-1,4-diol"
"M252_R398_725",398.413951,252.208954,0,0,0,0,0,0,105189,52136,62977,0,0,0,0,0,0,50761,74774,62649,60334,53809,57029,0,0,0,0,0,0,61949,67765,52196,0,0,0,0,0,0,0,0,0,0,0,0,0,0,0,0,0,0,0,0,0,0,0,0,0,0,0,0,0,0,0,0,0,57335,43810,54018,0,0,0,0,0,0,0,0,0,0,0,0,0,0,0,0,0,0,0,0,0,0,0,0,0,0,0,0,0,0,0,0,0,0,0,0,0,0,0,0,0,0,0,0,0,0,0,0,0,0,0,0,0,0,0,0,0,0,0,0,0,0,0,0,0,0,0,0,0,0,0,0,"[M+H]+",252.208954,"(1R,2S,2'S,4R)-1,7,7-Trimethylbicyclo (2.2.1)heptane-2-spiro-4'-(2'-isopropyl-1',3'-dioxane),(Z,E)-Tetradeca-9,12-dienyl acetate"
"M253_R219_727",218.82634,253.131422,0,0,0,0,0,0,0,0,0,126610,210210,209302,218551,89104,156408,0,0,0,0,0,0,132060,319080,325969,275212,101323,116111,0,0,0,78230,65966,52302,154529,142151,197683,156185,207491,146715,116318,107160,80901,144892,137141,114713,138155,191504,191776,239736,127249,130239,0,0,0,67275,57574,64907,94579,104398,68184,127698,112407,84569,151276,137240,112363,117629,87595,69408,0,0,0,0,0,0,0,0,0,0,0,0,0,0,0,0,0,0,0,0,0,0,0,0,0,0,0,0,0,0,0,0,0,0,0,0,0,0,0,0,0,0,0,0,0,0,0,0,0,0,0,0,0,0,0,0,0,0,0,0,0,0,0,0,0,0,0,0,0,"[M+H]+",253.131422,"Cybutryne (Irgarol),Rotigotine-TP31"
"M254_R198_740",198.06286,254.108897,0,0,0,0,0,0,0,0,0,0,0,0,0,0,0,0,0,0,0,0,0,0,0,0,0,0,0,0,0,0,0,0,0,0,0,0,0,0,0,141661,74849,129156,156006,78425,154659,0,0,0,0,0,0,0,0,0,0,0,0,0,0,0,0,0,0,0,0,0,0,0,0,0,0,0,0,0,0,0,0,0,0,0,0,0,0,0,0,0,0,0,0,0,0,0,0,0,0,0,0,0,0,0,0,0,0,0,0,0,0,0,0,0,0,0,0,0,0,0,0,0,0,0,0,0,0,0,0,0,0,0,0,0,0,0,0,0,0,0,0,0,"[M+H]+",254.108897,"Licarbazepine"
"M254_R349_742",348.877848649305,254.151216,0,0,0,0,0,0,0,0,0,0,0,0,0,0,0,0,0,0,0,0,0,0,0,0,0,0,0,0,0,0,0,0,0,0,0,0,0,0,0,0,0,0,0,0,0,0,0,0,0,0,0,0,0,0,0,0,0,0,0,0,0,0,0,0,0,0,0,0,0,0,0,0,0,0,0,0,0,0,0,0,0,0,0,0,0,0,0,0,0,0,0,0,0,0,0,0,0,0,0,0,0,0,0,0,0,0,0,0,0,0,0,0,0,0,0,0,0,0,0,0,0,0,0,51148,45018,50476,0,0,0,0,0,0,0,0,0,0,0,0,"[M-H]-",254.151216,"Palitantin"
"M254_R365_743",365.290934540767,254.151321,0,0,0,0,0,0,0,0,0,0,0,0,0,0,0,0,0,0,0,0,0,0,0,0,0,0,0,0,0,0,0,0,0,0,0,0,0,0,0,0,0,0,0,0,0,0,0,0,0,0,0,0,0,0,0,0,0,0,0,0,0,0,0,0,0,0,0,0,0,0,0,0,0,0,0,0,0,0,0,0,0,0,0,0,0,0,0,0,0,0,0,0,0,0,0,0,0,0,0,65742,87533,35896,84047,0,0,0,80805,85867,114183,118276,128785,95198,118176,87331,101024,0,0,0,122670,78627,0,0,0,0,0,0,69237,0,0,0,51582,58206,67978,76773,83710,86898,69468,68016,"[M-H]-",254.151321,"Palitantin"
"M254_R412_744",412.267167360273,254.224071,0,0,0,0,0,0,0,0,0,0,0,0,0,0,0,0,0,0,0,0,0,0,0,0,0,0,0,0,0,0,0,0,0,0,0,0,0,0,0,0,0,0,0,0,0,0,0,0,0,0,0,0,0,0,0,0,0,0,0,0,0,0,0,0,0,0,0,0,0,127343,226046,270513,119282,102139,67724,0,0,0,133317,65425,77589,114214,140931,160019,101628,156800,160386,0,0,0,70209,0,0,0,64578,150215,0,0,0,0,0,0,86699,0,0,0,90873,72667,88114,107263,131337,0,0,0,80359,60477,62875,51387,84770,62052,90656,146093,160963,90029,64091,55712,73420,74978,55990,70887,75817,74516,71741,116821,83257,0,0,0,"[M-H]-",254.224071,"2,5,8,11-tetramethyldodec-6-yne-5,8-diol"
"M255_R293_745",292.567678,255.007847,306455,296599,248107,393030,303498,237083,315302,328937,281642,232669,139768,132610,161323,280679,359708,242656,251650,272506,223990,256660,172520,367897,210524,213511,111001,273956,315365,326450,145097,417019,329066,318943,213008,330060,0,0,0,424744,316501,434791,423464,483734,300140,364500,301814,307342,125082,113567,144822,240759,302315,251601,86256,290950,222985,180962,271348,287355,0,0,0,258623,248457,240691,298683,159608,286021,263274,257220,0,0,0,0,0,0,0,0,0,0,0,0,0,0,0,0,0,0,0,0,0,0,0,0,0,0,0,0,0,0,0,0,0,0,0,0,0,0,0,0,0,0,0,0,0,0,0,0,0,0,0,0,0,0,0,0,0,0,0,0,0,0,0,0,0,0,0,0,0,"[M+H]+",255.007847,"Lamotrigine"
"M256_R273_760",273.171167069417,256.076297,0,0,0,0,0,0,0,0,0,0,0,0,0,0,0,0,0,0,0,0,0,0,0,0,0,0,0,0,0,0,0,0,0,0,0,0,0,0,0,0,0,0,0,0,0,0,0,0,0,0,0,0,0,0,0,0,0,0,0,0,0,0,0,0,0,0,0,0,0,0,0,0,0,0,0,421470,579485,465500,0,91535,64153,111579,0,0,0,0,0,0,0,0,0,0,0,0,0,0,0,0,0,0,0,0,0,0,0,0,0,0,0,0,0,0,0,0,0,0,0,0,0,0,0,0,0,0,0,0,0,0,0,0,0,0,0,0,0,0,0,0,"[M-H]-",256.076297,"Phosphorodithioic acid, mixed O,O-bis(1,3-dimethylbutyl and iso-Pr) esters, zinc salts"
"M256_R265_761",265.33230738422,256.076419,0,0,0,0,0,0,0,0,0,0,0,0,0,0,0,0,0,0,0,0,0,0,0,0,0,0,0,0,0,0,0,0,0,0,0,0,0,0,0,0,0,0,0,0,0,0,0,0,0,0,0,0,0,0,0,0,0,0,0,0,0,0,0,0,0,0,0,0,0,0,0,0,257601,370469,293366,433394,566743,551076,0,0,0,0,0,0,0,0,0,0,0,0,0,0,0,0,0,0,0,0,0,0,0,0,0,0,0,0,0,0,0,0,0,0,0,0,0,0,0,0,0,0,0,0,0,0,0,0,0,0,0,0,0,0,0,0,0,0,0,0,"[M-H]-",256.076419,"Phosphorodithioic acid, mixed O,O-bis(1,3-dimethylbutyl and iso-Pr) esters, zinc salts"
"M256_R289_762",289.350333090135,256.07642,0,0,0,0,0,0,0,0,0,0,0,0,0,0,0,0,0,0,0,0,0,0,0,0,0,0,0,0,0,0,0,0,0,0,0,0,0,0,0,0,0,0,0,0,0,0,0,0,0,0,0,0,0,0,0,0,0,0,0,0,0,0,0,0,0,0,0,0,0,0,0,0,128306,170143,94567,0,0,0,0,0,0,0,0,0,48209,45566,37914,0,0,0,0,0,0,0,0,0,0,0,0,0,0,0,0,0,0,0,0,0,0,0,0,28451,60315,41077,0,0,0,0,0,0,0,0,0,0,0,0,0,0,0,0,0,0,0,0,0,0,0,0,"[M-H]-",256.07642,"Phosphorodithioic acid, mixed O,O-bis(1,3-dimethylbutyl and iso-Pr) esters, zinc salts"
"M256_R274_763",274.385126779645,256.076461,0,0,0,0,0,0,0,0,0,0,0,0,0,0,0,0,0,0,0,0,0,0,0,0,0,0,0,0,0,0,0,0,0,0,0,0,0,0,0,0,0,0,0,0,0,0,0,0,0,0,0,0,0,0,0,0,0,0,0,0,0,0,0,0,0,0,0,0,0,0,0,0,0,0,0,0,0,0,0,0,0,0,0,0,173169,166389,170087,0,0,0,0,0,0,0,0,0,0,0,0,0,0,0,0,0,0,0,0,0,0,0,0,0,0,0,0,0,0,0,0,0,0,0,0,0,0,0,0,0,0,0,0,0,0,0,0,0,0,0,"[M-H]-",256.076461,"Phosphorodithioic acid, mixed O,O-bis(1,3-dimethylbutyl and iso-Pr) esters, zinc salts"
"M256_R252_764",251.617621903555,256.076461,0,0,0,0,0,0,0,0,0,0,0,0,0,0,0,0,0,0,0,0,0,0,0,0,0,0,0,0,0,0,0,0,0,0,0,0,0,0,0,0,0,0,0,0,0,0,0,0,0,0,0,0,0,0,0,0,0,0,0,0,0,0,0,0,0,0,0,0,0,0,0,0,0,0,0,0,0,0,0,0,0,0,0,0,0,0,0,0,0,0,0,61377,73235,88300,0,0,0,0,0,0,0,0,0,0,0,0,0,0,0,0,0,0,0,0,0,0,0,0,0,0,0,0,0,0,0,0,0,0,0,0,0,0,0,0,0,0,0,0,"[M-H]-",256.076461,"Phosphorodithioic acid, mixed O,O-bis(1,3-dimethylbutyl and iso-Pr) esters, zinc salts"
"M256_R268_765",268.214040572019,256.076577,0,0,0,0,0,0,0,0,0,0,0,0,0,0,0,0,0,0,0,0,0,0,0,0,0,0,0,0,0,0,0,0,0,0,0,0,0,0,0,0,0,0,0,0,0,0,0,0,0,0,0,0,0,0,0,0,0,0,0,0,0,0,0,0,0,0,0,0,0,146629,98062,195407,0,0,0,0,0,0,156629,0,0,0,212581,246641,0,0,0,0,0,0,0,0,0,0,0,0,0,0,0,0,0,0,0,0,0,0,0,0,0,0,0,0,0,0,0,0,0,0,0,0,0,0,0,0,0,0,0,0,0,0,0,0,0,0,0,0,0,0,"[M-H]-",256.076577,"Phosphorodithioic acid, mixed O,O-bis(1,3-dimethylbutyl and iso-Pr) esters, zinc salts"
"M256_R386_766",385.83495,256.146242,0,0,0,0,0,0,0,0,0,0,35734,46668,60563,0,0,0,0,0,0,0,0,0,43311,52920,33385,0,0,0,0,0,0,0,0,0,30376,30982,39233,0,0,0,0,0,0,0,0,0,29051,41079,50687,0,0,0,0,0,0,0,0,0,24365,39588,26500,0,0,0,0,0,0,0,0,0,0,0,0,0,0,0,0,0,0,0,0,0,0,0,0,0,0,0,0,0,0,0,0,0,0,0,0,0,0,0,0,0,0,0,0,0,0,0,0,0,0,0,0,0,0,0,0,0,0,0,0,0,0,0,0,0,0,0,0,0,0,0,0,0,0,0,0,0,"[M+H]+",256.146242,"4,4'-methylenedi-2,6-xylenol"
"M256_R408_767",408.070177,256.146496,0,0,0,0,0,0,0,0,0,0,61041,66010,62015,0,0,0,0,0,0,0,0,0,150230,120644,93254,0,0,0,0,0,0,0,0,0,103343,115022,113018,0,0,0,0,0,0,0,0,0,97536,111331,109452,0,0,0,0,0,0,0,0,0,73577,79690,93906,0,0,0,0,0,0,0,0,0,0,0,0,0,0,0,0,0,0,0,0,0,0,0,0,0,0,0,0,0,0,0,0,0,0,0,0,0,0,0,0,0,0,0,0,0,0,0,0,0,0,0,0,0,0,0,0,0,0,0,0,0,0,0,0,0,0,0,0,0,0,0,0,0,0,0,0,0,"[M+H]+",256.146496,"4,4'-methylenedi-2,6-xylenol"
"M256_R432_769",432.489913880671,256.239999,0,0,0,0,0,0,0,0,0,0,0,0,0,0,0,0,0,0,0,0,0,0,0,0,0,0,0,0,0,0,0,0,0,0,0,0,0,0,0,0,0,0,0,0,0,0,0,0,0,0,0,0,0,0,0,0,0,0,0,0,0,0,0,0,0,0,0,0,0,0,0,0,0,0,0,0,0,0,0,0,0,0,0,0,0,0,0,0,0,0,0,0,0,0,0,0,0,0,0,0,0,0,0,0,0,0,0,0,0,0,0,0,0,0,0,0,0,0,0,0,0,0,0,1380560,1347130,700236,0,0,0,0,0,0,0,0,0,0,0,0,"[M-H]-",256.239999,"2-Ethylhexanoic acid 2-ethylhexyl ester,Sodium palmitate"
"M256_R412_770",411.990107969481,256.2401,0,0,0,0,0,0,0,0,0,0,0,0,0,0,0,0,0,0,70693,52526,66387,0,0,0,0,0,0,0,0,0,109737,86064,57507,0,0,0,0,0,0,0,0,0,0,0,0,0,0,0,0,0,0,0,0,0,141987,146529,199810,0,0,0,0,0,0,0,0,0,0,0,0,40924,37259,32151,43163,45613,37993,52328,41638,45197,38174,0,0,0,34045,41312,25197,35666,28677,32741,55863,64683,0,32849,34886,31437,0,0,46981,59530,49888,0,0,0,37353,33811,38917,38162,35501,29385,36833,39629,49877,79668,28821,112295,30327,0,0,0,53130,52721,32489,51741,37988,61718,88714,107128,41484,38575,43116,49240,36815,28441,66288,57184,51888,81029,51166,41665,"[M+H]+,[M-H]-",256.2401,"2-Ethylhexanoic acid 2-ethylhexyl ester,Sodium palmitate"
"M258_R262_777",262.470668252018,258.03676,0,0,0,0,0,0,0,0,0,0,0,0,0,0,0,0,0,0,0,0,0,0,0,0,0,0,0,0,0,0,0,0,0,0,0,0,0,0,0,0,0,0,0,0,0,0,0,0,0,0,0,0,0,0,0,0,0,0,0,0,0,0,0,0,0,0,0,0,0,0,0,0,0,0,0,0,0,0,0,0,0,0,0,0,0,0,0,0,0,0,0,0,0,0,0,0,0,0,0,0,0,0,0,81188,126484,114382,0,0,0,0,0,0,0,0,0,0,0,0,0,0,0,0,0,0,0,0,0,0,0,0,0,0,0,0,0,0,0,0,"[M-H]-",258.03676,"2,4,6-trinitrobenzene-1,3,5-triamine"
"M258_R265_778",265.431862881101,258.055667,0,0,0,0,0,0,0,0,0,0,0,0,0,0,0,0,0,0,0,0,0,0,0,0,0,0,0,0,0,0,0,0,0,0,0,0,0,0,0,0,0,0,0,0,0,0,0,0,0,0,0,0,0,0,0,0,0,0,0,0,0,0,0,0,0,0,0,0,0,0,0,0,0,0,0,0,0,0,0,0,0,0,0,0,0,0,0,0,0,0,0,0,0,0,0,0,0,0,0,0,0,0,0,0,0,0,0,0,0,0,0,78686,123450,131387,0,0,0,0,0,0,0,0,0,0,0,0,0,0,0,0,0,0,0,0,0,0,0,0,"[M-H]-",258.055667,"Demeton-O"
"M258_R169_779",168.662113445644,258.055799,0,0,0,0,0,0,0,0,0,0,0,0,0,0,0,0,0,0,0,0,0,0,0,0,0,0,0,0,0,0,0,0,0,0,0,0,0,0,0,0,0,0,0,0,0,0,0,0,0,0,0,0,0,0,0,0,0,0,0,0,0,0,0,0,0,0,0,0,0,0,0,0,130378,59837,53645,145193,138261,181882,0,0,0,0,0,0,0,0,0,0,0,0,0,0,0,0,0,0,0,0,0,0,0,0,0,0,0,0,0,0,0,0,0,0,0,0,0,0,0,0,0,0,0,0,0,0,0,0,0,0,0,0,0,0,0,0,0,0,0,0,"[M-H]-",258.055799,"Demeton-O"
"M258_R205_780",204.722009315007,258.055829,0,0,0,0,0,0,0,0,0,0,0,0,0,0,0,0,0,0,0,0,0,0,0,0,0,0,0,0,0,0,0,0,0,0,0,0,0,0,0,0,0,0,0,0,0,0,0,0,0,0,0,0,0,0,0,0,0,0,0,0,0,0,0,0,0,0,0,0,0,472743,285616,565808,483767,329359,290859,707224,904128,908419,475031,364755,253096,352972,624694,842447,190899,264784,315499,433433,515380,272287,627098,930242,1026479,1022429,609582,272425,149899,216045,327703,602827,756509,164818,806686,866131,1010572,896455,877252,464863,569370,296585,520489,807840,1008041,787672,375786,197787,234173,205371,520867,384547,271832,198659,389770,405381,287116,475696,290332,465928,611686,576155,401052,364035,555296,753828,215195,708605,361619,508599,"[M-H]-",258.055829,"Demeton-O"
"M258_R251_781",251.434574305294,258.055852,0,0,0,0,0,0,0,0,0,0,0,0,0,0,0,0,0,0,0,0,0,0,0,0,0,0,0,0,0,0,0,0,0,0,0,0,0,0,0,0,0,0,0,0,0,0,0,0,0,0,0,0,0,0,0,0,0,0,0,0,0,0,0,0,0,0,0,0,0,149276,61584,167418,0,0,0,0,0,0,139087,0,0,0,230199,224052,0,0,0,0,0,0,199951,0,0,0,140417,123506,0,0,0,0,0,0,0,0,0,0,0,0,0,0,0,0,0,0,0,0,0,0,0,0,0,0,0,0,0,0,0,0,0,0,0,0,0,0,0,0,0,0,"[M-H]-",258.055852,"Demeton-O"
"M258_R188_782",188.256136236065,258.055855,0,0,0,0,0,0,0,0,0,0,0,0,0,0,0,0,0,0,0,0,0,0,0,0,0,0,0,0,0,0,0,0,0,0,0,0,0,0,0,0,0,0,0,0,0,0,0,0,0,0,0,0,0,0,0,0,0,0,0,0,0,0,0,0,0,0,0,0,0,0,0,0,0,0,0,87216,99021,91114,0,0,0,0,0,0,0,0,0,0,0,0,0,0,0,0,0,0,0,0,0,0,0,0,0,0,0,0,0,0,0,0,0,0,0,0,0,0,0,0,0,0,0,0,0,0,0,0,0,0,0,0,0,0,68397,121715,26261,0,0,0,"[M-H]-",258.055855,"Demeton-O"
"M258_R231_783",231.347040665928,258.055856,0,0,0,0,0,0,0,0,0,0,0,0,0,0,0,0,0,0,0,0,0,0,0,0,0,0,0,0,0,0,0,0,0,0,0,0,0,0,0,0,0,0,0,0,0,0,0,0,0,0,0,0,0,0,0,0,0,0,0,0,0,0,0,0,0,0,0,0,0,818406,388968,484923,767925,474025,389944,1032496,1121781,1100516,514539,335671,208251,367203,468968,802384,119322,279404,429694,582990,694119,315185,721935,685343,773727,595222,407182,371811,267298,104760,437636,685583,940577,185302,383980,359453,583179,607356,719165,229372,238862,150149,137251,777410,972047,720252,467961,101664,79266,80274,519510,336311,0,0,0,412095,369106,275682,313196,148424,295830,325091,395194,362441,519506,771350,210003,0,0,0,"[M-H]-",258.055856,"Demeton-O"
"M258_R163_784",163.401662203446,258.055858,0,0,0,0,0,0,0,0,0,0,0,0,0,0,0,0,0,0,0,0,0,0,0,0,0,0,0,0,0,0,0,0,0,0,0,0,0,0,0,0,0,0,0,0,0,0,0,0,0,0,0,0,0,0,0,0,0,0,0,0,0,0,0,0,0,0,0,0,0,88527,72619,98813,0,0,0,0,0,0,0,0,0,0,0,0,0,0,0,0,0,0,0,0,0,0,0,0,0,0,0,0,0,0,0,0,0,0,0,0,0,0,0,0,0,0,0,0,0,0,0,0,0,0,0,0,0,0,0,0,0,0,0,0,0,0,0,0,0,0,"[M-H]-",258.055858,"Demeton-O"
"M258_R242_785",241.691177517573,258.05586,0,0,0,0,0,0,0,0,0,0,0,0,0,0,0,0,0,0,0,0,0,0,0,0,0,0,0,0,0,0,0,0,0,0,0,0,0,0,0,0,0,0,0,0,0,0,0,0,0,0,0,0,0,0,0,0,0,0,0,0,0,0,0,0,0,0,0,0,0,476519,282823,560914,1302950,949824,229523,2049078,888413,1977136,540012,681703,412674,701081,730397,920650,249857,471391,807120,1006494,1277746,444043,1361337,1714357,1872287,1483127,600009,716136,0,0,0,1470869,1416981,180911,932278,1064554,1621735,1387615,1490144,404671,503681,382245,296899,1106225,1104317,993964,531975,310253,268115,264867,470255,358838,239354,330093,764104,864679,273900,342349,299605,532297,933791,1022645,761636,736534,1005610,640126,310914,546412,367398,327720,"[M-H]-",258.05586,"Demeton-O"
"M258_R219_786",218.850980178699,258.055915,0,0,0,0,0,0,0,0,0,0,0,0,0,0,0,0,0,0,0,0,0,0,0,0,0,0,0,0,0,0,0,0,0,0,0,0,0,0,0,0,0,0,0,0,0,0,0,0,0,0,0,0,0,0,0,0,0,0,0,0,0,0,0,0,0,0,0,0,0,0,0,0,0,0,0,0,0,0,0,0,0,0,0,0,0,0,0,0,0,0,0,57662,66456,55505,0,0,0,0,0,0,0,0,0,0,0,0,0,0,0,0,0,0,0,0,0,0,0,0,0,0,0,0,0,0,0,0,0,0,0,0,0,0,0,0,0,0,0,0,"[M-H]-",258.055915,"Demeton-O"
"M258_R392_788",392.402765,258.136852,0,0,0,0,0,0,0,0,0,0,0,0,0,0,0,0,0,0,0,0,0,158477,0,0,0,112689,143060,94343,68885,80704,110080,61446,89522,119773,0,0,0,162055,157156,0,0,0,156174,197357,239750,0,0,0,0,0,0,0,0,0,0,0,0,85861,0,0,0,79434,67556,0,0,0,0,0,0,0,0,0,0,0,0,0,0,0,0,0,0,0,0,0,0,0,0,0,0,0,0,0,0,0,0,0,0,0,0,0,0,0,0,0,0,0,0,0,0,0,0,0,0,0,0,0,0,0,0,0,0,0,0,0,0,0,0,0,0,0,0,0,0,0,0,0,0,0,"[M+H]+",258.136852,"1,4-Bis(phenylmethyl) benzene"
"M258_R372_792",372.305977108363,258.182631,0,0,0,0,0,0,0,0,0,0,0,0,0,0,0,0,0,0,0,0,0,0,0,0,0,0,0,0,0,0,0,0,0,0,0,0,0,0,0,0,0,0,0,0,0,0,0,0,0,0,0,0,0,0,0,0,0,0,0,0,0,0,0,0,0,0,0,0,0,0,0,0,0,0,0,0,0,0,0,0,0,0,0,0,55754,64344,54894,0,0,0,0,0,0,0,0,0,0,0,0,0,0,0,0,0,0,0,0,0,0,0,0,0,0,0,0,0,0,0,0,0,0,0,0,0,0,0,0,0,0,0,0,0,0,0,0,0,0,0,"[M-H]-",258.182631,"Dibutyl hexanedioate,Diisobutyl adipate"
"M258_R386_793",386.084116867239,258.182677,0,0,0,0,0,0,0,0,0,0,0,0,0,0,0,0,0,0,0,0,0,0,0,0,0,0,0,0,0,0,0,0,0,0,0,0,0,0,0,0,0,0,0,0,0,0,0,0,0,0,0,0,0,0,0,0,0,0,0,0,0,0,0,0,0,0,0,0,0,0,0,0,83040,137175,96932,0,0,0,0,248071,216748,205962,0,0,317649,77320,232153,192292,232779,340079,0,0,0,0,0,0,0,0,0,0,0,0,0,0,0,0,0,0,0,0,0,0,0,0,0,0,0,0,0,0,0,0,0,0,0,0,0,0,0,0,0,0,0,0,0,0,0,0,"[M-H]-",258.182677,"Dibutyl hexanedioate,Diisobutyl adipate"
"M259_R200_796",199.567278,259.084413,0,0,0,0,0,0,0,0,0,0,0,0,0,0,0,0,0,0,0,0,0,0,0,0,0,0,0,0,0,0,0,0,0,0,0,0,0,0,0,0,0,0,0,0,0,0,0,0,0,0,0,0,0,0,0,0,0,67058,0,0,0,52431,63117,0,0,0,0,0,0,0,0,0,0,0,0,0,0,0,0,0,0,0,0,0,0,0,0,0,0,0,0,0,0,0,0,0,0,0,0,0,0,0,0,0,0,0,0,0,0,0,0,0,0,0,0,0,0,0,0,0,0,0,0,0,0,0,0,0,0,0,0,0,0,0,0,0,0,0,"[M+H]+",259.084413,"Cyanazine acid"
"M259_R352_797",352.085299,259.15722,0,0,0,0,0,0,0,0,0,0,0,0,0,0,0,0,0,0,0,0,0,97609,0,0,0,84438,96779,0,0,0,0,0,0,106875,0,0,0,130600,88585,0,0,0,83909,79638,71932,63866,0,0,0,91770,114438,0,0,0,0,0,0,122428,0,0,0,133160,130430,0,0,0,0,0,0,0,0,0,0,0,0,0,0,0,0,0,0,0,0,0,0,0,0,0,0,0,0,0,0,0,0,0,0,0,0,0,0,0,0,0,0,0,0,0,0,0,0,0,0,0,0,0,0,0,0,0,0,0,0,0,0,0,0,0,0,0,0,0,0,0,0,0,0,0,"[M+H]+",259.15722,"Propranolol"
"M260_R324_801",324.150754,260.115974,119624,119529,94884,0,0,0,0,0,0,166346,0,0,0,147595,154251,0,0,0,0,0,0,70323,0,0,0,110883,73673,0,0,0,0,0,0,118621,0,0,0,132646,95842,0,0,0,0,0,0,96358,0,0,0,158232,67607,0,0,0,0,0,0,0,0,0,0,0,0,0,0,0,0,0,0,0,0,0,0,0,0,0,0,0,0,0,0,0,0,0,0,0,0,0,0,0,0,0,0,0,0,0,0,0,0,0,0,0,0,0,0,0,0,0,0,0,0,0,0,0,0,0,0,0,0,0,0,0,0,0,0,0,0,0,0,0,0,0,0,0,0,0,0,0,"[M+H]+",260.115974,"Secobarbital sodium"
"M260_R226_802",225.97647,260.123486,0,0,0,140891,116579,130819,143936,54929,128137,0,166943,197669,233905,0,0,179996,100109,126244,173816,198674,246323,0,0,0,0,0,0,81103,92012,117522,93186,125836,92169,0,79782,137773,157702,0,0,102346,101557,180579,200411,214641,163714,0,0,0,0,0,0,50132,90103,54142,95680,100780,99504,0,339666,173773,269820,0,0,0,0,0,0,0,0,0,0,0,0,0,0,0,0,0,0,0,0,0,0,0,0,0,0,0,0,0,0,0,0,0,0,0,0,0,0,0,0,0,0,0,0,0,0,0,0,0,0,0,0,0,0,0,0,0,0,0,0,0,0,0,0,0,0,0,0,0,0,0,0,0,0,0,0,0,"[M+H]+",260.123486,"1,2,3-Propanetriol, glycidyl ethers"
"M260_R345_805",345.21426781808,260.161909,0,0,0,0,0,0,0,0,0,0,0,0,0,0,0,0,0,0,0,0,0,0,0,0,0,0,0,0,0,0,0,0,0,0,0,0,0,0,0,0,0,0,0,0,0,0,0,0,0,0,0,0,0,0,0,0,0,0,0,0,0,0,0,0,0,0,0,0,0,75531,60173,44882,0,0,0,82108,61155,53073,74427,0,0,0,64602,84643,0,0,0,0,0,0,0,0,0,0,0,0,0,0,0,0,0,0,0,0,0,0,0,0,0,0,0,0,0,0,0,0,0,0,0,0,0,0,0,0,0,0,0,0,0,0,0,0,0,0,0,0,0,0,"[M-H]-",260.161909,".sc.d.sc.-erythro-hexanoic acid 2,4-dideoxy-3,5-O-(1-methylethylidene)-1,1-dimethylethylester"
"M260_R381_806",381.24361140442,260.198224,0,0,0,0,0,0,0,0,0,0,0,0,0,0,0,0,0,0,0,0,0,0,0,0,0,0,0,0,0,0,0,0,0,0,0,0,0,0,0,0,0,0,0,0,0,0,0,0,0,0,0,0,0,0,0,0,0,0,0,0,0,0,0,0,0,0,0,0,0,54915,82332,51211,0,0,0,0,0,0,0,0,0,0,0,0,0,0,0,0,0,0,0,0,0,0,0,0,0,0,0,0,0,0,0,0,0,0,0,0,0,0,0,0,0,0,0,0,0,0,0,0,0,0,0,0,0,0,0,0,0,0,0,0,0,0,0,0,0,0,"[M-H]-",260.198224,"Cyclohexylidenebis[tert-butyl] peroxide"
"M262_R190_810",189.760483216088,262.068376,0,0,0,0,0,0,0,0,0,0,0,0,0,0,0,0,0,0,0,0,0,0,0,0,0,0,0,0,0,0,0,0,0,0,0,0,0,0,0,0,0,0,0,0,0,0,0,0,0,0,0,0,0,0,0,0,0,0,0,0,0,0,0,0,0,0,0,0,0,0,0,0,0,0,0,0,0,0,0,0,0,0,0,0,0,0,0,0,0,0,0,0,0,0,0,0,0,0,0,0,0,0,0,0,0,0,0,0,0,0,0,0,0,0,0,0,0,0,0,0,34127,64042,95666,52285,71632,78552,0,0,0,0,0,0,75576,90289,67997,0,0,0,"[M-H]-",262.068376,"Carbadox"
"M262_R346_813",346.483666,262.156763,0,0,0,358850,155462,206840,203058,211861,213252,84242,138146,129445,131517,64581,61577,261217,276635,213603,188038,204143,178535,46563,138958,159551,139254,41498,56798,104710,76755,171914,114534,134303,99402,0,116106,151646,172984,0,0,168062,151986,151131,147895,208738,181849,0,92155,132694,81029,0,0,87525,105275,123957,157027,127860,115552,0,99044,129578,107277,0,0,103022,60122,81527,0,0,0,0,0,0,0,0,0,0,0,0,0,0,0,0,0,0,0,0,0,0,0,0,0,0,0,0,0,0,0,0,0,0,0,0,0,0,0,0,0,0,0,0,0,0,0,0,0,0,0,0,0,0,0,0,0,0,0,0,0,0,0,0,0,0,0,0,0,0,0,0,"[M+H]+",262.156763,"Homosalate"
"M262_R392_814",392.400459,262.156772,0,0,0,0,0,0,0,0,0,0,0,0,0,0,0,0,0,0,0,0,0,0,0,0,0,0,0,0,0,0,0,0,0,0,0,0,0,0,0,0,0,0,96202,48101,26512,0,0,0,0,0,0,0,0,0,0,0,0,0,0,0,0,0,0,0,0,0,0,0,0,0,0,0,0,0,0,0,0,0,0,0,0,0,0,0,0,0,0,0,0,0,0,0,0,0,0,0,0,0,0,0,0,0,0,0,0,0,0,0,0,0,0,0,0,0,0,0,0,0,0,0,0,0,0,0,0,0,0,0,0,0,0,0,0,0,0,0,0,0,"[M+H]+",262.156772,"Homosalate"
"M262_R383_815",383.100293,262.229673,74757,81599,69239,0,0,0,0,0,0,0,0,0,0,0,0,0,0,0,0,0,0,0,0,0,0,0,0,0,0,0,0,0,0,0,0,0,0,0,0,0,0,0,0,0,0,0,0,0,0,0,0,0,0,0,0,0,0,0,0,0,0,0,0,0,0,0,0,0,0,0,0,0,0,0,0,0,0,0,0,0,0,0,0,0,0,0,0,0,0,0,0,0,0,0,0,0,0,0,0,0,0,0,0,0,0,0,0,0,0,0,0,0,0,0,0,0,0,0,0,0,0,0,0,0,0,0,0,0,0,0,0,0,0,0,0,0,0,0,"[M+H]+",262.229673,"2,4,6-Tri-tert-butylphenol,4-isododecylphenol"
"M263_R430_816",430.141181,263.167089,0,0,0,0,0,0,0,0,0,0,0,0,0,0,0,0,0,0,0,0,0,0,0,0,0,0,0,0,0,0,0,0,0,64978,0,0,0,83927,63280,51049,35334,63775,74590,107322,77414,35646,0,0,0,50646,47205,0,0,0,0,0,0,0,0,0,0,0,0,0,0,0,0,0,0,0,0,0,0,0,0,0,0,0,0,0,0,0,0,0,0,0,0,0,0,0,0,0,0,0,0,0,0,0,0,0,0,0,0,0,0,0,0,0,0,0,0,0,0,0,0,0,0,0,0,0,0,0,0,0,0,0,0,0,0,0,0,0,0,0,0,0,0,0,"[M+H]+",263.167089,"2-Ethyl-5-methyl-3,3-diphenyl-1-pyrroline (EMDP)"
"M263_R309_817",309.30185,263.188471,460156,504080,376908,68622,60346,123676,125053,255433,173425,346468,0,0,0,448763,345154,107236,297580,252742,176958,169399,87622,265509,0,0,0,546726,386196,262750,270677,544704,223572,281087,157115,577693,0,0,0,682774,350411,624018,502542,426969,388429,333689,341359,215520,0,0,0,492473,412067,55535,64604,150237,131741,208710,111797,472009,0,0,0,347356,477655,162216,210829,124605,0,0,0,0,0,0,0,0,0,0,0,0,0,0,0,0,0,0,0,0,0,0,0,0,0,0,0,0,0,0,0,0,0,0,0,0,0,0,0,0,0,0,0,0,0,0,0,0,0,0,0,0,0,0,0,0,0,0,0,0,0,0,0,0,0,0,0,0,0,0,0,0,"[M+H]+",263.188471,"N-Desmethylvenlafaxine,O-desmethylvenlafaxine,Tramadol,Venlafaxine HCl-TP1,Venlafaxine HCl-TP2"
"M263_R331_818",330.676363,263.188514,0,0,0,0,0,0,0,0,0,59748,77039,41674,63380,54600,46083,0,0,0,0,0,0,68030,83235,98482,73184,68682,48712,0,0,0,0,0,0,61260,66272,131054,82691,78272,45917,90882,69856,62380,48559,65917,46409,0,0,0,0,0,0,0,0,0,0,0,0,59284,0,0,0,50040,73419,0,0,0,0,0,0,0,0,0,0,0,0,0,0,0,0,0,0,0,0,0,0,0,0,0,0,0,0,0,0,0,0,0,0,0,0,0,0,0,0,0,0,0,0,0,0,0,0,0,0,0,0,0,0,0,0,0,0,0,0,0,0,0,0,0,0,0,0,0,0,0,0,0,0,0,"[M+H]+",263.188514,"N-Desmethylvenlafaxine,O-desmethylvenlafaxine,Tramadol,Venlafaxine HCl-TP1,Venlafaxine HCl-TP2"
"M263_R278_819",278.124218,263.18871,771068,549358,313496,106246,104863,169745,218503,291081,270557,490498,0,0,0,571667,944105,227630,408159,307520,390934,273245,208084,803301,0,0,0,822220,651678,0,0,0,472900,561371,319026,836881,0,0,0,947010,860761,765321,766642,797342,650394,570385,548567,631406,0,0,0,605944,606359,70329,94047,247780,236562,203220,192963,825906,0,0,0,793013,693523,0,0,0,0,0,0,0,0,0,0,0,0,0,0,0,0,0,0,0,0,0,0,0,0,0,0,0,0,0,0,0,0,0,0,0,0,0,0,0,0,0,0,0,0,0,0,0,0,0,0,0,0,0,0,0,0,0,0,0,0,0,0,0,0,0,0,0,0,0,0,0,0,0,0,0,"[M+H]+",263.18871,"N-Desmethylvenlafaxine,O-desmethylvenlafaxine,Tramadol,Venlafaxine HCl-TP1,Venlafaxine HCl-TP2"
"M264_R173_821",172.749909704161,264.029751,0,0,0,0,0,0,0,0,0,0,0,0,0,0,0,0,0,0,0,0,0,0,0,0,0,0,0,0,0,0,0,0,0,0,0,0,0,0,0,0,0,0,0,0,0,0,0,0,0,0,0,0,0,0,0,0,0,0,0,0,0,0,0,0,0,0,0,0,0,0,0,0,0,0,0,48057,50747,65654,0,0,0,0,0,0,0,0,0,0,0,0,0,0,0,0,0,0,0,0,0,0,0,0,0,0,0,0,0,0,0,0,0,0,0,0,0,0,0,0,0,0,0,0,0,0,0,0,0,0,0,0,0,0,0,0,0,0,0,0,"[M-H]-",264.029751,"Aclonifen,Thiacloprid-d4-TP36,Thiacloprid-d4-TP42"
"M264_R291_824",290.514306188619,264.156904,0,0,0,0,0,0,0,0,0,0,0,0,0,0,0,0,0,0,0,0,0,0,0,0,0,0,0,0,0,0,0,0,0,0,0,0,0,0,0,0,0,0,0,0,0,0,0,0,0,0,0,0,0,0,0,0,0,0,0,0,0,0,0,0,0,0,0,0,0,0,0,0,0,0,0,60030,43376,86884,0,0,0,0,0,0,0,0,0,0,0,0,0,0,0,0,0,0,0,0,0,0,0,0,0,0,0,0,0,0,0,0,0,0,0,0,0,0,0,0,0,0,0,0,0,0,0,0,0,0,0,0,0,0,0,0,0,0,0,0,"[M-H]-",264.156904,"D-Glucopyranoside, hexyl,N,N''-(4-methyl-m-phenylene)bis[N',N'-dimethylurea],methylethylketone peroxide trimer"
"M264_R391_825",391.236494,264.172181,0,0,0,0,0,0,0,0,0,0,91524,75563,75223,0,0,0,0,0,70000,86890,45782,0,0,0,0,0,0,0,0,0,0,0,0,0,0,0,0,0,0,0,0,0,0,0,0,0,0,0,0,0,0,0,0,0,0,0,0,0,0,0,0,0,0,0,0,0,0,0,0,0,0,0,0,0,0,0,0,0,0,0,0,0,0,0,0,0,0,0,0,0,0,0,0,0,0,0,0,0,0,0,0,0,0,0,0,0,0,0,0,0,0,0,0,0,0,0,0,0,0,0,0,0,0,0,0,0,0,0,0,0,0,0,0,0,0,0,0,0,"[M+H]+",264.172181,"4-Octylphenoxy acetic acid"
"M264_R382_826",381.931432250324,264.172308,0,0,0,0,0,0,0,0,0,0,0,0,0,0,0,0,0,0,102620,119869,112545,0,0,0,0,0,0,0,0,0,0,0,0,0,0,0,0,0,0,0,0,0,0,0,0,0,0,0,0,0,0,0,0,0,0,0,0,0,0,0,0,0,0,0,0,0,0,0,0,0,0,0,0,0,0,0,0,0,0,0,0,0,0,0,0,0,0,0,0,0,0,0,0,0,0,0,0,0,0,0,0,0,0,0,0,0,0,0,0,0,0,0,0,0,62904,0,0,0,81993,56535,0,0,0,0,0,0,0,0,0,0,0,0,0,0,0,0,0,0,"[M+H]+,[M-H]-",264.172308,"4-Octylphenoxy acetic acid"
"M264_R353_827",353.020888208679,264.1723105,0,0,0,0,0,0,0,0,0,0,0,0,0,0,0,0,0,0,0,0,0,0,46577,60902,35280,0,0,0,0,0,0,0,0,0,0,0,0,0,0,0,0,0,0,0,0,0,0,0,0,0,0,0,0,0,0,0,0,0,0,0,0,0,0,0,0,0,0,0,0,0,0,0,0,0,0,0,0,0,0,0,0,0,0,0,0,0,0,0,0,0,0,0,0,0,0,0,0,0,0,0,0,0,0,0,0,0,0,0,0,0,0,75582,79711,76931,0,0,0,0,0,0,0,0,0,0,0,0,0,0,0,0,0,0,0,0,0,0,0,0,"[M+H]+,[M-H]-",264.1723105,"4-Octylphenoxy acetic acid"
"M264_R374_828",374.184512,264.172375,0,0,0,0,0,0,0,0,0,0,0,0,0,0,0,0,0,0,0,0,0,0,0,0,0,0,0,0,0,0,66518,80443,43338,0,0,0,0,0,0,98882,88070,146888,86012,112631,77796,0,54429,39216,46064,0,0,145508,182102,202808,133186,149605,168575,0,71163,65092,73652,0,0,0,0,0,0,0,0,0,0,0,0,0,0,0,0,0,0,0,0,0,0,0,0,0,0,0,0,0,0,0,0,0,0,0,0,0,0,0,0,0,0,0,0,0,0,0,0,0,0,0,0,0,0,0,0,0,0,0,0,0,0,0,0,0,0,0,0,0,0,0,0,0,0,0,0,0,"[M+H]+",264.172375,"4-Octylphenoxy acetic acid"
"M266_R319_837",318.537575309237,266.0800545,0,0,0,0,0,0,0,0,0,0,107862,99617,113565,0,0,0,0,0,0,0,0,0,146788,120846,74742,0,0,0,0,0,0,0,0,0,0,0,0,0,0,0,0,0,0,0,0,0,0,0,0,0,0,0,0,0,0,0,0,0,89797,83047,116761,0,0,0,0,0,0,0,0,111512,94302,85436,0,0,0,0,0,0,106689,91841,78070,88927,78837,95160,0,0,0,0,0,0,124130,238632,197122,159598,125921,100572,96539,89422,67836,80140,71159,108676,148549,78387,135031,71770,160176,153942,74242,115748,121287,188159,164758,162563,110523,0,0,0,114956,129724,0,0,0,75749,57627,67148,126545,131923,182279,137678,121079,126450,102628,116677,61265,146315,129336,101371,"[M+H]+,[M-H]-",266.0800545,"CANDESARTAN CILEXETIL-TP57,Irbesartan-TP26,Valsartan acid"
"M266_R343_841",342.543155197042,266.151848,0,0,0,0,0,0,0,0,0,0,0,0,0,0,0,0,0,0,0,0,0,0,0,0,0,0,0,0,0,0,0,0,0,0,0,0,0,0,0,0,0,0,0,0,0,0,0,0,0,0,0,0,0,0,0,0,0,0,0,0,0,0,0,0,0,0,0,0,0,0,0,0,0,0,0,0,0,0,0,0,0,0,0,0,0,0,0,0,0,0,0,0,0,0,0,0,0,0,0,39485,44696,31779,0,0,0,0,0,0,0,0,0,0,0,0,0,0,0,0,0,0,0,0,0,0,0,0,0,0,0,0,0,0,0,0,0,0,0,0,"[M-H]-",266.151848,"Sodium 2-butyloctyl sulphate,Sodium dodecyl sulphate,Zinniol"
"M266_R356_842",355.787023629995,266.154184,0,0,0,0,0,0,0,0,0,0,0,0,0,0,0,0,0,0,0,0,0,0,0,0,0,0,0,0,0,0,0,0,0,0,0,0,0,0,0,0,0,0,0,0,0,0,0,0,0,0,0,0,0,0,0,0,0,0,0,0,0,0,0,0,0,0,0,0,0,0,0,0,0,0,0,0,0,0,0,0,0,0,0,0,0,0,0,0,0,0,0,0,0,0,0,0,0,0,0,528106,673112,1906361,0,0,0,0,0,0,0,0,0,0,0,0,0,0,0,0,0,0,0,0,0,0,0,0,1189913,0,0,0,500855,563699,0,0,0,0,0,0,"[M-H]-",266.154184,"Sodium 2-butyloctyl sulphate,Sodium dodecyl sulphate,Zinniol"
"M266_R337_843",337.032455592867,266.164167,0,0,0,0,0,0,0,0,0,0,0,0,0,0,0,0,0,0,0,0,0,0,0,0,0,0,0,0,0,0,0,0,0,0,0,0,0,0,0,0,0,0,0,0,0,0,0,0,0,0,0,0,0,0,0,0,0,0,0,0,0,0,0,0,0,0,0,0,0,73257,69632,72858,0,0,0,58863,78938,78133,65927,100767,88312,147138,41222,80119,52474,77873,74850,0,0,0,62842,117553,192338,71884,67858,52418,0,0,0,67080,79761,59281,56573,94008,105318,127749,70785,69756,0,0,0,103550,88397,96263,57012,71179,79468,64360,67247,64948,58102,50198,50559,61548,57346,51092,96873,119596,156970,110994,86658,111109,0,0,0,133015,129146,109719,"[M-H]-",266.164167,"Atenolol,Phosphoric acid, dodecyl ester, potassium salt,Tributyl phosphate,Triisobutyl phosphate"
"M266_R376_844",376.335124,266.188054,0,0,0,0,0,0,42928,29453,54184,0,0,0,0,0,0,0,0,0,0,0,0,0,0,0,0,0,0,0,0,0,0,0,0,0,0,0,0,0,0,0,0,0,0,0,0,0,0,0,0,0,0,0,0,0,0,0,0,0,0,0,0,0,0,0,0,0,0,0,0,0,0,0,0,0,0,0,0,0,0,0,0,0,0,0,0,0,0,0,0,0,0,0,0,0,0,0,0,0,0,0,0,0,0,0,0,0,0,0,0,0,0,0,0,0,0,0,0,0,0,0,0,0,0,0,0,0,0,0,0,0,0,0,0,0,0,0,0,0,"[M+H]+",266.188054,"Dihydro-3-(tetrapropenyl)furan-2,5-dione"
"M267_R240_847",239.793419,267.147102,0,0,0,0,0,0,104684,53312,61656,262856,98789,94850,88199,181085,340385,0,0,0,0,0,0,218014,61530,87882,59550,132342,80747,61291,51990,129514,0,0,0,56148,0,0,0,90470,67970,140037,125524,87031,98284,66938,96878,100711,0,0,0,181052,95889,0,0,0,0,0,0,65259,0,0,0,110812,89235,0,0,0,0,0,0,0,0,0,0,0,0,0,0,0,0,0,0,0,0,0,0,0,0,0,0,0,0,0,0,0,0,0,0,0,0,0,0,0,0,0,0,0,0,0,0,0,0,0,0,0,0,0,0,0,0,0,0,0,0,0,0,0,0,0,0,0,0,0,0,0,0,0,0,0,"[M+H]+",267.147102,"Atenolol acid,Atenolol-TP18,Atenolol-TP4,Metoprolol-TP20,Metoprolol-TP45"
"M267_R358_850",358.130187,267.183594,0,0,0,0,0,0,0,0,0,0,0,0,0,0,0,0,0,0,0,0,0,0,0,0,0,0,0,0,0,0,0,0,0,0,0,0,0,0,0,0,0,0,0,0,0,0,0,0,0,0,0,0,0,0,0,0,0,0,0,0,0,0,0,64687,73707,53632,0,0,0,0,0,0,0,0,0,0,0,0,0,0,0,0,0,0,0,0,0,0,0,0,0,0,0,0,0,0,0,0,0,0,0,0,0,0,0,0,0,0,0,0,0,0,0,0,0,0,0,0,0,0,0,0,0,0,0,0,0,0,0,0,0,0,0,0,0,0,0,0,"[M+H]+",267.183594,"Metoprolol"
"M267_R303_851",303.179713,267.183683,874954,907325,719739,114801,117098,252181,351300,412057,362259,644643,334329,319776,375694,827048,654492,185683,347267,436968,344861,290256,134481,1226667,332715,363177,177959,924520,1108397,862841,424987,1133465,620120,668104,431164,716709,230192,234436,220315,1149100,1061318,916965,990276,971940,666576,483917,780190,656487,176491,207386,199391,815430,756647,287943,159609,269064,378888,306938,447571,898350,126027,130443,106304,1123662,1205264,257635,312041,184133,0,0,0,0,0,0,0,0,0,0,0,0,0,0,0,0,0,0,0,0,0,0,0,0,0,0,0,0,0,0,0,0,0,0,0,0,0,0,0,0,0,0,0,0,0,0,0,0,0,0,0,0,0,0,0,0,0,0,0,0,0,0,0,0,0,0,0,0,0,0,0,0,"[M+H]+",267.183683,"Metoprolol"
"M268_R393_861",392.793338371899,268.203523,0,0,0,0,0,0,0,0,0,0,0,0,0,0,0,0,0,0,0,0,0,0,0,0,0,0,0,0,0,0,0,0,0,0,0,0,0,0,0,0,0,0,0,0,0,0,0,0,0,0,0,0,0,0,0,0,0,0,0,0,0,0,0,0,0,0,0,0,0,0,0,0,0,0,0,0,0,0,0,0,0,0,0,0,0,0,0,0,0,0,0,0,0,0,0,0,242701,220922,216382,0,0,0,48718,0,0,0,64109,52059,103945,95210,111865,0,0,0,90246,0,0,0,98839,64918,125858,240258,183494,0,0,0,0,0,0,0,0,0,155980,139535,129487,0,0,0,"[M-H]-",268.203523,"2-(3,5-dimethylhex-3-en-2-yloxy)-2-methylpropyl cyclopropanecarboxylate"
"M270_R288_864",287.529503981349,270.055861,0,0,0,0,0,0,0,0,0,0,0,0,0,0,0,0,0,0,0,0,0,0,0,0,0,0,0,0,0,0,0,0,0,0,0,0,0,0,0,0,0,0,0,0,0,0,0,0,0,0,0,0,0,0,0,0,0,0,0,0,0,0,0,0,0,0,0,0,0,0,0,0,231172,232475,180899,866207,775366,630832,340947,357303,193432,417488,951729,720851,183619,291405,260222,570981,452978,119559,213667,1040592,1020588,744709,282643,289108,0,0,0,0,0,0,1010276,591248,1052558,933808,994336,215743,217474,175926,78942,355267,1326968,992019,189624,67391,52247,72365,190231,114493,0,0,0,321046,314077,337675,65127,62415,199063,152770,179307,79217,0,0,0,181858,96051,155090,"[M-H]-",270.055861,"N4-Acetylsulfamethoxazole-TP5,Nordiazepam,Sulfamethoxazole-TP1"
"M270_R261_865",260.622231029465,270.055868,0,0,0,0,0,0,0,0,0,0,0,0,0,0,0,0,0,0,0,0,0,0,0,0,0,0,0,0,0,0,0,0,0,0,0,0,0,0,0,0,0,0,0,0,0,0,0,0,0,0,0,0,0,0,0,0,0,0,0,0,0,0,0,0,0,0,0,0,0,0,0,0,0,0,0,0,0,0,74526,0,0,0,120997,122776,0,0,0,0,0,0,71941,0,0,0,52407,39906,0,0,0,0,0,0,110204,0,0,0,93071,36544,0,0,0,56699,113214,91380,0,0,0,0,0,0,0,0,0,0,0,0,0,0,0,0,0,0,0,0,0,0,0,0,"[M-H]-",270.055868,"N4-Acetylsulfamethoxazole-TP5,Nordiazepam,Sulfamethoxazole-TP1"
"M270_R242_866",242.385300565274,270.055897,0,0,0,0,0,0,0,0,0,0,0,0,0,0,0,0,0,0,0,0,0,0,0,0,0,0,0,0,0,0,0,0,0,0,0,0,0,0,0,0,0,0,0,0,0,0,0,0,0,0,0,0,0,0,0,0,0,0,0,0,0,0,0,0,0,0,0,0,0,0,0,0,0,0,0,0,0,0,51118,162582,74096,162028,76310,100374,0,0,0,0,0,0,105135,410961,397513,312482,50882,56857,0,0,0,0,0,0,146409,227531,381405,311515,214551,55555,0,0,0,86008,144708,168049,68384,53771,50536,68112,66055,83399,0,0,0,137464,52584,60521,0,120500,143685,162554,0,0,0,0,0,0,0,0,"[M-H]-",270.055897,"N4-Acetylsulfamethoxazole-TP5,Nordiazepam,Sulfamethoxazole-TP1"
"M270_R231_867",231.424485773014,270.055927,0,0,0,0,0,0,0,0,0,0,0,0,0,0,0,0,0,0,0,0,0,0,0,0,0,0,0,0,0,0,0,0,0,0,0,0,0,0,0,0,0,0,0,0,0,0,0,0,0,0,0,0,0,0,0,0,0,0,0,0,0,0,0,0,0,0,0,0,0,0,0,0,0,0,0,0,0,0,0,0,0,0,0,0,0,0,0,0,0,0,0,114506,107701,113717,0,0,0,0,0,0,0,0,0,96461,127492,117194,0,0,0,0,0,0,0,0,0,0,0,0,0,0,0,0,0,0,0,0,0,45119,68312,70082,0,0,0,0,0,0,0,0,"[M-H]-",270.055927,"N4-Acetylsulfamethoxazole-TP5,Nordiazepam,Sulfamethoxazole-TP1"
"M270_R418_868",418.098084,270.055938,0,0,0,0,0,0,0,0,0,0,112741,77304,97509,0,0,0,0,0,0,0,0,0,157194,170127,130450,0,0,0,0,0,0,0,0,0,121601,112757,135571,0,0,0,0,0,0,0,0,0,95395,132193,126345,0,0,0,0,0,0,0,0,0,90579,73747,100665,0,0,0,0,0,0,0,0,0,0,0,0,0,0,0,0,0,0,0,0,0,0,0,0,0,0,0,0,0,0,0,0,0,0,0,0,0,0,0,0,0,0,0,0,0,0,0,0,0,0,0,0,0,0,0,0,0,0,0,0,0,0,0,0,0,0,0,0,0,0,0,0,0,0,0,0,0,"[M+H]+",270.055938,"N4-Acetylsulfamethoxazole-TP5,Nordiazepam,Sulfamethoxazole-TP1"
"M270_R253_869",253.168919948369,270.055947,0,0,0,0,0,0,0,0,0,0,0,0,0,0,0,0,0,0,0,0,0,0,0,0,0,0,0,0,0,0,0,0,0,0,0,0,0,0,0,0,0,0,0,0,0,0,0,0,0,0,0,0,0,0,0,0,0,0,0,0,0,0,0,0,0,0,0,0,0,0,0,0,0,0,0,0,0,0,0,0,0,0,0,0,0,0,0,0,0,0,0,0,0,0,0,0,0,0,0,0,0,0,0,0,0,0,0,0,0,0,0,0,0,0,67839,0,0,0,45060,22228,0,0,0,0,0,0,0,0,0,0,0,0,0,0,0,0,0,0,"[M-H]-",270.055947,"N4-Acetylsulfamethoxazole-TP5,Nordiazepam,Sulfamethoxazole-TP1"
"M270_R209_870",209.316081183588,270.055975,0,0,0,0,0,0,0,0,0,0,0,0,0,0,0,0,0,0,0,0,0,0,0,0,0,0,0,0,0,0,0,0,0,0,0,0,0,0,0,0,0,0,0,0,0,0,0,0,0,0,0,0,0,0,0,0,0,0,0,0,0,0,0,0,0,0,0,0,0,0,0,0,0,0,0,0,0,0,0,0,0,0,0,0,0,0,0,0,0,0,0,47432,65590,85233,0,0,0,0,0,0,0,0,0,41671,66604,56027,0,0,0,0,0,0,0,0,0,0,0,0,0,0,0,0,0,0,0,0,0,0,0,0,0,0,0,0,0,0,0,0,"[M-H]-",270.055975,"N4-Acetylsulfamethoxazole-TP5,Nordiazepam,Sulfamethoxazole-TP1"
"M270_R271_871",271.248325307483,270.055993,0,0,0,0,0,0,0,0,0,0,0,0,0,0,0,0,0,0,0,0,0,0,0,0,0,0,0,0,0,0,0,0,0,0,0,0,0,0,0,0,0,0,0,0,0,0,0,0,0,0,0,0,0,0,0,0,0,0,0,0,0,0,0,0,0,0,0,0,0,0,0,0,0,0,0,0,0,0,0,0,0,0,0,0,0,0,0,0,0,0,0,0,0,0,0,0,0,0,0,0,0,0,130872,0,0,0,98472,27889,0,0,0,53917,149453,116307,52931,0,0,0,63294,29775,0,0,0,0,0,0,0,0,0,0,0,0,0,0,0,0,0,0,"[M-H]-",270.055993,"N4-Acetylsulfamethoxazole-TP5,Nordiazepam,Sulfamethoxazole-TP1"
"M270_R290_872",289.821656229697,270.092246,0,0,0,0,0,0,0,0,0,0,0,0,0,0,0,0,0,0,0,0,0,0,0,0,0,0,0,0,0,0,0,0,0,0,0,0,0,0,0,0,0,0,0,0,0,0,0,0,0,0,0,0,0,0,0,0,0,0,0,0,0,0,0,0,0,0,0,0,0,274091,78604,294008,407249,506420,395829,869980,837584,946198,239867,161593,62531,134839,368834,436723,163264,241169,229729,315256,301798,113715,268506,224834,183186,175387,196385,200941,0,0,0,542087,424921,81124,196374,127350,206272,179069,156738,58647,125969,105194,51606,149967,326667,222916,80605,0,0,0,81300,70562,0,0,0,110449,111491,100626,110950,65149,139261,123918,208769,65633,0,0,0,301915,144171,249681,"[M-H]-",270.092246,"Phosphorodithioic acid, mixed O,O-bis(sec-Bu and 1,3-dimethylbutyl) esters, zinc salts"
"M270_R272_873",272.456553326673,270.092376,0,0,0,0,0,0,0,0,0,0,0,0,0,0,0,0,0,0,0,0,0,0,0,0,0,0,0,0,0,0,0,0,0,0,0,0,0,0,0,0,0,0,0,0,0,0,0,0,0,0,0,0,0,0,0,0,0,0,0,0,0,0,0,0,0,0,0,0,0,0,0,0,0,0,0,0,0,0,0,0,0,0,0,0,0,0,0,0,0,0,0,77160,62288,37639,0,0,0,0,0,0,0,0,0,0,0,0,0,0,0,0,0,0,0,0,0,0,0,0,0,0,0,0,0,0,0,0,0,0,0,0,0,0,0,0,0,0,0,0,"[M-H]-",270.092376,"Phosphorodithioic acid, mixed O,O-bis(sec-Bu and 1,3-dimethylbutyl) esters, zinc salts"
"M270_R296_874",295.587625,270.1005,0,0,0,0,0,0,0,0,0,0,0,0,0,0,0,0,0,0,0,0,0,62005,0,0,0,51515,68511,58445,52541,71871,0,0,0,80166,0,0,0,73591,65585,112331,84889,68745,79097,53375,58960,0,0,0,0,0,0,0,0,0,0,0,0,0,0,0,0,0,0,0,0,0,0,0,0,0,0,0,0,0,0,0,0,0,0,0,0,0,0,0,0,0,0,0,0,0,0,0,0,0,0,0,0,0,0,0,0,0,0,0,0,0,0,0,0,0,0,0,0,0,0,0,0,0,0,0,0,0,0,0,0,0,0,0,0,0,0,0,0,0,0,0,0,0,"[M+H]+",270.1005,"(10s,11s)-10,11-Dihydroxy-10,11-dihydro-5h-dibenzo[b,f]azepine-5-carboxamide,Dihydroxycarbazepine,Sotalol-TP1"
"M270_R238_875",238.178953,270.104848,0,0,0,0,0,0,0,0,0,0,0,0,0,0,0,0,0,0,0,0,0,0,0,0,0,0,0,0,0,0,0,0,0,0,0,0,0,0,0,91669,60720,51574,72043,57836,80386,0,0,0,0,0,0,0,0,0,0,0,0,0,0,0,0,0,0,0,0,0,0,0,0,0,0,0,0,0,0,0,0,0,0,0,0,0,0,0,0,0,0,0,0,0,0,0,0,0,0,0,0,0,0,0,0,0,0,0,0,0,0,0,0,0,0,0,0,0,0,0,0,0,0,0,0,0,0,0,0,0,0,0,0,0,0,0,0,0,0,0,0,0,"[M+H]+",270.104848,"(10s,11s)-10,11-Dihydroxy-10,11-dihydro-5h-dibenzo[b,f]azepine-5-carboxamide,Dihydroxycarbazepine,Sotalol-TP1"
"M270_R374_878",374.238485,270.160499,0,0,0,0,0,0,0,0,0,0,0,0,0,0,0,0,0,0,0,0,0,0,0,0,0,0,0,0,0,0,0,0,0,32695,0,0,0,42551,23323,16755,12960,24210,0,0,0,0,0,0,0,0,0,0,0,0,0,0,0,0,0,0,0,0,0,0,0,0,0,0,0,0,0,0,0,0,0,0,0,0,0,0,0,0,0,0,0,0,0,0,0,0,0,0,0,0,0,0,0,0,0,0,0,0,0,0,0,0,0,0,0,0,0,0,0,0,0,0,0,0,0,0,0,0,0,0,0,0,0,0,0,0,0,0,0,0,0,0,0,0,"[M+H]+",270.160499,"4,4-isobutylethylidenediphenol,Bis(_,_-dimethylbenzyl) peroxide,Dicumyl peroxide,Estrone"
"M270_R398_879",397.675216,270.160619,0,0,0,159171,99092,96778,145839,147278,125445,0,0,0,0,0,0,89312,71379,57199,82480,95325,55471,0,0,0,0,0,0,0,0,0,0,0,0,0,0,0,0,0,0,0,0,0,0,0,0,0,0,0,0,0,0,0,0,0,0,0,0,0,0,0,0,0,0,0,0,0,0,0,0,0,0,0,0,0,0,0,0,0,0,0,0,0,0,0,0,0,0,0,0,0,0,0,0,0,0,0,0,0,0,0,0,0,0,0,0,0,0,0,0,0,0,0,0,0,0,0,0,0,0,0,0,0,0,0,0,0,0,0,0,0,0,0,0,0,0,0,0,0,"[M+H]+",270.160619,"4,4-isobutylethylidenediphenol,Bis(_,_-dimethylbenzyl) peroxide,Dicumyl peroxide,Estrone"
"M270_R380_880",380.17485587267,270.219083,0,0,0,0,0,0,0,0,0,0,0,0,0,0,0,0,0,0,0,0,0,0,0,0,0,0,0,0,0,0,0,0,0,0,0,0,0,0,0,0,0,0,0,0,0,0,0,0,0,0,0,0,0,0,0,0,0,0,0,0,0,0,0,0,0,0,0,0,0,0,0,0,0,0,0,0,0,0,0,0,0,0,0,0,0,0,0,0,0,0,0,0,0,0,0,0,30866,39400,42522,0,0,0,30694,0,0,0,30471,34384,0,0,0,0,0,0,50020,0,0,0,54698,29248,37715,73896,71923,0,0,0,0,0,0,0,0,0,0,0,0,0,0,0,"[M-H]-",270.219083,"1-[2-({1,7,7-trimethylbicyclo[2.2.1]heptan-2-yl}oxy)propoxy]propan-2-ol; 1-{[1-({1,7,7-trimethylbicyclo[2.2.1]heptan-2-yl}oxy)propan-2-yl]oxy}propan-2,2,4,7,9-Tetramethyldec-5-yne-4,7-diol, ethoxylated"
"M271_R367_881",366.642817334218,271.214631,0,0,0,0,0,0,0,0,0,0,0,0,0,0,0,0,0,0,0,0,0,0,0,0,0,0,0,0,0,0,0,0,0,0,0,0,0,0,0,0,0,0,0,0,0,0,0,0,0,0,0,0,0,0,0,0,0,0,0,0,0,0,0,0,0,0,0,0,0,0,0,0,0,0,0,0,0,0,0,0,0,0,0,0,0,0,0,0,0,0,0,0,0,0,0,0,0,0,0,0,0,0,0,0,0,0,0,0,0,0,0,0,0,0,69590,0,0,0,55600,58920,0,0,0,0,0,0,0,0,0,0,0,0,0,0,0,0,0,0,"[M-H]-",271.214631,"Sodium [dodecanoyl(methyl)amino]acetate"
"M272_R416_895",415.523391,272.089598,0,0,0,220280,311951,215480,144050,275670,97289,0,70718,105555,85360,0,0,0,0,0,90497,110542,139158,0,167156,201597,132612,0,0,472391,208994,193432,0,0,0,0,0,0,0,0,0,84854,143798,108626,0,0,0,0,0,0,0,0,0,118599,71579,93136,0,0,0,0,0,0,0,0,0,0,0,0,0,0,0,0,0,0,0,0,0,0,0,0,0,0,0,0,0,0,0,0,0,0,0,0,0,0,0,0,0,0,0,0,0,0,0,0,0,0,0,0,0,0,0,0,0,0,0,0,0,0,0,0,0,0,0,0,0,0,0,0,0,0,0,0,0,0,0,0,0,0,0,0,"[M+H]+",272.089598,"1-(3-chlorophenyl)-4-(3-chloropropyl)piperazinium chloride"
"M272_R198_896",198.21757,272.119519,0,0,0,0,0,0,0,0,0,0,0,0,0,0,0,0,0,0,0,0,0,0,0,0,0,0,0,0,0,0,0,0,0,0,0,0,0,0,0,116601,76910,111561,150490,72056,128838,0,0,0,0,0,0,0,0,0,0,0,0,0,0,0,0,0,0,0,0,0,0,0,0,0,0,0,0,0,0,0,0,0,0,0,0,0,0,0,0,0,0,0,0,0,0,0,0,0,0,0,0,0,0,0,0,0,0,0,0,0,0,0,0,0,0,0,0,0,0,0,0,0,0,0,0,0,0,0,0,0,0,0,0,0,0,0,0,0,0,0,0,0,"[M+H]+",272.119519,"Sotalol"
"M272_R397_900",396.922467,272.177342,0,0,0,0,0,0,0,0,0,0,0,0,0,0,0,0,0,0,0,0,0,0,0,0,0,0,0,0,0,0,0,0,0,0,0,0,0,0,0,46096,64879,52955,37798,59130,67105,83082,0,0,0,104064,99437,41919,28928,50096,0,0,0,39986,0,0,0,32129,49540,0,0,0,0,0,0,0,0,0,0,0,0,0,0,0,0,0,0,0,0,0,0,0,0,0,0,0,0,0,0,0,0,0,0,0,0,0,0,0,0,0,0,0,0,0,0,0,0,0,0,0,0,0,0,0,0,0,0,0,0,0,0,0,0,0,0,0,0,0,0,0,0,0,0,0,"[M+H]+",272.177342,"17-alpha-Estradiol,17-beta estradiol,6-Dehydronandrolone,Galaxolidone"
"M272_R415_901",414.859059,272.177719,568024,394461,570502,1040127,848738,853611,994578,1139517,863607,483495,1946657,2279263,1722711,444877,544895,580948,773198,763562,728683,872286,785683,430873,2829265,2975894,2198596,572462,545269,1315681,1435816,1395392,863436,1021196,860579,468543,1851939,1748071,2252002,682578,564612,984768,1031036,1203662,988099,1041469,857047,605105,1932336,2068083,2243506,548296,533443,679297,598717,832874,471253,471045,472991,403273,1847994,1626512,1663031,557842,465212,687620,745010,927179,368907,491851,657950,0,0,0,0,0,0,0,0,0,0,0,0,0,0,0,0,0,0,0,0,0,0,0,0,0,0,0,0,0,0,0,0,0,0,0,0,0,0,0,0,0,0,0,0,0,0,0,0,0,0,0,0,0,0,0,0,0,0,0,0,0,0,0,0,0,0,0,0,0,"[M+H]+",272.177719,"17-alpha-Estradiol,17-beta estradiol,6-Dehydronandrolone,Galaxolidone"
"M273_R305_906",304.970931,273.193922,224752,157919,160485,0,0,0,104577,96615,76274,131380,0,0,0,156273,192198,0,0,0,0,0,0,204175,0,0,0,207394,112520,165460,89033,267856,70539,140620,55140,100785,0,0,0,105612,54938,69076,67383,69189,0,0,0,163536,0,0,0,204194,140477,0,0,0,83723,80356,92078,103967,0,0,0,93733,80100,64616,91138,89367,119839,101643,106433,0,0,0,0,0,0,0,0,0,0,0,0,0,0,0,0,0,0,0,0,0,0,0,0,0,0,0,0,0,0,0,0,0,0,0,0,0,0,0,0,0,0,0,0,0,0,0,0,0,0,0,0,0,0,0,0,0,0,0,0,0,0,0,0,0,0,0,0,0,"[M+H]+",273.193922,".beta.-Alanine, N-(2-carboxyethyl)-N-(2-ethylhexyl)-, monosodium salt"
"M274_R169_909",169.437107761927,274.014527,0,0,0,0,0,0,0,0,0,0,0,0,0,0,0,0,0,0,0,0,0,0,0,0,0,0,0,0,0,0,0,0,0,0,0,0,0,0,0,0,0,0,0,0,0,0,0,0,0,0,0,0,0,0,0,0,0,0,0,0,0,0,0,0,0,0,0,0,0,0,0,0,0,0,0,83574,82249,95329,0,0,0,0,0,0,0,0,0,0,0,0,0,0,0,0,0,0,0,0,0,0,0,0,74091,0,0,0,86254,64277,0,0,0,0,0,0,53605,0,0,0,64033,51277,0,0,0,0,0,0,0,0,0,0,0,0,0,0,0,0,0,0,"[M-H]-",274.014527,"Sodium dimethyl 5-sulphonatoisophthalate"
"M274_R212_911",212.254833049062,274.037874,0,0,0,0,0,0,0,0,0,0,0,0,0,0,0,0,0,0,0,0,0,0,0,0,0,0,0,0,0,0,0,0,0,0,0,0,0,0,0,0,0,0,0,0,0,0,0,0,0,0,0,0,0,0,0,0,0,0,0,0,0,0,0,0,0,0,0,0,0,0,0,0,0,0,0,0,0,0,0,0,0,0,0,0,0,0,0,0,0,0,0,116376,129339,158765,0,0,0,0,0,0,0,0,0,73724,138152,87477,0,0,0,0,0,0,0,0,0,0,0,0,0,0,0,0,0,0,0,0,0,0,0,0,0,0,0,0,0,0,0,0,"[M-H]-",274.037874,"2-phenyl-1H-benzimidazole-5-sulphonic acid"
"M274_R245_912",245.099731586109,274.0411495,744068,229267,673127,60158,104378,71872,331717,124843,198363,761473,209021,174319,196178,598260,565543,92327,105836,139120,108887,101567,66327,960775,218114,281005,223013,415542,353002,189595,235754,293673,275887,393522,147464,302087,172477,206912,192402,289557,250401,258035,336557,212019,297699,220888,630413,96381,127734,56103,112571,245143,77843,0,0,0,0,0,0,50882,112528,66954,109885,59213,51514,72275,84002,105796,85586,81514,84430,276378,257901,272625,139389,107621,65431,194608,146416,233721,307647,131278,136736,122371,287595,271698,0,0,0,263095,262004,73666,1079413,202806,200490,169547,433757,718591,0,0,0,726633,312854,161780,261599,169160,195137,136698,618853,208858,193730,189504,170318,210421,259109,220737,96213,103424,86424,106416,117117,133131,0,0,0,0,0,0,72140,72235,67457,96486,136117,122020,124664,73386,114883,0,0,0,"[M+H]+,[M-H]-",274.0411495,"2-phenyl-1H-benzimidazole-5-sulphonic acid,Fluxapyroxad-TP23,Fluxapyroxad-TP35,Fluxapyroxad-TP36"
"M274_R267_920",266.922618684147,274.067877,0,0,0,0,0,0,0,0,0,0,0,0,0,0,0,0,0,0,0,0,0,0,0,0,0,0,0,0,0,0,0,0,0,0,0,0,0,0,0,0,0,0,0,0,0,0,0,0,0,0,0,0,0,0,0,0,0,0,0,0,0,0,0,0,0,0,0,0,0,0,0,0,0,0,0,63443,74483,87929,0,0,0,0,0,0,0,0,0,0,0,0,0,0,0,0,0,0,0,0,0,0,0,0,0,0,0,0,0,0,0,0,0,0,0,0,0,0,0,0,0,0,0,0,0,0,0,0,0,0,0,0,0,0,0,0,0,0,0,0,"[M-H]-",274.067877,"Neburon"
"M276_R375_930",375.158405,276.172463,0,0,0,0,0,0,0,0,0,0,0,0,0,0,0,0,0,0,0,0,0,0,0,0,0,0,0,0,0,0,0,0,0,0,0,0,0,0,0,0,0,0,0,0,0,0,0,0,0,0,0,0,0,0,33782,26527,40021,0,0,0,0,0,0,0,0,0,0,0,0,0,0,0,0,0,0,0,0,0,0,0,0,0,0,0,0,0,0,0,0,0,0,0,0,0,0,0,0,0,0,0,0,0,0,0,0,0,0,0,0,0,0,0,0,0,0,0,0,0,0,0,0,0,0,0,0,0,0,0,0,0,0,0,0,0,0,0,0,0,"[M+H]+",276.172463,"7,9-Di-tert-butyl-1-oxaspiro(4,5)deca-6,9-diene-2,8-dione,Thiophene, 3-(decyloxy)tetrahydro-, 1,1-dioxide"
"M276_R403_931",402.525634,276.172523,0,0,0,0,0,0,0,0,0,0,108543,90524,70191,0,0,102877,94698,87345,117948,147452,98433,0,0,0,0,0,0,0,0,0,0,0,0,0,106679,149522,111501,0,0,164843,114232,182879,94938,147973,73027,0,0,0,0,0,0,0,0,0,0,0,0,65295,156324,113554,173048,72552,81898,0,0,0,0,0,0,0,0,0,0,0,0,0,0,0,0,0,0,0,0,0,0,0,0,0,0,0,0,0,0,0,0,0,0,0,0,0,0,0,0,0,0,0,0,0,0,0,0,0,0,0,0,0,0,0,0,0,0,0,0,0,0,0,0,0,0,0,0,0,0,0,0,0,0,0,"[M+H]+",276.172523,"7,9-Di-tert-butyl-1-oxaspiro(4,5)deca-6,9-diene-2,8-dione,Thiophene, 3-(decyloxy)tetrahydro-, 1,1-dioxide"
"M277_R448_936",448.48643,277.182958,127272,118125,126966,0,0,0,0,0,0,0,0,0,0,0,0,0,0,0,0,0,0,0,0,0,0,0,0,0,0,0,0,0,0,0,0,0,0,0,0,0,0,0,0,0,0,0,0,0,0,0,0,0,0,0,0,0,0,0,0,0,0,0,0,0,0,0,0,0,0,0,0,0,0,0,0,0,0,0,0,0,0,0,0,0,0,0,0,0,0,0,0,0,0,0,0,0,0,0,0,0,0,0,0,0,0,0,0,0,0,0,0,0,0,0,0,0,0,0,0,0,0,0,0,0,0,0,0,0,0,0,0,0,0,0,0,0,0,0,"[M+H]+",277.182958,"2-Ethylidene-1,5-dimethyl-3,3-diphenylpyrrolidine,Amitryptiline,Maprotiline"
"M277_R457_937",456.889314,277.182976,0,0,0,0,0,0,0,0,0,0,0,0,0,0,0,28163,72619,69595,0,0,0,0,0,0,0,0,0,0,0,0,0,0,0,0,0,0,0,0,0,0,0,0,0,0,0,0,0,0,0,0,0,0,0,0,0,0,0,0,0,0,0,0,0,0,0,0,0,0,0,0,0,0,0,0,0,0,0,0,0,0,0,0,0,0,0,0,0,0,0,0,0,0,0,0,0,0,0,0,0,0,0,0,0,0,0,0,0,0,0,0,0,0,0,0,0,0,0,0,0,0,0,0,0,0,0,0,0,0,0,0,0,0,0,0,0,0,0,0,"[M+H]+",277.182976,"2-Ethylidene-1,5-dimethyl-3,3-diphenylpyrrolidine,Amitryptiline,Maprotiline"
"M277_R489_938",488.632803,277.183003,104808,110010,100151,0,0,0,0,0,0,144061,0,0,0,135373,140168,0,0,0,0,0,0,148586,0,0,0,150210,148129,0,0,0,0,0,0,184608,0,0,0,184289,177479,0,0,0,0,0,0,112644,0,0,0,99240,99186,0,0,0,0,0,0,107773,0,0,0,118526,96888,140293,100221,71252,0,0,0,0,0,0,0,0,0,0,0,0,0,0,0,0,0,0,0,0,0,0,0,0,0,0,0,0,0,0,0,0,0,0,0,0,0,0,0,0,0,0,0,0,0,0,0,0,0,0,0,0,0,0,0,0,0,0,0,0,0,0,0,0,0,0,0,0,0,0,0,0,"[M+H]+",277.183003,"2-Ethylidene-1,5-dimethyl-3,3-diphenylpyrrolidine,Amitryptiline,Maprotiline"
"M277_R450_939",449.710818,277.183053,0,0,0,0,0,0,0,0,0,0,0,0,0,0,0,0,0,0,0,0,0,148271,0,0,0,141867,122359,0,0,0,0,0,0,0,0,0,0,0,0,0,0,0,0,0,0,0,0,0,0,0,0,0,0,0,0,0,0,0,0,0,0,0,0,0,0,0,0,0,0,0,0,0,0,0,0,0,0,0,0,0,0,0,0,0,0,0,0,0,0,0,0,0,0,0,0,0,0,0,0,0,0,0,0,0,0,0,0,0,0,0,0,0,0,0,0,0,0,0,0,0,0,0,0,0,0,0,0,0,0,0,0,0,0,0,0,0,0,0,"[M+H]+",277.183053,"2-Ethylidene-1,5-dimethyl-3,3-diphenylpyrrolidine,Amitryptiline,Maprotiline"
"M277_R464_940",463.7935,277.183057,0,0,0,0,0,0,25633,38136,47022,0,0,0,0,0,0,0,0,0,0,0,0,0,0,0,0,0,0,0,0,0,101777,103255,46079,0,0,0,0,0,0,0,0,0,0,0,0,0,0,0,0,0,0,0,0,0,0,0,0,0,0,0,0,0,0,0,0,0,0,0,0,0,0,0,0,0,0,0,0,0,0,0,0,0,0,0,0,0,0,0,0,0,0,0,0,0,0,0,0,0,0,0,0,0,0,0,0,0,0,0,0,0,0,0,0,0,0,0,0,0,0,0,0,0,0,0,0,0,0,0,0,0,0,0,0,0,0,0,0,0,"[M+H]+",277.183057,"2-Ethylidene-1,5-dimethyl-3,3-diphenylpyrrolidine,Amitryptiline,Maprotiline"
"M277_R455_941",454.72985,277.183167,0,0,0,0,0,0,0,0,0,0,0,0,0,0,0,0,0,0,0,0,0,0,0,0,0,0,0,80271,72971,142975,0,0,0,0,0,0,0,0,0,0,0,0,0,0,0,0,0,0,0,0,0,0,0,0,0,0,0,0,0,0,0,0,0,0,0,0,0,0,0,0,0,0,0,0,0,0,0,0,0,0,0,0,0,0,0,0,0,0,0,0,0,0,0,0,0,0,0,0,0,0,0,0,0,0,0,0,0,0,0,0,0,0,0,0,0,0,0,0,0,0,0,0,0,0,0,0,0,0,0,0,0,0,0,0,0,0,0,0,"[M+H]+",277.183167,"2-Ethylidene-1,5-dimethyl-3,3-diphenylpyrrolidine,Amitryptiline,Maprotiline"
"M277_R339_942",339.367207,277.204307,404744,471398,413761,0,0,0,163417,172374,190993,560155,0,0,0,417964,558163,78100,204567,186301,207056,216783,80729,666064,0,0,0,619013,459349,277024,214340,623305,367122,406416,210272,693834,0,0,0,745976,567233,608139,427590,578203,442243,692736,445342,484034,0,0,0,480721,455920,87076,75586,205940,207764,123022,176384,515643,0,0,0,552156,407839,0,0,0,0,0,0,0,0,0,0,0,0,0,0,0,0,0,0,0,0,0,0,0,0,0,0,0,0,0,0,0,0,0,0,0,0,0,0,0,0,0,0,0,0,0,0,0,0,0,0,0,0,0,0,0,0,0,0,0,0,0,0,0,0,0,0,0,0,0,0,0,0,0,0,0,"[M+H]+",277.204307,"Venlafaxine"
"M278_R363_947",362.650441,278.109651,0,0,0,0,0,0,0,0,0,0,165365,177957,239398,0,0,0,0,0,0,0,0,0,195150,271981,221415,0,0,0,0,0,0,0,0,0,207383,255299,239876,0,0,0,0,0,0,0,0,0,168494,156468,165224,0,0,0,0,0,0,0,0,0,167981,137753,157735,0,0,0,0,0,0,0,0,0,0,0,0,0,0,0,0,0,0,0,0,0,0,0,0,0,0,0,0,0,0,0,0,0,0,0,0,0,0,0,0,0,0,0,0,0,0,0,0,0,0,0,0,0,0,0,0,0,0,0,0,0,0,0,0,0,0,0,0,0,0,0,0,0,0,0,0,0,"[M+H]+",278.109651,"Dibenz[a,h]anthracene,Sodium [N-[2-[bis(carboxymethyl)amino]ethyl]-N-(2-hydroxyethyl)glycinato(4-)]ferrate(1-)"
"M278_R391_948",391.249327471531,278.1514905,0,0,0,99475,98561,70140,62875,68532,85704,0,0,0,0,0,0,69928,104565,55811,58948,74985,64793,0,0,0,0,0,0,0,0,0,0,0,0,0,0,0,0,0,0,0,0,0,0,0,0,0,0,0,0,0,0,0,0,0,0,0,0,0,0,0,0,0,0,0,0,0,0,0,0,0,0,0,73783,70836,68938,0,0,0,0,0,0,0,0,0,315844,276518,299334,245738,288054,362917,0,0,0,0,0,0,72622,82679,64759,151306,134812,199059,0,0,0,0,0,0,0,0,0,135408,131165,146978,0,0,0,0,0,0,0,0,0,72470,63561,53670,0,0,0,0,0,0,0,0,0,0,0,0,"[M+H]+,[M-H]-",278.1514905,"4-{2-[2-(2-hydroxybenzylidene)hydrazino]-2-oxoethyl}-4-methylmorpholin-4-ium chloride,Di-n-butylphthalate,Diisobutyl phthalate,[3-(2,3-epoxypropoxy)propyl]triethoxysilane"
"M278_R362_949",362.48842,278.151585,0,0,0,0,0,0,63420,86561,90575,0,0,0,0,0,0,0,0,0,0,0,0,0,0,0,0,0,0,0,0,0,0,0,0,0,0,0,0,0,0,0,0,0,0,0,0,0,0,0,0,0,0,0,0,0,0,0,0,0,0,0,0,0,0,0,0,0,0,0,0,0,0,0,0,0,0,0,0,0,0,0,0,0,0,0,0,0,0,0,0,0,0,0,0,0,0,0,0,0,0,0,0,0,0,0,0,0,0,0,0,0,0,0,0,0,0,0,0,0,0,0,0,0,0,0,0,0,0,0,0,0,0,0,0,0,0,0,0,0,"[M+H]+",278.151585,"4-{2-[2-(2-hydroxybenzylidene)hydrazino]-2-oxoethyl}-4-methylmorpholin-4-ium chloride,Di-n-butylphthalate,Diisobutyl phthalate,[3-(2,3-epoxypropoxy)propyl]triethoxysilane"
"M278_R396_950",396.261393522733,278.1880195,0,0,0,0,0,0,0,0,0,0,0,0,0,0,0,0,0,0,0,0,0,47472,0,0,0,37438,42849,0,0,0,0,0,0,45638,0,0,0,68957,60247,76037,42106,50465,70799,91366,93093,0,0,0,0,0,0,0,0,0,0,0,0,63283,0,0,0,68219,61461,0,0,0,0,0,0,0,0,0,0,0,0,0,0,0,46418,0,0,0,50686,52049,0,0,0,0,0,0,0,0,0,0,0,0,0,0,0,60232,89315,82529,59906,0,0,0,75514,56134,0,0,0,65969,58117,43004,0,0,0,0,0,0,0,0,0,0,0,0,60377,0,0,0,52226,53656,0,0,0,65901,90137,54471,"[M+H]+,[M-H]-",278.1880195,"3,5-Di-tert-butyl-4-hydroxyhydocinnamic acid,4-Nonylphenoxy acetic acid"
"M278_R378_951",378.452920525588,278.18811,0,0,0,0,0,0,0,0,0,0,0,0,0,0,0,0,0,0,0,0,0,0,0,0,0,0,0,0,0,0,0,0,0,0,0,0,0,0,0,0,0,0,0,0,0,0,0,0,0,0,0,0,0,0,0,0,0,0,0,0,0,0,0,0,0,0,0,0,0,0,0,0,0,0,0,0,0,0,0,1568523,1227103,747735,0,0,0,0,0,520254,1269048,1010256,0,0,0,0,0,0,0,0,0,0,0,0,0,0,0,0,0,0,0,0,0,0,0,0,0,0,0,0,0,0,0,0,0,0,0,0,0,0,0,0,0,0,0,0,0,0,0,0,"[M-H]-",278.18811,"3,5-Di-tert-butyl-4-hydroxyhydocinnamic acid,4-Nonylphenoxy acetic acid"
"M279_R370_955",370.05292,279.147289,131156,123405,91333,100152,52650,83623,85703,137312,126022,114053,0,0,0,115016,129276,0,0,0,0,0,0,0,0,0,0,0,0,0,0,0,0,0,0,137650,73296,83137,102326,143978,133298,169371,129452,141819,128732,146832,122387,0,104806,98024,142675,0,0,0,0,0,0,0,0,152003,165376,151024,147277,165900,161534,181650,170964,146867,180774,130797,142053,0,0,0,0,0,0,0,0,0,0,0,0,0,0,0,0,0,0,0,0,0,0,0,0,0,0,0,0,0,0,0,0,0,0,0,0,0,0,0,0,0,0,0,0,0,0,0,0,0,0,0,0,0,0,0,0,0,0,0,0,0,0,0,0,0,0,0,0,0,"[M+H]+",279.147289,"Metalaxyl,Metolachlor OA"
"M279_R355_956",355.285993,279.147808,0,0,0,0,0,0,0,0,0,61425,0,0,0,51270,73904,0,0,0,0,0,0,0,0,0,0,0,0,0,0,0,0,0,0,0,0,0,0,0,0,54895,25132,27189,0,0,0,0,0,0,0,0,0,0,0,0,0,0,0,0,0,0,0,0,0,0,0,0,0,0,0,0,0,0,0,0,0,0,0,0,0,0,0,0,0,0,0,0,0,0,0,0,0,0,0,0,0,0,0,0,0,0,0,0,0,0,0,0,0,0,0,0,0,0,0,0,0,0,0,0,0,0,0,0,0,0,0,0,0,0,0,0,0,0,0,0,0,0,0,0,"[M+H]+",279.147808,"Metalaxyl,Metolachlor OA"
"M279_R371_957",371.312087,279.181238,0,0,0,0,0,0,0,0,0,0,0,0,0,0,0,0,0,0,0,0,0,0,0,0,0,0,0,0,0,0,0,0,0,0,0,0,0,0,0,0,0,0,0,0,0,0,102754,217948,152180,0,0,208419,169986,112674,0,0,0,0,0,0,0,0,0,69736,58633,71726,0,0,0,0,0,0,0,0,0,0,0,0,0,0,0,0,0,0,0,0,0,0,0,0,0,0,0,0,0,0,0,0,0,0,0,0,0,0,0,0,0,0,0,0,0,0,0,0,0,0,0,0,0,0,0,0,0,0,0,0,0,0,0,0,0,0,0,0,0,0,0,0,"[M+H]+",279.181238,"Moxisylyte,O-Desmethylvenlafaxine-TP1,Tramadol-TP17,Tramadol-TP5,Venlafaxine HCl-TP5"
"M279_R317_958",317.128176,279.183424,335230,327665,210146,105794,106325,68976,101744,237182,105039,433869,0,0,0,416840,446892,57326,97117,101321,77204,92161,55872,256371,0,0,0,304173,187425,104108,78102,294430,102582,157321,71558,238557,0,0,0,381354,191450,153712,133870,153468,181455,146630,135554,324918,0,0,0,378532,149706,0,0,0,58163,83885,75140,174419,0,0,0,134579,218258,0,0,0,0,0,0,0,0,0,0,0,0,0,0,0,0,0,0,0,0,0,0,0,0,0,0,0,0,0,0,0,0,0,0,0,0,0,0,0,0,0,0,0,0,0,0,0,0,0,0,0,0,0,0,0,0,0,0,0,0,0,0,0,0,0,0,0,0,0,0,0,0,0,0,0,"[M+H]+",279.183424,"Moxisylyte,O-Desmethylvenlafaxine-TP1,Tramadol-TP17,Tramadol-TP5,Venlafaxine HCl-TP5"
"M279_R278_959",277.761109,279.183509,0,0,0,0,0,0,0,0,0,0,0,0,0,0,0,0,0,0,91938,75546,53305,452845,0,0,0,333439,384238,232937,205063,159134,262776,137158,200939,281895,0,0,0,322369,273737,258287,317891,271161,327484,329257,361465,0,0,0,0,0,0,0,0,0,140530,147810,131300,496341,0,0,0,470922,364294,0,0,0,0,0,0,0,0,0,0,0,0,0,0,0,0,0,0,0,0,0,0,0,0,0,0,0,0,0,0,0,0,0,0,0,0,0,0,0,0,0,0,0,0,0,0,0,0,0,0,0,0,0,0,0,0,0,0,0,0,0,0,0,0,0,0,0,0,0,0,0,0,0,0,0,"[M+H]+",279.183509,"Moxisylyte,O-Desmethylvenlafaxine-TP1,Tramadol-TP17,Tramadol-TP5,Venlafaxine HCl-TP5"
"M281_R298_968",298.156831,281.162722,0,0,0,0,0,0,0,0,0,0,0,0,0,0,0,0,0,0,0,0,0,198015,0,0,0,128600,170805,114305,94044,83579,94347,62006,83685,69745,0,0,0,94665,93013,128919,93831,113339,108387,108470,98046,0,0,0,0,0,0,0,0,0,0,0,0,91129,0,0,0,114544,86465,0,0,0,0,0,0,0,0,0,0,0,0,0,0,0,0,0,0,0,0,0,0,0,0,0,0,0,0,0,0,0,0,0,0,0,0,0,0,0,0,0,0,0,0,0,0,0,0,0,0,0,0,0,0,0,0,0,0,0,0,0,0,0,0,0,0,0,0,0,0,0,0,0,0,0,"[M+H]+",281.162722,"Cicloheximide,Tramadol-TP36,Tramadol-TP37,Tramadol-TP38"
"M281_R252_969",252.221038,281.162741,0,0,0,0,0,0,0,0,0,91977,0,0,0,105163,105540,0,0,0,0,0,0,232399,0,0,0,115065,102401,79947,89099,140633,56180,81937,71193,131812,0,0,0,176723,142160,131910,145531,131275,103716,137574,110922,123857,0,0,0,182697,104208,0,0,0,0,0,0,132198,0,0,0,126191,134257,188655,201618,200129,102901,90289,87900,0,0,0,0,0,0,0,0,0,0,0,0,0,0,0,0,0,0,0,0,0,0,0,0,0,0,0,0,0,0,0,0,0,0,0,0,0,0,0,0,0,0,0,0,0,0,0,0,0,0,0,0,0,0,0,0,0,0,0,0,0,0,0,0,0,0,0,0,0,"[M+H]+",281.162741,"Cicloheximide,Tramadol-TP36,Tramadol-TP37,Tramadol-TP38"
"M282_R338_974",338.224987495321,282.063912,0,0,0,0,0,0,0,0,0,0,306154,244630,284225,0,0,0,0,0,0,0,0,0,0,0,0,0,0,0,0,0,0,0,0,0,331650,249671,361355,0,0,0,0,0,0,0,0,0,223941,217304,243684,0,0,0,0,0,0,0,0,0,203655,238497,241104,0,0,69012,59753,74077,0,0,0,0,0,0,0,0,0,0,0,0,0,109697,105810,134604,0,0,0,0,0,0,0,0,0,141450,153555,97485,0,0,0,0,0,0,0,0,0,133150,116377,156289,0,0,0,0,0,0,0,0,0,100062,116840,101173,0,0,0,0,0,0,0,0,0,120007,170875,128186,0,0,0,0,0,0,0,0,"[M+H]+,[M-H]-",282.063912,"2-(2,4-Dioxo-3,4-dihydroquinazolin-1(2H)-yl)benzoic acid,Diflufenican-TP1,Niflumic acid,Sumatriptan-TP11,[[1,1'-biphenyl]-4,4'-diyl]diammonium sulphate"
"M282_R250_980",249.869285,282.167869,0,0,0,871580,881681,838198,1434316,673836,769609,0,1664962,1996488,2109873,0,0,2982050,1179517,1006351,972264,1491089,2856446,132105,192858,213745,155388,122490,95868,524270,465081,613547,441296,482795,489016,0,580685,1237704,1318384,0,0,960407,946049,881182,945805,1396820,1083421,0,170315,98138,173266,0,0,629745,379752,626235,398094,360508,444883,0,6475756,3170681,5302989,0,0,262495,307182,343731,175367,140748,173844,0,0,0,0,0,0,0,0,0,0,0,0,0,0,0,0,0,0,0,0,0,0,0,0,0,0,0,0,0,0,0,0,0,0,0,0,0,0,0,0,0,0,0,0,0,0,0,0,0,0,0,0,0,0,0,0,0,0,0,0,0,0,0,0,0,0,0,0,0,"[M+H]+",282.167869,"Hexaethylene glycol"
"M282_R432_983",432.469073741255,282.255431,0,0,0,0,0,0,0,0,0,0,0,0,0,0,0,0,0,0,0,0,0,0,0,0,0,0,0,0,0,0,0,0,0,0,0,0,0,0,0,0,0,0,0,0,0,0,0,0,0,0,0,0,0,0,0,0,0,0,0,0,0,0,0,0,0,0,0,0,0,0,0,0,0,0,0,0,0,0,0,0,0,0,0,0,0,0,0,0,0,0,0,0,0,0,0,0,0,0,0,0,0,0,0,0,0,0,0,0,0,0,0,0,0,0,0,0,0,0,0,0,0,0,0,112852,89451,68133,0,0,0,0,0,0,0,0,0,0,0,0,"[M-H]-",282.255431,"Sodium oleate"
"M283_R415_985",415.433542,283.278207,0,0,0,0,0,0,0,0,0,0,0,0,0,0,0,0,0,0,0,0,0,0,0,0,0,0,0,0,0,0,0,0,0,0,0,0,0,0,0,0,0,0,0,0,0,0,0,0,0,0,0,0,0,0,0,0,0,0,0,0,0,0,0,103933,186937,131376,0,0,0,0,0,0,0,0,0,0,0,0,0,0,0,0,0,0,0,0,0,0,0,0,0,0,0,0,0,0,0,0,0,0,0,0,0,0,0,0,0,0,0,0,0,0,0,0,0,0,0,0,0,0,0,0,0,0,0,0,0,0,0,0,0,0,0,0,0,0,0,0,"[M+H]+",283.278207,"Trimethyl-3-((1-oxo-10-undecenyl)amino)propylammonium methyl sulphate"
"M284_R209_987",208.540497430963,284.035295,0,0,0,0,0,0,0,0,0,0,0,0,0,0,0,0,0,0,0,0,0,0,0,0,0,0,0,0,0,0,0,0,0,0,0,0,0,0,0,0,0,0,0,0,0,0,0,0,0,0,0,0,0,0,0,0,0,0,0,0,0,0,0,0,0,0,0,0,0,0,0,0,0,0,0,126868,130066,106687,0,0,0,0,0,0,0,0,0,0,0,0,0,0,0,0,0,0,0,0,0,0,0,0,0,0,0,0,0,0,0,0,0,0,0,0,0,0,0,0,0,0,0,0,0,0,0,0,0,0,0,0,0,0,0,0,0,0,0,0,"[M-H]-",284.035295,"Tripropyltin chloride"
"M284_R195_988",194.623423409313,284.035373,0,0,0,0,0,0,0,0,0,0,0,0,0,0,0,0,0,0,0,0,0,0,0,0,0,0,0,0,0,0,0,0,0,0,0,0,0,0,0,0,0,0,0,0,0,0,0,0,0,0,0,0,0,0,0,0,0,0,0,0,0,0,0,0,0,0,0,0,0,0,0,0,0,0,0,117629,98207,115896,0,0,0,0,0,0,0,0,0,0,0,0,0,0,0,0,0,0,0,0,0,0,0,0,0,0,0,0,0,0,0,0,0,0,0,0,0,0,0,0,0,0,0,0,0,0,0,0,0,0,0,0,0,0,0,0,0,0,0,0,"[M-H]-",284.035373,"Tripropyltin chloride"
"M284_R302_990",302.202226355806,284.071462,0,0,0,0,0,0,0,0,0,0,0,0,0,0,0,0,0,0,0,0,0,0,0,0,0,0,0,0,0,0,0,0,0,0,0,0,0,0,0,0,0,0,0,0,0,0,0,0,0,0,0,0,0,0,0,0,0,0,0,0,0,0,0,0,0,0,0,0,0,0,0,0,0,0,0,215363,183444,189422,67789,0,0,0,232836,205502,98483,109729,73567,0,0,0,0,0,0,0,0,0,0,0,0,0,0,0,0,0,0,0,0,0,0,0,0,168027,943727,526157,0,0,0,0,0,0,0,0,0,139956,157068,173804,0,0,0,0,0,0,0,0,0,0,0,0,"[M-H]-",284.071462,"Diazepam,Mazindol"
"M284_R255_991",255.070662500059,284.071559,0,0,0,0,0,0,0,0,0,0,0,0,0,0,0,0,0,0,0,0,0,0,0,0,0,0,0,0,0,0,0,0,0,0,0,0,0,0,0,0,0,0,0,0,0,0,0,0,0,0,0,0,0,0,0,0,0,0,0,0,0,0,0,0,0,0,0,0,0,0,0,0,0,0,0,0,0,0,107835,0,0,0,222272,188302,0,0,0,0,0,0,0,514767,594829,523078,0,0,0,0,0,0,0,0,0,289689,387203,370147,0,0,0,0,0,0,0,0,64047,0,0,0,67476,36022,0,0,0,0,0,0,0,0,0,0,0,0,0,0,0,0,0,0,"[M-H]-",284.071559,"Diazepam,Mazindol"
"M284_R278_992",278.194657873167,284.071569,0,0,0,0,0,0,0,0,0,0,0,0,0,0,0,0,0,0,0,0,0,0,0,0,0,0,0,0,0,0,0,0,0,0,0,0,0,0,0,0,0,0,0,0,0,0,0,0,0,0,0,0,0,0,0,0,0,0,0,0,0,0,0,0,0,0,0,0,0,0,0,0,0,0,0,0,0,0,0,0,0,0,0,0,0,0,0,0,0,0,206959,0,0,0,146963,143279,0,0,0,0,0,0,0,0,0,0,0,0,0,0,0,0,0,0,132154,0,0,0,190584,83261,0,0,0,0,0,0,0,0,0,0,0,0,0,0,0,0,0,0,"[M-H]-",284.071569,"Diazepam,Mazindol"
"M284_R305_993",305.101529164852,284.107974,0,0,0,0,0,0,0,0,0,0,0,0,0,0,0,0,0,0,0,0,0,0,0,0,0,0,0,0,0,0,0,0,0,0,0,0,0,0,0,0,0,0,0,0,0,0,0,0,0,0,0,0,0,0,0,0,0,0,0,0,0,0,0,0,0,0,0,0,0,0,0,0,152943,183838,97063,289967,308991,327352,77607,0,0,0,140376,127063,52419,102590,70770,0,0,0,53167,0,0,0,74647,64761,0,0,0,0,0,0,0,0,0,0,0,0,0,0,0,42786,125217,96045,0,0,0,0,0,0,0,0,0,0,0,0,0,0,0,0,0,0,0,0,0,0,0,0,"[M-H]-",284.107974,"Phosphorodithioic acid, mixed O,O-bis(2-ethylhexyl and iso-Pr) esters, zinc salts"
"M284_R397_994",397.436483,284.154057,0,0,0,74830,50914,68248,0,0,0,0,0,0,0,0,0,75493,50201,76950,0,0,0,0,0,0,0,0,0,70291,70301,59677,0,0,0,0,0,0,0,0,0,0,0,0,0,0,0,0,0,0,0,0,0,0,0,0,0,0,0,0,0,0,0,0,0,0,0,0,0,0,0,0,0,0,0,0,0,0,0,0,0,0,0,0,0,0,0,0,0,0,0,0,0,0,0,0,0,0,0,0,0,0,0,0,0,0,0,0,0,0,0,0,0,0,0,0,0,0,0,0,0,0,0,0,0,0,0,0,0,0,0,0,0,0,0,0,0,0,0,0,"[M+H]+",284.154057,"N'-(1,3-dimethylbutylidene)-3-hydroxy-2-naphthohydrazide,Phenol, p-sec-nonyl-, phosphite (TNPP)"
"M284_R402_995",402.312182959231,284.23511,0,0,0,147161,121962,75557,193542,105711,186284,0,0,0,0,0,0,102742,66364,84040,110706,117115,164465,0,0,0,0,0,0,166954,98022,215176,188048,229319,162528,0,0,0,0,0,0,105988,117752,201762,171531,77070,380593,0,0,0,0,0,0,100650,307766,118520,276596,213780,320350,0,0,0,0,0,0,166022,119149,106543,406845,335060,204864,0,0,0,0,0,0,0,0,0,0,0,0,0,0,0,54032,78642,58743,0,0,0,0,0,0,0,0,0,0,0,0,0,0,0,0,0,0,0,0,0,0,0,0,0,0,0,0,0,0,0,0,0,0,0,0,0,0,0,0,0,0,0,0,0,0,0,0,0,0,0,"[M+H]+,[M-H]-",284.23511,"2-(1-(3',3'-dimethyl-1'-cyclohexyl)ethoxy)-2-methyl propyl propanoate"
"M284_R424_996",423.562878,284.271663,0,0,0,0,0,0,0,0,0,0,0,0,0,0,0,0,0,0,0,0,0,0,0,0,0,0,0,0,0,0,75527,99187,88527,0,0,0,0,0,0,56718,105539,103128,76294,73246,97350,0,0,0,0,0,0,0,0,0,0,0,0,0,0,0,0,0,0,0,0,0,106889,108363,106628,0,0,0,0,0,0,0,0,0,0,0,0,0,0,0,0,0,0,0,0,0,0,0,0,0,0,0,0,0,0,0,0,0,0,0,0,0,0,0,0,0,0,0,0,0,0,0,0,0,0,0,0,0,0,0,0,0,0,0,0,0,0,0,0,0,0,0,0,0,"[M+H]+",284.271663,"Potassium stearate,Sorbitan, isooctadecanoate"
"M286_R364_999",364.420624,286.050795,143242,117470,129737,0,0,0,81184,114864,92703,108937,0,0,0,128133,143547,0,0,0,0,0,0,215186,77895,100492,78473,260105,146059,162124,125767,300057,148660,231174,77376,281790,53576,58195,69308,271746,220703,218988,185722,238381,190959,272696,195521,222679,0,0,0,241572,211970,0,0,0,93328,66863,96194,191998,0,0,0,170890,182945,212792,198521,162739,216062,166472,161794,0,0,0,0,0,0,0,0,0,0,0,0,0,0,0,0,0,0,0,0,0,0,0,0,0,0,0,0,0,0,0,0,0,0,0,0,0,0,0,0,0,0,0,0,0,0,0,0,0,0,0,0,0,0,0,0,0,0,0,0,0,0,0,0,0,0,0,0,0,"[M+H]+",286.050795,"Oxazepam"
"M286_R234_1000",233.695790852893,286.050918,0,0,0,0,0,0,0,0,0,0,0,0,0,0,0,0,0,0,0,0,0,0,0,0,0,0,0,0,0,0,0,0,0,0,0,0,0,0,0,0,0,0,0,0,0,0,0,0,0,0,0,0,0,0,0,0,0,0,0,0,0,0,0,0,0,0,0,0,0,0,0,0,0,0,0,109173,117526,136897,0,0,0,0,0,0,0,0,0,0,0,0,0,0,0,0,0,0,0,0,0,0,0,0,0,0,0,0,0,0,0,0,0,0,0,0,0,0,0,0,0,0,0,0,0,0,0,0,0,0,0,0,0,0,0,0,0,0,0,0,"[M-H]-",286.050918,"Oxazepam"
"M286_R187_1001",186.655580592767,286.050995,0,0,0,0,0,0,0,0,0,0,0,0,0,0,0,0,0,0,0,0,0,0,0,0,0,0,0,0,0,0,0,0,0,0,0,0,0,0,0,0,0,0,0,0,0,0,0,0,0,0,0,0,0,0,0,0,0,0,0,0,0,0,0,0,0,0,0,0,0,86638,79324,87249,204930,186390,141805,304472,256512,303481,58449,0,0,0,120251,114864,98850,113190,94865,102762,134787,108540,79968,71098,47992,75777,78977,56635,83622,80250,193393,0,0,0,93413,0,0,0,77010,53689,162255,109632,98877,72297,122500,82493,0,0,0,0,0,0,0,0,0,50376,49773,63617,0,0,0,0,0,0,60068,53800,26307,0,0,0,"[M-H]-",286.050995,"Oxazepam"
"M286_R163_1002",162.715863563365,286.051084,0,0,0,0,0,0,0,0,0,0,0,0,0,0,0,0,0,0,0,0,0,0,0,0,0,0,0,0,0,0,0,0,0,0,0,0,0,0,0,0,0,0,0,0,0,0,0,0,0,0,0,0,0,0,0,0,0,0,0,0,0,0,0,0,0,0,0,0,0,57163,25721,44677,103315,100609,81314,144697,179118,266080,29344,0,0,0,66865,66083,0,0,0,0,0,0,90652,0,0,0,62444,65333,0,0,0,0,0,0,0,0,0,0,0,0,0,0,0,0,0,0,0,0,0,0,0,0,0,0,0,0,0,0,0,0,0,0,0,0,0,0,0,0,0,0,"[M-H]-",286.051084,"Oxazepam"
"M286_R210_1003",210.273157105355,286.0511,0,0,0,0,0,0,0,0,0,0,0,0,0,0,0,0,0,0,0,0,0,0,0,0,0,0,0,0,0,0,0,0,0,0,0,0,0,0,0,0,0,0,0,0,0,0,0,0,0,0,0,0,0,0,0,0,0,0,0,0,0,0,0,0,0,0,0,0,0,0,0,0,198286,131907,96745,219242,210298,223836,0,0,0,0,0,0,0,0,0,100675,82248,66317,0,0,0,0,0,0,0,0,0,0,0,0,0,0,0,0,0,0,0,0,0,0,0,0,0,0,0,0,0,0,0,0,0,0,0,0,0,0,0,0,0,0,0,0,0,0,0,0,"[M-H]-",286.0511,"Oxazepam"
"M286_R261_1005",261.211220524273,286.087148,0,0,0,0,0,0,0,0,0,0,0,0,0,0,0,0,0,0,0,0,0,0,0,0,0,0,0,0,0,0,0,0,0,0,0,0,0,0,0,0,0,0,0,0,0,0,0,0,0,0,0,0,0,0,0,0,0,0,0,0,0,0,0,0,0,0,0,0,0,0,0,0,122248,163159,104429,398261,321231,426931,188033,0,0,0,253421,263394,65590,147199,103837,0,0,0,172035,209042,220507,177374,107421,76324,0,0,0,0,0,0,304503,288856,329673,305703,300030,106073,146421,119694,85431,227810,325731,295073,109898,0,0,0,111005,94862,0,0,0,185852,80479,115202,72607,153569,157816,244378,113782,64045,0,0,0,166405,114067,153914,"[M-H]-",286.087148,"Ethofumesate"
"M286_R282_1006",281.518953321991,286.087181,0,0,0,0,0,0,0,0,0,0,0,0,0,0,0,0,0,0,0,0,0,0,0,0,0,0,0,0,0,0,0,0,0,0,0,0,0,0,0,0,0,0,0,0,0,0,0,0,0,0,0,0,0,0,0,0,0,0,0,0,0,0,0,0,0,0,0,0,0,0,0,0,0,0,0,0,0,0,0,0,0,0,0,0,0,0,0,0,0,0,0,0,0,0,0,0,0,0,0,0,0,0,0,0,0,0,0,0,0,0,0,0,0,0,0,115509,100827,140956,0,0,0,0,0,0,0,0,0,0,0,0,0,0,0,0,0,0,0,0,"[M-H]-",286.087181,"Ethofumesate"
"M286_R290_1007",290.216827608012,286.087224,0,0,0,0,0,0,0,0,0,0,0,0,0,0,0,0,0,0,0,0,0,0,0,0,0,0,0,0,0,0,0,0,0,0,0,0,0,0,0,0,0,0,0,0,0,0,0,0,0,0,0,0,0,0,0,0,0,0,0,0,0,0,0,0,0,0,0,0,0,1348764,223363,1480687,1618633,1481970,865289,3407159,3466667,3399157,1700926,0,0,0,3077611,2280558,766971,1371176,1161000,1658574,1700758,497997,0,0,0,0,0,0,162913,662306,802518,0,0,0,2665373,0,0,0,2462486,737265,807277,616386,284791,1175603,3089844,2256688,868064,0,0,0,865024,574461,0,0,0,1002068,809511,1188401,381927,270876,534688,575033,833737,365070,0,0,0,1405322,690989,1399979,"[M-H]-",286.087224,"Ethofumesate"
"M286_R249_1008",248.584006936472,286.087266,0,0,0,0,0,0,0,0,0,0,0,0,0,0,0,0,0,0,0,0,0,0,0,0,0,0,0,0,0,0,0,0,0,0,0,0,0,0,0,0,0,0,0,0,0,0,0,0,0,0,0,0,0,0,0,0,0,0,0,0,0,0,0,0,0,0,0,0,0,0,0,0,0,0,0,0,0,0,0,0,0,0,0,0,0,0,0,0,0,0,0,62823,48935,63762,0,0,0,0,0,0,0,0,0,110238,96740,70821,0,0,0,0,0,0,0,0,0,0,0,0,0,0,0,0,0,0,0,0,0,0,0,0,0,0,0,0,0,0,0,0,"[M-H]-",286.087266,"Ethofumesate"
"M286_R290_1009",290.390434,286.139077,0,0,0,0,0,0,64156,38192,54950,0,0,0,0,0,0,58018,50307,38788,0,0,0,0,0,0,0,0,0,0,0,0,0,0,0,0,0,0,0,0,0,0,0,0,0,0,0,0,0,0,0,0,0,0,0,0,0,0,0,0,0,0,0,0,0,0,0,0,0,0,0,0,0,0,0,0,0,0,0,0,0,0,0,0,0,0,0,0,0,0,0,0,0,0,0,0,0,0,0,0,0,0,0,0,0,0,0,0,0,0,0,0,0,0,0,0,0,0,0,0,0,0,0,0,0,0,0,0,0,0,0,0,0,0,0,0,0,0,0,0,"[M+H]+",286.139077,"Triethylene glycol dimethacrylate"
"M287_R441_1013",440.915745,287.246084,0,0,0,53915,47769,63639,59231,77478,77113,70242,0,0,0,99010,76104,0,0,0,0,0,0,78167,143769,305431,189730,61322,92480,124272,181615,222539,183029,176190,329349,0,0,0,0,0,0,0,0,0,0,0,0,0,0,0,0,0,0,0,0,0,0,0,0,0,0,0,0,0,0,0,0,0,0,0,0,0,0,0,0,0,0,0,0,0,0,0,0,0,0,0,0,0,0,0,0,0,0,0,0,0,0,0,0,0,0,0,0,0,0,0,0,0,0,0,0,0,0,0,0,0,0,0,0,0,0,0,0,0,0,0,0,0,0,0,0,0,0,0,0,0,0,0,0,0,"[M+H]+",287.246084,"N,N-Bis(2-hydroxyethyl)dodecanamide"
"M287_R377_1014",376.929027,287.246145,0,0,0,55526,90332,95172,86291,105263,82757,63973,0,0,0,82221,78860,0,0,0,0,0,0,281965,542760,826399,620702,151492,116734,526726,1053201,464230,0,0,0,241664,111808,74473,64650,99383,163038,0,0,0,80989,94737,128639,0,67535,56753,100576,0,0,0,0,0,0,0,0,0,50542,90352,52867,0,0,0,0,0,0,0,0,0,0,0,0,0,0,0,0,0,0,0,0,0,0,0,0,0,0,0,0,0,0,0,0,0,0,0,0,0,0,0,0,0,0,0,0,0,0,0,0,0,0,0,0,0,0,0,0,0,0,0,0,0,0,0,0,0,0,0,0,0,0,0,0,0,0,0,0,0,"[M+H]+",287.246145,"N,N-Bis(2-hydroxyethyl)dodecanamide"
"M288_R274_1026",273.778459215335,288.066378,0,0,0,0,0,0,0,0,0,0,0,0,0,0,0,0,0,0,0,0,0,0,0,0,0,0,0,0,0,0,0,0,0,0,0,0,0,0,0,0,0,0,0,0,0,0,0,0,0,0,0,0,0,0,0,0,0,0,0,0,0,0,0,0,0,0,0,0,0,0,0,0,0,0,0,40769,64374,73687,0,0,0,0,0,0,0,0,0,0,0,0,0,151594,49673,197559,0,0,0,0,0,0,0,0,0,49118,119969,39556,0,0,0,0,0,0,0,0,0,0,0,0,0,0,0,0,0,44318,65341,45963,0,0,0,0,0,0,0,0,0,0,0,0,"[M-H]-",288.066378,"tetrasodium ethylenediaminetetraacetate"
"M288_R174_1027",174.424790558951,288.066406,0,0,0,0,0,0,0,0,0,0,0,0,0,0,0,0,0,0,0,0,0,0,0,0,0,0,0,0,0,0,0,0,0,0,0,0,0,0,0,0,0,0,0,0,0,0,0,0,0,0,0,0,0,0,0,0,0,0,0,0,0,0,0,0,0,0,0,0,0,0,0,0,0,0,0,0,0,0,21337,42852,55694,59524,36744,50585,0,0,0,0,0,0,0,90091,81140,85704,0,0,0,0,0,0,0,0,0,83892,176722,70567,0,0,0,0,0,0,0,0,0,0,0,0,0,0,0,0,0,0,0,0,0,65924,79600,72048,0,0,0,0,0,0,0,0,"[M-H]-",288.066406,"tetrasodium ethylenediaminetetraacetate"
"M288_R261_1028",260.889720655476,288.066432,0,0,0,0,0,0,0,0,0,0,0,0,0,0,0,0,0,0,0,0,0,0,0,0,0,0,0,0,0,0,0,0,0,0,0,0,0,0,0,0,0,0,0,0,0,0,0,0,0,0,0,0,0,0,0,0,0,0,0,0,0,0,0,0,0,0,0,0,0,0,0,0,0,0,0,137811,141478,209158,35414,0,0,0,112923,80769,0,0,0,0,0,0,68403,194440,121573,299337,53541,110163,0,0,0,0,0,0,82006,236886,569523,128265,61160,56771,0,0,0,104998,245334,220175,0,0,0,0,0,0,0,0,0,87495,50505,55113,0,0,0,0,0,0,0,0,0,0,0,0,"[M-H]-",288.066432,"tetrasodium ethylenediaminetetraacetate"
"M288_R207_1029",206.680773556823,288.066473,0,0,0,0,0,0,0,0,0,0,0,0,0,0,0,0,0,0,0,0,0,0,0,0,0,0,0,0,0,0,0,0,0,0,0,0,0,0,0,0,0,0,0,0,0,0,0,0,0,0,0,0,0,0,0,0,0,0,0,0,0,0,0,0,0,0,0,0,0,85722,52979,83708,0,0,0,89206,132929,145071,62021,59845,35175,60442,60702,80125,0,0,0,0,0,0,106556,91581,113083,100633,113675,62916,0,0,0,105299,93566,52632,63690,90528,110830,95660,57749,53786,0,0,0,68381,113374,89909,0,0,0,0,0,0,0,0,0,42774,50319,58080,46538,35106,60164,54973,49672,60328,0,0,0,79870,57449,51270,"[M-H]-",288.066473,"tetrasodium ethylenediaminetetraacetate"
"M288_R248_1030",247.597385894631,288.066474,0,0,0,0,0,0,0,0,0,0,0,0,0,0,0,0,0,0,0,0,0,0,0,0,0,0,0,0,0,0,0,0,0,0,0,0,0,0,0,0,0,0,0,0,0,0,0,0,0,0,0,0,0,0,0,0,0,0,0,0,0,0,0,0,0,0,0,0,0,0,0,0,0,0,0,0,0,0,35466,0,0,0,57141,54524,0,0,0,0,0,0,112542,207290,138644,195467,46143,88388,0,0,0,0,0,0,102101,266714,357898,143807,99175,58489,0,0,0,93358,174452,157167,0,0,0,0,0,0,0,0,0,115326,59879,42214,29602,98857,79427,92186,79064,56931,0,0,0,0,0,0,"[M-H]-",288.066474,"tetrasodium ethylenediaminetetraacetate"
"M288_R229_1031",229.288442777542,288.066497,0,0,0,0,0,0,0,0,0,0,0,0,0,0,0,0,0,0,0,0,0,0,0,0,0,0,0,0,0,0,0,0,0,0,0,0,0,0,0,0,0,0,0,0,0,0,0,0,0,0,0,0,0,0,0,0,0,0,0,0,0,0,0,0,0,0,0,0,0,0,0,0,0,0,0,0,0,0,67912,0,0,0,94671,80174,0,0,0,0,0,0,78249,0,0,0,46671,57602,0,0,0,0,0,0,0,0,0,0,0,0,0,0,0,89212,104443,101082,0,0,0,0,0,0,0,0,0,0,0,0,35139,0,0,0,51990,48839,0,0,0,72725,49880,82323,"[M-H]-",288.066497,"tetrasodium ethylenediaminetetraacetate"
"M288_R285_1034",285.110385940001,288.092118,0,0,0,0,0,0,0,0,0,0,0,0,0,0,0,0,0,0,0,0,0,0,0,0,0,0,0,0,0,0,0,0,0,0,0,0,0,0,0,0,0,0,0,0,0,0,0,0,0,0,0,0,0,0,0,0,0,0,0,0,0,0,0,0,0,0,0,0,0,0,0,0,0,0,0,0,0,0,0,0,0,0,0,0,0,0,0,0,0,0,0,43503,99734,57846,0,0,0,0,0,0,0,0,0,0,0,0,0,0,0,0,0,0,0,0,0,0,0,0,0,0,0,0,0,0,0,0,0,0,0,0,0,0,0,0,0,0,0,0,"[M-H]-",288.092118,"1,1'-dithiobis[hexahydro-2H-azepin-2-one]"
"M288_R385_1039",384.514897,288.172297,0,0,0,98967,66551,73539,72703,74267,90050,0,146856,153285,148698,0,0,55594,70145,81114,59160,69283,56535,0,169387,186431,147450,0,0,57998,75828,72293,62470,65960,42729,0,135379,173767,184271,0,0,72082,65023,102646,62777,91155,68420,58532,146006,158824,142194,48064,47298,70805,59045,47536,66413,49161,71481,0,125449,113197,112634,0,0,122080,141079,144248,0,0,0,0,0,0,0,0,0,0,0,0,0,0,0,0,0,0,0,0,0,0,0,0,0,0,0,0,0,0,0,0,0,0,0,0,0,0,0,0,0,0,0,0,0,0,0,0,0,0,0,0,0,0,0,0,0,0,0,0,0,0,0,0,0,0,0,0,0,0,0,0,"[M+H]+",288.172297,"11a-Hydroxy-estr-4-ene-3,17-dione,Estriol"
"M290_R394_1045",394.097674,290.187868,0,0,0,0,0,0,0,0,0,0,0,0,0,0,0,0,0,0,0,0,0,0,0,0,0,0,0,59292,49456,50738,0,0,0,0,0,0,0,0,0,0,0,0,0,0,0,0,0,0,0,0,0,0,0,0,101350,83740,56522,43009,0,0,0,41230,37456,0,0,0,0,0,0,0,0,0,0,0,0,0,0,0,0,0,0,0,0,0,0,0,0,0,0,0,0,0,0,0,0,0,0,0,0,0,0,0,0,0,0,0,0,0,0,0,0,0,0,0,0,0,0,0,0,0,0,0,0,0,0,0,0,0,0,0,0,0,0,0,0,0,0,0,"[M+H]+",290.187868,"2-ethylhexyl 4-methoxycinnamate,Ethylhexyl methoxycinnamate"
"M290_R372_1046",372.357026,290.188163,0,0,0,0,0,0,0,0,0,0,136967,202801,100242,0,0,0,0,0,106109,106514,134938,0,47288,60270,92026,0,0,78653,80591,59709,0,0,0,0,86478,84492,54617,0,0,82597,89344,82823,70968,93066,60287,0,110597,93450,99738,0,0,80648,142360,138844,141781,143028,146952,77973,147429,170411,226426,86139,61435,144943,115735,123571,149185,165902,92710,0,0,0,0,0,0,0,0,0,0,0,0,0,0,0,0,0,0,0,0,0,0,0,0,0,0,0,0,0,0,0,0,0,0,0,0,0,0,0,0,0,0,0,0,0,0,0,0,0,0,0,0,0,0,0,0,0,0,0,0,0,0,0,0,0,0,0,0,0,"[M+H]+",290.188163,"2-ethylhexyl 4-methoxycinnamate,Ethylhexyl methoxycinnamate"
"M290_R336_1047",336.195629,290.199381,98686,129176,109805,0,0,0,56524,59032,69269,131158,56239,56346,78323,146109,115097,0,0,0,0,0,0,155494,45987,68408,50090,147428,143817,101681,63274,156548,129946,161586,66188,184721,0,0,0,223884,186806,204535,181967,158537,127049,185797,109389,134336,0,0,0,142175,147604,0,0,0,0,0,0,122605,0,0,0,151147,137413,0,0,0,0,0,0,0,0,0,0,0,0,0,0,0,0,0,0,0,0,0,0,0,0,0,0,0,0,0,0,0,0,0,0,0,0,0,0,0,0,0,0,0,0,0,0,0,0,0,0,0,0,0,0,0,0,0,0,0,0,0,0,0,0,0,0,0,0,0,0,0,0,0,0,0,"[M+H]+",290.199381,"D617 (Verapanil metabolite)"
"M292_R342_1052",342.330051,292.096605,0,0,0,0,0,0,0,0,0,0,0,0,0,0,0,0,0,0,0,0,0,0,0,0,0,0,0,0,0,0,0,0,0,0,0,0,0,0,0,0,0,0,39683,53286,43174,0,0,0,0,0,0,0,0,0,0,0,0,0,0,0,0,0,0,0,0,0,0,0,0,0,0,0,0,0,0,0,0,0,0,0,0,0,0,0,0,0,0,0,0,0,0,0,0,0,0,0,0,0,0,0,0,0,0,0,0,0,0,0,0,0,0,0,0,0,0,0,0,0,0,0,0,0,0,0,0,0,0,0,0,0,0,0,0,0,0,0,0,0,"[M+H]+",292.096605,"Climbazol"
"M292_R372_1053",371.94184,292.097602,84465,88117,53457,0,0,0,0,0,0,115302,0,0,0,90678,102961,0,0,0,0,0,0,119820,0,0,0,120794,104321,69658,52891,97708,0,0,0,95664,0,0,0,145309,90407,83643,120044,86382,107600,119268,80885,87180,0,0,0,69793,73030,0,0,0,0,0,0,88342,0,0,0,81052,93101,106459,120658,55051,104234,66418,86597,0,0,0,0,0,0,0,0,0,0,0,0,0,0,0,0,0,0,0,0,0,0,0,0,0,0,0,0,0,0,0,0,0,0,0,0,0,0,0,0,0,0,0,0,0,0,0,0,0,0,0,0,0,0,0,0,0,0,0,0,0,0,0,0,0,0,0,0,0,"[M+H]+",292.097602,"Climbazol"
"M292_R425_1057",424.833412,292.276574,0,0,0,0,0,0,0,0,0,0,0,0,0,0,0,0,0,0,0,0,0,0,0,0,0,0,0,0,0,0,0,0,0,0,0,0,0,0,0,0,0,0,0,0,0,65516,277640,285183,229531,98202,61211,93601,177744,265288,253846,267209,202793,0,212638,110533,129513,0,0,99451,175280,104044,132069,113824,159800,0,0,0,0,0,0,0,0,0,0,0,0,0,0,0,0,0,0,0,0,0,0,0,0,0,0,0,0,0,0,0,0,0,0,0,0,0,0,0,0,0,0,0,0,0,0,0,0,0,0,0,0,0,0,0,0,0,0,0,0,0,0,0,0,0,0,0,0,0,"[M+H]+",292.276574,"tetradecahydro-7-isopropyl-1,4a-dimethylphenanthren-1-methanol"
"M293_R347_1059",347.188195,293.199043,0,0,0,0,0,0,85223,79905,109541,0,0,0,0,0,0,43541,59340,59870,110444,39784,54163,260000,0,0,0,223533,259249,121874,106451,122072,162086,105573,125745,237544,0,0,0,202133,216564,208374,233645,197249,234827,307158,342665,0,0,0,0,0,0,66653,43896,127589,145093,79182,104526,295151,0,0,0,243038,180861,101108,146776,30030,0,0,0,0,0,0,0,0,0,0,0,0,0,0,0,0,0,0,0,0,0,0,0,0,0,0,0,0,0,0,0,0,0,0,0,0,0,0,0,0,0,0,0,0,0,0,0,0,0,0,0,0,0,0,0,0,0,0,0,0,0,0,0,0,0,0,0,0,0,0,0,0,"[M+H]+",293.199043,"Nonivamide,Venlafaxine n-oxide"
"M293_R402_1060",402.432538,293.199046,0,0,0,0,0,0,0,0,0,0,134486,110015,119062,0,0,130599,98341,79892,131265,188871,121447,0,0,0,0,0,0,0,0,0,0,0,0,0,111742,167848,112449,0,0,169202,83679,199901,75507,177318,143401,0,0,0,0,0,0,0,0,0,0,0,0,59558,206787,118912,207366,86887,88926,0,0,0,0,0,0,0,0,0,0,0,0,0,0,0,0,0,0,0,0,0,0,0,0,0,0,0,0,0,0,0,0,0,0,0,0,0,0,0,0,0,0,0,0,0,0,0,0,0,0,0,0,0,0,0,0,0,0,0,0,0,0,0,0,0,0,0,0,0,0,0,0,0,0,0,"[M+H]+",293.199046,"Nonivamide,Venlafaxine n-oxide"
"M296_R282_1071",282.245198139942,296.071838,0,0,0,0,0,0,0,0,0,0,0,0,0,0,0,0,0,0,0,0,0,0,0,0,0,0,0,0,0,0,0,0,0,0,0,0,0,0,0,0,0,0,0,0,0,0,0,0,0,0,0,0,0,0,0,0,0,0,0,0,0,0,0,0,0,0,0,0,0,0,0,0,0,0,0,0,0,0,0,0,0,0,0,0,0,0,0,0,0,0,0,71534,72703,86615,0,0,0,0,0,0,0,0,0,0,0,0,0,0,0,0,0,0,0,0,0,0,0,0,0,0,0,0,0,0,0,0,0,0,0,0,0,0,0,0,0,0,0,0,"[M-H]-",296.071838,"Octamethylcyclotetrasiloxane"
"M296_R297_1072",297.125780671443,296.071863,0,0,0,0,0,0,0,0,0,0,0,0,0,0,0,0,0,0,0,0,0,0,0,0,0,0,0,0,0,0,0,0,0,0,0,0,0,0,0,0,0,0,0,0,0,0,0,0,0,0,0,0,0,0,0,0,0,0,0,0,0,0,0,0,0,0,0,0,0,0,0,0,0,0,0,0,0,0,0,0,0,0,0,0,0,0,0,0,0,0,0,59203,35276,60110,0,0,0,0,0,0,0,0,0,0,0,0,0,0,0,0,0,0,0,0,0,0,0,0,0,0,0,0,0,0,0,0,0,0,0,0,0,0,0,0,0,0,0,0,"[M-H]-",296.071863,"Octamethylcyclotetrasiloxane"
"M296_R400_1075",400.01859,296.125852,0,0,0,0,0,0,0,0,0,0,0,0,0,0,0,0,0,0,0,0,0,0,0,0,0,0,0,0,0,0,0,0,0,0,0,0,0,0,0,0,0,0,0,0,0,67599,0,0,0,84690,76354,0,0,0,0,0,0,0,0,0,0,0,0,0,0,0,0,0,0,0,0,0,0,0,0,0,0,0,0,0,0,0,0,0,0,0,0,0,0,0,0,0,0,0,0,0,0,0,0,0,0,0,0,0,0,0,0,0,0,0,0,0,0,0,0,0,0,0,0,0,0,0,0,0,0,0,0,0,0,0,0,0,0,0,0,0,0,0,"[M+H]+",296.125852,"Deoxynivalenol"
"M297_R202_1082",201.54358,297.105889,0,0,0,0,0,0,88652,86324,162388,0,115742,119421,122474,0,0,0,0,0,143351,87803,84424,164899,229991,125816,265122,121202,158647,0,0,0,164352,105818,82711,103017,209947,261955,140971,150371,145701,133512,55663,87502,209059,98181,168709,0,137158,127165,107870,0,0,115272,120959,105520,79052,114038,145429,147296,211213,118968,211365,144016,102215,158641,136715,88207,130349,54017,142410,0,0,0,0,0,0,0,0,0,0,0,0,0,0,0,0,0,0,0,0,0,0,0,0,0,0,0,0,0,0,0,0,0,0,0,0,0,0,0,0,0,0,0,0,0,0,0,0,0,0,0,0,0,0,0,0,0,0,0,0,0,0,0,0,0,0,0,0,0,"[M+H]+",297.105889,"N-[6,9-dihydro-9-[[2-hydroxy-1-(hydroxymethyl)ethoxy]methyl]-6-oxo-1H-purin-2-yl]acetamide"
"M297_R212_1083",211.530519,297.105899,63556,62132,59017,90055,157963,195620,120767,122772,232629,0,184372,170359,187096,0,0,0,0,0,166930,141743,136796,301838,379767,204619,383205,255091,310496,102205,98526,183896,242690,176131,167554,246851,337477,372289,256048,289680,265851,216833,177695,177128,297283,334818,274912,0,243540,219189,216950,0,0,156352,155204,217821,280584,192888,212547,300194,367554,175089,348149,284081,245230,253983,242469,175238,371716,295494,277976,0,0,0,0,0,0,0,0,0,0,0,0,0,0,0,0,0,0,0,0,0,0,0,0,0,0,0,0,0,0,0,0,0,0,0,0,0,0,0,0,0,0,0,0,0,0,0,0,0,0,0,0,0,0,0,0,0,0,0,0,0,0,0,0,0,0,0,0,0,"[M+H]+",297.105899,"N-[6,9-dihydro-9-[[2-hydroxy-1-(hydroxymethyl)ethoxy]methyl]-6-oxo-1H-purin-2-yl]acetamide"
"M297_R400_1088",400.176028,297.266768,83760,161187,74103,84463,91542,60030,0,0,0,71461,0,0,0,62996,71801,68060,59969,85221,0,0,0,54039,0,0,0,60939,86118,0,0,0,0,0,0,0,0,0,0,0,0,73587,86139,86839,0,0,0,74714,0,0,0,77971,89870,94011,54954,91821,0,0,0,0,0,0,0,0,0,56132,98019,106453,75216,50370,52570,0,0,0,0,0,0,0,0,0,0,0,0,0,0,0,0,0,0,0,0,0,0,0,0,0,0,0,0,0,0,0,0,0,0,0,0,0,0,0,0,0,0,0,0,0,0,0,0,0,0,0,0,0,0,0,0,0,0,0,0,0,0,0,0,0,0,0,0,0,"[M+H]+",297.266768,"Spiroxamine"
"M298_R234_1089",234.242784765612,298.051256,0,0,0,0,0,0,0,0,0,0,0,0,0,0,0,0,0,0,0,0,0,0,0,0,0,0,0,0,0,0,0,0,0,0,0,0,0,0,0,0,0,0,0,0,0,0,0,0,0,0,0,0,0,0,0,0,0,0,0,0,0,0,0,0,0,0,0,0,0,0,0,0,0,0,0,38470,39913,38027,0,0,0,0,0,0,0,0,0,0,0,0,0,0,0,0,0,0,0,0,0,0,0,0,0,0,0,0,0,0,0,0,0,0,0,0,0,0,0,0,0,0,0,0,0,0,0,0,0,0,0,0,0,0,0,0,0,0,0,0,"[M-H]-",298.051256,"1,6_3,4-Dianhydro-2-O-tosyl-_-D-galactopyranose,Phoxime"
"M298_R255_1090",254.874509733661,298.051263,0,0,0,0,0,0,0,0,0,0,0,0,0,0,0,0,0,0,0,0,0,0,0,0,0,0,0,0,0,0,0,0,0,0,0,0,0,0,0,0,0,0,0,0,0,0,0,0,0,0,0,0,0,0,0,0,0,0,0,0,0,0,0,0,0,0,0,0,0,0,0,0,0,0,0,51696,37301,69608,0,0,0,0,0,0,0,0,0,0,0,0,0,0,0,0,0,0,0,0,0,0,0,0,0,0,0,0,0,0,0,0,0,0,0,0,0,0,0,0,0,0,0,0,0,0,0,0,0,0,0,0,0,0,0,0,0,0,0,0,"[M-H]-",298.051263,"1,6_3,4-Dianhydro-2-O-tosyl-_-D-galactopyranose,Phoxime"
"M298_R316_1092",315.582665281264,298.123615,0,0,0,0,0,0,0,0,0,0,0,0,0,0,0,0,0,0,0,0,0,0,0,0,0,0,0,0,0,0,0,0,0,0,0,0,0,0,0,0,0,0,0,0,0,0,0,0,0,0,0,0,0,0,0,0,0,0,0,0,0,0,0,0,0,0,0,0,0,0,0,0,0,0,0,127878,66687,104934,0,0,0,0,0,0,0,0,0,0,0,0,0,0,0,0,0,0,0,0,0,0,0,0,0,0,0,0,0,0,0,0,0,0,0,0,0,0,0,0,0,0,0,0,0,0,0,0,0,0,0,0,0,0,0,0,0,0,0,0,"[M-H]-",298.123615,"Enterolactone,zinc O,O,O,O-tetrakis(1,3-dimethylbutyl) bis(phosphorodithioate)"
"M298_R405_1093",404.561353,298.155356,62403,75242,93966,0,0,0,0,0,0,0,157394,173331,155748,0,0,204159,131857,107925,136959,199936,164810,44106,0,0,0,52895,70730,62672,65624,64070,0,0,0,0,127599,224093,188153,0,0,182631,114543,166010,0,0,0,50422,0,0,0,21707,29070,0,0,0,0,0,0,40731,254278,272887,252603,109489,104395,94600,54893,34179,118913,111786,131933,0,0,0,0,0,0,0,0,0,0,0,0,0,0,0,0,0,0,0,0,0,0,0,0,0,0,0,0,0,0,0,0,0,0,0,0,0,0,0,0,0,0,0,0,0,0,0,0,0,0,0,0,0,0,0,0,0,0,0,0,0,0,0,0,0,0,0,0,0,"[M+H]+",298.155356,"Benzenesulfonic acid, C10-60-alkyl derivs., calcium salts,Triisobutyl phosphate-TP9"
"M298_R411_1094",411.111472,298.250918,66454,69822,61081,83542,68685,56062,0,0,0,0,76200,67396,75759,0,0,0,0,0,55383,54102,51637,0,67501,58121,65860,0,0,0,0,0,89543,59943,78171,0,73910,56781,64064,0,0,0,0,0,81175,58480,71559,0,0,0,0,0,0,0,0,0,0,0,0,0,0,0,0,0,0,70480,80185,65715,0,0,0,0,0,0,0,0,0,0,0,0,0,0,0,0,0,0,0,0,0,0,0,0,0,0,0,0,0,0,0,0,0,0,0,0,0,0,0,0,0,0,0,0,0,0,0,0,0,0,0,0,0,0,0,0,0,0,0,0,0,0,0,0,0,0,0,0,0,0,0,0,"[M+H]+",298.250918,"(9Z,12R)-12-Hydroxyoctadec-9-enoic acid"
"M300_R158_1103",157.623206873378,300.06651,0,0,0,0,0,0,0,0,0,0,0,0,0,0,0,0,0,0,0,0,0,0,0,0,0,0,0,0,0,0,0,0,0,0,0,0,0,0,0,0,0,0,0,0,0,0,0,0,0,0,0,0,0,0,0,0,0,0,0,0,0,0,0,0,0,0,0,0,0,0,0,0,0,0,0,0,0,0,0,0,0,0,0,0,0,0,0,0,0,0,0,0,0,0,0,0,0,0,0,0,0,0,0,33377,42280,30874,0,0,0,0,0,0,0,0,0,0,0,0,0,0,0,0,0,0,0,0,0,0,0,0,0,0,0,0,0,0,0,0,"[M-H]-",300.06651,"2-[(3-methyl-4-nitropyridin-2-yl)methylsulfanyl]-1H-benzimidazole,Clobazam,Isofusidienol A,Sulfamethazine-TP7,Temazepam"
"M300_R240_1104",240.43835919141,300.06658,0,0,0,0,0,0,0,0,0,0,0,0,0,0,0,0,0,0,0,0,0,0,0,0,0,0,0,0,0,0,0,0,0,0,0,0,0,0,0,0,0,0,0,0,0,0,0,0,0,0,0,0,0,0,0,0,0,0,0,0,0,0,0,0,0,0,0,0,0,0,0,0,307354,216891,176720,331036,410726,428459,0,83808,53658,97492,0,0,48793,108750,163156,100683,192564,94267,0,0,0,0,0,0,0,0,0,0,0,0,0,0,0,0,0,0,44701,48355,31054,0,0,0,0,0,0,0,0,0,0,0,0,0,0,0,0,0,0,0,0,0,0,0,0,0,0,0,"[M-H]-",300.06658,"2-[(3-methyl-4-nitropyridin-2-yl)methylsulfanyl]-1H-benzimidazole,Clobazam,Isofusidienol A,Sulfamethazine-TP7,Temazepam"
"M300_R387_1105",387.007055,300.066612,141416,132070,130883,81516,53432,52065,106645,77586,86610,93844,0,0,0,94442,95451,0,0,0,0,0,0,182357,178478,198655,165947,186574,158833,116559,59473,204281,124746,170673,56931,205511,170971,161115,221181,207820,194221,148306,182363,190919,180382,191530,157022,182893,78320,105149,127164,181289,114436,0,0,0,0,0,0,74145,99934,116841,94520,159016,152810,131221,177507,113683,130245,83200,129406,0,0,0,0,0,0,0,0,0,0,0,0,0,0,0,0,0,0,0,0,0,0,0,0,0,0,0,0,0,0,0,0,0,0,0,0,0,0,0,0,0,0,0,0,0,0,0,0,0,0,0,0,0,0,0,0,0,0,0,0,0,0,0,0,0,0,0,0,0,"[M+H]+",300.066612,"2-[(3-methyl-4-nitropyridin-2-yl)methylsulfanyl]-1H-benzimidazole,Clobazam,Isofusidienol A,Sulfamethazine-TP7,Temazepam"
"M300_R208_1106",207.870887705197,300.066703,0,0,0,0,0,0,0,0,0,0,0,0,0,0,0,0,0,0,0,0,0,0,0,0,0,0,0,0,0,0,0,0,0,0,0,0,0,0,0,0,0,0,0,0,0,0,0,0,0,0,0,0,0,0,0,0,0,0,0,0,0,0,0,0,0,0,0,0,0,0,0,0,0,0,0,0,0,0,0,0,0,0,0,0,0,0,0,0,0,0,0,0,0,0,0,0,0,0,0,0,0,0,0,0,0,0,0,0,88133,47320,52932,0,0,0,0,0,0,0,0,0,0,0,0,0,0,0,0,68281,78377,78857,0,0,0,0,0,0,0,0,"[M-H]-",300.066703,"2-[(3-methyl-4-nitropyridin-2-yl)methylsulfanyl]-1H-benzimidazole,Clobazam,Isofusidienol A,Sulfamethazine-TP7,Temazepam"
"M300_R326_1110",326.324089,300.154789,0,0,0,0,0,0,0,0,0,0,0,0,0,0,0,0,0,0,0,0,0,0,0,0,0,0,0,66400,75235,52303,0,0,0,0,0,0,0,0,0,48062,56066,49924,0,0,0,0,0,0,0,0,0,73761,64443,56092,62947,63835,55922,72936,0,0,0,52303,79984,118210,116053,109227,83587,71375,98089,0,0,0,0,0,0,0,0,0,0,0,0,0,0,0,0,0,0,0,0,0,0,0,0,0,0,0,0,0,0,0,0,0,0,0,0,0,0,0,0,0,0,0,0,0,0,0,0,0,0,0,0,0,0,0,0,0,0,0,0,0,0,0,0,0,0,0,0,0,"[M+H]+",300.154789,"(1-methyl-1,2-ethanediyl)bis[oxy(methyl-2,1-ethanediyl)] diacrylate"
"M300_R380_1111",379.765954,300.172052,0,0,0,0,0,0,0,0,0,0,100290,79523,55502,0,0,69474,57286,59291,70931,85763,67650,0,0,0,0,0,0,0,0,0,0,0,0,0,0,0,0,0,0,0,0,0,0,0,0,0,0,0,0,0,0,0,0,0,0,0,0,0,0,0,0,0,0,0,0,0,0,0,0,0,0,0,0,0,0,0,0,0,0,0,0,0,0,0,0,0,0,0,0,0,0,0,0,0,0,0,0,0,0,0,0,0,0,0,0,0,0,0,0,0,0,0,0,0,0,0,0,0,0,0,0,0,0,0,0,0,0,0,0,0,0,0,0,0,0,0,0,0,"[M+H]+",300.172052,"Adrenosterone"
"M301_R337_1113",337.003471,301.144541,0,0,0,0,0,0,0,0,0,0,0,0,0,0,0,0,0,0,0,0,0,0,0,0,0,0,0,0,0,0,0,0,0,0,0,0,0,0,0,0,0,0,0,0,0,0,0,0,0,0,0,0,0,0,0,0,0,0,0,0,0,0,0,0,0,0,462715,338844,567955,0,0,0,0,0,0,0,0,0,0,0,0,0,0,0,0,0,0,0,0,0,0,0,0,0,0,0,0,0,0,0,0,0,0,0,0,0,0,0,0,0,0,0,0,0,0,0,0,0,0,0,0,0,0,0,0,0,0,0,0,0,0,0,0,0,0,0,0,0,"[M+H]+",301.144541,"Citalopram-TP16,Oxprenolol"
"M301_R411_1115",410.724871,301.238258,133011,271077,77466,92242,143648,76621,0,0,0,170411,0,0,0,75268,116354,55848,58293,131377,0,0,0,0,0,0,0,0,0,0,0,0,0,0,0,0,0,0,0,0,0,0,0,0,0,0,0,56730,0,0,0,114824,56818,0,0,0,0,0,0,0,0,0,0,0,0,0,0,0,0,0,0,0,0,0,0,0,0,0,0,0,0,0,0,0,0,0,0,0,0,0,0,0,0,0,0,0,0,0,0,0,0,0,0,0,0,0,0,0,0,0,0,0,0,0,0,0,0,0,0,0,0,0,0,0,0,0,0,0,0,0,0,0,0,0,0,0,0,0,0,0,"[M+H]+",301.238258,"Trihexyphenidyl"
"M302_R197_1119",196.959484146446,302.009213,0,0,0,0,0,0,0,0,0,0,0,0,0,0,0,0,0,0,0,0,0,0,0,0,0,0,0,0,0,0,0,0,0,0,0,0,0,0,0,0,0,0,0,0,0,0,0,0,0,0,0,0,0,0,0,0,0,0,0,0,0,0,0,0,0,0,0,0,0,0,0,0,0,0,0,62339,70448,70810,0,0,0,0,0,0,0,0,0,0,0,0,0,0,0,0,0,0,0,0,0,0,0,0,0,0,0,0,0,0,0,0,0,0,0,0,0,0,0,0,0,0,0,0,0,0,0,0,0,0,0,0,0,0,0,0,0,0,0,0,"[M-H]-",302.009213,"Clofentezine"
"M302_R250_1130",250.288927957532,302.082055,0,0,0,0,0,0,0,0,0,0,0,0,0,0,0,0,0,0,0,0,0,0,0,0,0,0,0,0,0,0,0,0,0,0,0,0,0,0,0,0,0,0,0,0,0,0,0,0,0,0,0,0,0,0,0,0,0,0,0,0,0,0,0,0,0,0,0,0,0,0,0,0,0,0,0,136484,77737,132478,57089,0,0,0,57502,66549,0,0,0,0,0,0,72290,0,0,0,47874,53326,0,0,0,0,0,0,0,0,0,0,0,0,0,0,0,0,0,0,0,0,0,0,0,0,0,0,0,0,0,0,0,0,0,0,0,0,0,0,0,0,0,0,"[M-H]-",302.082055,"ammonium iron(III) trimethylenediaminetetraacetate hemihydrate"
"M302_R185_1131",184.958066185773,302.082137,0,0,0,0,0,0,0,0,0,0,0,0,0,0,0,0,0,0,0,0,0,0,0,0,0,0,0,0,0,0,0,0,0,0,0,0,0,0,0,0,0,0,0,0,0,0,0,0,0,0,0,0,0,0,0,0,0,0,0,0,0,0,0,0,0,0,0,0,0,81177,77564,45494,0,0,0,58208,57678,84494,55536,0,0,0,52095,63420,0,0,0,0,0,0,45195,0,0,0,41031,33162,0,0,0,0,0,0,0,0,0,0,0,0,0,0,0,0,0,0,0,0,0,0,0,0,0,0,0,0,0,0,0,0,0,0,0,0,0,0,0,0,0,0,"[M-H]-",302.082137,"ammonium iron(III) trimethylenediaminetetraacetate hemihydrate"
"M303_R415_1136",415.156766,303.253877,1034482,1500523,451567,0,0,0,113930,630463,479503,1276869,0,0,0,538508,534071,0,0,0,0,0,0,208931,0,0,0,171133,128777,111418,182863,240799,0,0,0,119639,0,0,0,217245,245081,347837,473842,309949,0,0,0,0,0,0,0,0,0,0,0,0,0,0,0,281303,0,0,0,298789,73692,460475,606381,629521,147468,81299,216252,0,0,0,0,0,0,0,0,0,0,0,0,0,0,0,0,0,0,0,0,0,0,0,0,0,0,0,0,0,0,0,0,0,0,0,0,0,0,0,0,0,0,0,0,0,0,0,0,0,0,0,0,0,0,0,0,0,0,0,0,0,0,0,0,0,0,0,0,0,"[M+H]+",303.253877,"Fenpropimorph"
"M306_R289_1148",288.857037,306.108715,0,0,0,0,0,0,0,0,0,0,64440,65383,81125,0,0,0,0,0,0,0,0,0,104273,141411,53427,0,0,0,0,0,0,0,0,0,53488,47530,57758,0,0,0,0,0,0,0,0,0,0,0,0,0,0,0,0,0,0,0,0,0,0,0,0,0,0,0,0,0,0,0,0,0,0,0,0,0,0,0,0,0,0,0,0,0,0,0,0,0,0,0,0,0,0,0,0,0,0,0,0,0,0,0,0,0,0,0,0,0,0,0,0,0,0,0,0,0,0,0,0,0,0,0,0,0,0,0,0,0,0,0,0,0,0,0,0,0,0,0,0,0,"[M+H]+",306.108715,"Fluconazole"
"M307_R333_1153",332.837774,307.043291,262836,398245,350036,56317,66852,84404,161876,193713,205671,0,0,0,0,0,0,91114,222660,197082,208576,180700,104438,573399,0,0,0,532372,467486,292947,179495,380089,344824,400055,215518,369984,0,0,0,550726,473351,239050,405438,361803,452176,534985,331538,389016,0,0,0,402119,390326,0,0,0,169922,141655,125545,427539,0,0,0,407606,311060,0,0,0,0,0,0,0,0,0,0,0,0,0,0,0,0,0,0,0,0,0,0,0,0,0,0,0,0,0,0,0,0,0,0,0,0,0,0,0,0,0,0,0,0,0,0,0,0,0,0,0,0,0,0,0,0,0,0,0,0,0,0,0,0,0,0,0,0,0,0,0,0,0,0,0,"[M+H]+",307.043291,"Clopidogrel carboxylic acid,Poly(difluoromethylene), .alpha.,.alpha.'-[phosphinicobis(oxy-2,1-ethanediyl)]bis[.omega.-fluoro-, ammonium salt (1_1)"
"M308_R287_1160",287.358020180212,308.035307,0,0,0,0,0,0,0,0,0,0,0,0,0,0,0,0,0,0,0,0,0,0,0,0,0,0,0,0,0,0,0,0,0,0,0,0,0,0,0,0,0,0,0,0,0,0,0,0,0,0,0,0,0,0,0,0,0,0,0,0,0,0,0,0,0,0,0,0,0,0,0,0,0,0,0,126593,87823,85389,0,0,0,0,0,0,0,0,0,0,0,0,0,110922,91380,84479,0,0,0,0,0,0,0,0,0,0,0,0,0,0,0,0,0,0,0,0,0,0,0,0,0,0,0,0,0,67053,61517,50868,0,0,0,0,0,0,0,0,0,0,0,0,"[M-H]-",308.035307,"Sulisobenzone,Tris(3-chloropropyl) phosphate-TP1,methyl 2-{[(4-hydroxyphenyl)sulfonyl]oxy}benzoate"
"M308_R360_1162",360.175040804127,308.144384,0,0,0,0,0,0,0,0,0,0,0,0,0,0,0,0,0,0,0,0,0,0,0,0,0,0,0,0,0,0,0,0,0,0,0,0,0,0,0,0,0,0,0,0,0,0,0,0,0,0,0,0,0,0,0,0,0,0,0,0,0,0,0,0,0,0,0,0,0,0,0,0,0,0,0,0,0,0,0,0,0,0,0,0,0,0,0,0,0,0,0,110851,115478,65114,0,0,0,0,0,0,0,0,0,0,0,0,0,0,0,0,0,0,0,0,0,0,0,0,0,0,0,0,0,0,0,0,0,0,0,0,0,0,0,0,0,0,0,0,"[M-H]-",308.144384,"Reaction mass of (2E)-2-Benylidene-5,6-dimethoxy-3,3-dimethylindan-1-one and (2Z)-2-Benylidene-5,6-dimethoxy-3,3-dimethylindan-1-one"
"M308_R360_1164",359.862321,308.173231,98988,85933,70612,0,0,0,59802,50598,80761,99008,0,0,0,60776,106964,0,0,0,0,0,0,72634,0,0,0,79936,78474,0,0,0,0,0,0,0,0,0,0,0,0,0,0,0,0,0,0,84094,0,0,0,70601,46022,0,0,0,0,0,0,0,0,0,0,0,0,0,0,0,0,0,0,0,0,0,0,0,0,0,0,0,0,0,0,0,0,0,0,0,0,0,0,0,0,0,0,0,0,0,0,0,0,0,0,0,0,0,0,0,0,0,0,0,0,0,0,0,0,0,0,0,0,0,0,0,0,0,0,0,0,0,0,0,0,0,0,0,0,0,0,0,"[M+H]+",308.173231,"Baquiloprim"
"M308_R314_1165",313.750141,308.173501,0,0,0,0,0,0,70621,82464,67245,0,0,0,0,0,0,0,0,0,0,0,0,0,0,0,0,0,0,0,0,0,0,0,0,0,0,0,0,0,0,0,0,0,0,0,0,0,0,0,0,0,0,0,0,0,0,0,0,0,0,0,0,0,0,0,0,0,0,0,0,0,0,0,0,0,0,0,0,0,0,0,0,0,0,0,0,0,0,0,0,0,0,0,0,0,0,0,0,0,0,0,0,0,0,0,0,0,0,0,0,0,0,0,0,0,0,0,0,0,0,0,0,0,0,0,0,0,0,0,0,0,0,0,0,0,0,0,0,0,"[M+H]+",308.173501,"Baquiloprim"
"M309_R333_1169",332.86209,309.040317,0,0,0,0,0,0,72820,64255,75103,0,0,0,0,0,0,0,0,0,0,0,0,197295,0,0,0,200731,178863,96937,71977,172249,137065,156104,80220,0,0,0,0,0,0,155014,148639,147151,0,0,0,0,0,0,0,0,0,0,0,0,53744,59260,53360,142037,0,0,0,158762,122816,0,0,0,0,0,0,0,0,0,0,0,0,0,0,0,0,0,0,0,0,0,0,0,0,0,0,0,0,0,0,0,0,0,0,0,0,0,0,0,0,0,0,0,0,0,0,0,0,0,0,0,0,0,0,0,0,0,0,0,0,0,0,0,0,0,0,0,0,0,0,0,0,0,0,0,"[M+H]+",309.040317,"Ethanone, 1-(4-chlorophenyl)-2,2,2-trifluoro-, O-(1,3-dioxolan-2-ylmethyl)oxime"
"M309_R518_1171",518.42829,309.20927,60832,53225,50073,0,0,0,0,0,0,69683,0,0,0,58700,70926,0,0,0,0,0,0,79468,0,0,0,76483,62115,0,0,0,0,0,0,73822,0,0,0,90246,75977,71071,76727,71167,0,0,0,54372,0,0,0,52455,49900,0,0,0,0,0,0,56087,0,0,0,59086,59553,0,0,0,0,0,0,0,0,0,0,0,0,0,0,0,0,0,0,0,0,0,0,0,0,0,0,0,0,0,0,0,0,0,0,0,0,0,0,0,0,0,0,0,0,0,0,0,0,0,0,0,0,0,0,0,0,0,0,0,0,0,0,0,0,0,0,0,0,0,0,0,0,0,0,0,"[M+H]+",309.20927,"Methadone"
"M309_R529_1172",528.907826,309.209469,0,0,0,0,0,0,0,0,0,0,0,0,0,0,0,0,0,0,0,0,0,0,0,0,0,0,0,0,0,0,0,0,0,0,0,0,0,0,0,0,0,0,60733,76157,69730,0,0,0,0,0,0,0,0,0,0,0,0,0,0,0,0,0,0,0,0,0,0,0,0,0,0,0,0,0,0,0,0,0,0,0,0,0,0,0,0,0,0,0,0,0,0,0,0,0,0,0,0,0,0,0,0,0,0,0,0,0,0,0,0,0,0,0,0,0,0,0,0,0,0,0,0,0,0,0,0,0,0,0,0,0,0,0,0,0,0,0,0,0,"[M+H]+",309.209469,"Methadone"
"M310_R324_1180",323.763058641826,310.123776,0,0,0,0,0,0,0,0,0,0,0,0,0,0,0,0,0,0,0,0,0,0,0,0,0,0,0,0,0,0,0,0,0,0,0,0,0,0,0,0,0,0,0,0,0,0,0,0,0,0,0,0,0,0,0,0,0,0,0,0,0,0,0,0,0,0,0,0,0,0,0,0,0,0,0,168708,82268,166460,0,0,0,0,0,0,0,0,0,0,0,0,0,65147,132121,63123,0,0,0,0,0,0,0,0,0,0,0,0,0,0,0,0,0,0,0,0,0,0,0,0,0,0,0,0,0,0,0,0,0,0,0,0,0,0,0,0,0,0,0,0,"[M-H]-",310.123776,"(R)-4-hydroxy-3-(3-oxo-1-phenylbutyl)-2-benzopyrone,Decamethyltetrasiloxane (MD2M),Sucralose-TP54,Sucralose-TP86"
"M310_R241_1181",241.105011,310.126122,0,0,0,41247,132935,77295,81948,52228,107587,0,56412,61450,64394,0,0,0,0,0,0,0,0,193936,141420,59967,148080,102568,68608,77013,80782,42602,0,0,0,0,0,0,0,0,0,0,0,0,36880,79423,49446,0,0,0,0,0,0,0,0,0,0,0,0,25428,98541,69585,111762,40671,50904,92535,101938,83208,84779,69902,88524,0,0,0,0,0,0,0,0,0,0,0,0,0,0,0,0,0,0,0,0,0,0,0,0,0,0,0,0,0,0,0,0,0,0,0,0,0,0,0,0,0,0,0,0,0,0,0,0,0,0,0,0,0,0,0,0,0,0,0,0,0,0,0,0,0,0,0,0,0,"[M+H]+",310.126122,"Decamethyltetrasiloxane (MD2M),Sucralose-TP54,Sucralose-TP86"
"M310_R357_1182",356.991738,310.148299,104089,78616,66039,0,0,0,0,0,0,101183,0,0,0,80312,139103,0,0,0,0,0,0,0,0,0,0,0,0,0,0,0,0,0,0,0,0,0,0,0,0,0,0,0,0,0,0,0,0,0,0,0,0,0,0,0,0,0,0,0,0,0,0,0,0,0,0,0,0,0,0,0,0,0,0,0,0,0,0,0,0,0,0,0,0,0,0,0,0,0,0,0,0,0,0,0,0,0,0,0,0,0,0,0,0,0,0,0,0,0,0,0,0,0,0,0,0,0,0,0,0,0,0,0,0,0,0,0,0,0,0,0,0,0,0,0,0,0,0,0,"[M+H]+",310.148299,"Citalopram-TP4,Desmethylcitalopram"
"M310_R364_1183",363.936746217774,310.160147,0,0,0,0,0,0,0,0,0,0,0,0,0,0,0,0,0,0,0,0,0,0,0,0,0,0,0,0,0,0,0,0,0,0,0,0,0,0,0,0,0,0,0,0,0,0,0,0,0,0,0,0,0,0,0,0,0,0,0,0,0,0,0,0,0,0,0,0,0,0,0,0,0,0,0,214259,58301,97381,0,133763,246833,71569,0,0,99282,68803,143332,0,0,0,0,303363,395217,133185,0,0,0,0,0,0,0,0,0,0,0,0,0,0,0,0,0,0,0,0,0,0,0,0,0,0,0,0,0,0,0,0,0,0,0,0,0,0,0,0,0,0,0,0,"[M-H]-",310.160147,"1-(4-tert-Butylphenyl)-3-(4-methoxyphenyl)propane-1,3-dione"
"M311_R330_1192",330.10375,311.109375,0,0,0,0,0,0,0,0,0,0,0,0,0,0,0,0,0,0,0,0,0,38098,0,0,0,49582,31239,0,0,0,0,0,0,55870,0,0,0,82692,52533,0,0,0,0,0,0,0,0,0,0,0,0,0,0,0,0,0,0,0,0,0,0,0,0,123640,124291,73631,69827,53229,69062,0,0,0,0,0,0,0,0,0,0,0,0,0,0,0,0,0,0,0,0,0,0,0,0,0,0,0,0,0,0,0,0,0,0,0,0,0,0,0,0,0,0,0,0,0,0,0,0,0,0,0,0,0,0,0,0,0,0,0,0,0,0,0,0,0,0,0,0,0,"[M+H]+",311.109375,"Fenamidone"
"M311_R354_1194",354.422434,311.165287,0,0,0,0,0,0,0,0,0,0,0,0,0,0,0,0,0,0,0,0,0,0,0,0,0,0,0,0,0,0,0,0,0,0,0,0,0,0,0,0,0,0,0,0,0,0,0,0,0,0,0,0,0,0,0,0,0,0,0,0,0,0,0,0,0,0,155872,98606,174579,0,0,0,0,0,0,0,0,0,0,0,0,0,0,0,0,0,0,0,0,0,0,0,0,0,0,0,0,0,0,0,0,0,0,0,0,0,0,0,0,0,0,0,0,0,0,0,0,0,0,0,0,0,0,0,0,0,0,0,0,0,0,0,0,0,0,0,0,0,"[M+H]+",311.165287,"3-(methacryloylamino)-N,N-dimethylpropan-1-aminium 4-(C10-13-sec-alkyl)benzenesulfonate"
"M312_R213_1200",213.441102305183,312.066826,0,0,0,0,0,0,0,0,0,0,0,0,0,0,0,0,0,0,0,0,0,0,0,0,0,0,0,0,0,0,0,0,0,0,0,0,0,0,0,0,0,0,0,0,0,0,0,0,0,0,0,0,0,0,0,0,0,0,0,0,0,0,0,0,0,0,0,0,0,0,0,0,0,0,0,70325,65371,46912,0,0,0,0,0,0,0,0,0,0,0,0,0,0,0,0,0,0,0,0,0,0,0,0,0,0,0,0,0,0,0,0,0,0,0,0,0,0,0,0,0,0,0,0,0,0,0,0,0,0,0,0,0,0,0,0,0,0,0,0,"[M-H]-",312.066826,"Lonazolac"
"M312_R327_1203",327.378684257762,312.139336,0,0,0,0,0,0,0,0,0,0,0,0,0,0,0,0,0,0,0,0,0,0,0,0,0,0,0,0,0,0,0,0,0,0,0,0,0,0,0,0,0,0,0,0,0,0,0,0,0,0,0,0,0,0,0,0,0,0,0,0,0,0,0,0,0,0,0,0,0,0,0,0,115005,115774,69671,125395,117372,197123,0,0,0,0,0,0,45643,65287,50230,0,0,0,0,0,0,0,0,0,0,0,0,0,0,0,0,0,0,0,0,0,0,0,0,0,0,0,0,0,0,0,0,0,0,0,0,0,0,0,0,0,0,0,0,0,0,0,0,0,0,0,"[M-H]-",312.139336,"Benzylbutylphthalate"
"M312_R375_1204",375.475601,312.147515,0,0,0,0,0,0,0,0,0,0,0,0,0,0,0,0,0,0,0,0,0,0,0,0,0,0,0,0,0,0,0,0,0,108188,0,0,0,169678,127081,110524,112764,127805,107886,157750,124434,0,0,0,0,0,0,0,0,0,0,0,0,0,0,0,0,0,0,0,0,0,0,0,0,0,0,0,0,0,0,0,0,0,0,0,0,0,0,0,0,0,0,0,0,0,0,0,0,0,0,0,0,0,0,0,0,0,0,0,0,0,0,0,0,0,0,0,0,0,0,0,0,0,0,0,0,0,0,0,0,0,0,0,0,0,0,0,0,0,0,0,0,0,"[M+H]+",312.147515,"N-(2-ethoxyphenyl)-N'-(2-ethylphenyl)oxamide"
"M312_R306_1205",306.090657570485,312.157176,0,0,0,0,0,0,0,0,0,0,0,0,0,0,0,0,0,0,0,0,0,0,0,0,0,0,0,0,0,0,0,0,0,0,0,0,0,0,0,0,0,0,0,0,0,0,0,0,0,0,0,0,0,0,0,0,0,0,0,0,0,0,0,0,0,0,0,0,0,0,0,0,0,0,0,0,0,0,0,0,0,0,0,0,0,0,0,0,0,0,0,0,0,0,0,0,0,0,0,0,0,0,0,0,0,0,0,0,0,0,0,0,0,0,0,0,0,0,0,0,0,0,0,43122,48535,38870,0,0,0,0,0,0,0,0,0,0,0,0,"[M-H]-",312.157176,"2-(2-Ethoxyphenyl)-5-methyl-7-propylimidazo-[5,1-f][1,2,4]triazin-4(3H)-one"
"M312_R230_1206",229.583569,312.178395,0,0,0,172988,94265,116160,271787,134114,414493,0,131484,89297,109559,0,0,53990,78959,68732,113102,144202,91205,0,263645,289550,259556,0,0,123663,94838,177424,222496,284617,127654,0,158592,167076,100330,0,0,115953,124263,82984,155849,123412,145321,0,0,0,0,0,0,36528,60458,48311,61981,105366,86469,0,48753,22890,49695,0,0,142857,174608,134347,196391,248652,190610,0,0,0,0,0,0,0,0,0,0,0,0,0,0,0,0,0,0,0,0,0,0,0,0,0,0,0,0,0,0,0,0,0,0,0,0,0,0,0,0,0,0,0,0,0,0,0,0,0,0,0,0,0,0,0,0,0,0,0,0,0,0,0,0,0,0,0,0,0,"[M+H]+",312.178395,"N,N,N-trimethyl-3-[(2-methylacryloyl)amino]propan-1-aminium 4-(C10-13-sec-alkyl)benzenesulfonate"
"M313_R399_1210",399.053048995985,313.1313155,0,0,0,179672,233571,307699,0,0,0,1462866,106025,104035,89284,1021102,453880,0,0,0,0,0,0,0,315036,287862,254084,0,0,0,0,0,0,0,0,1971881,398674,462991,164209,2365050,1849521,0,0,0,1305560,2179777,1448307,0,0,0,0,0,0,0,0,0,0,0,0,0,0,0,0,0,0,0,0,0,0,0,0,0,0,0,90802,84872,140668,213628,322517,264213,0,0,0,0,0,0,189800,320726,292883,309944,329076,219002,0,106431,150064,103080,0,0,277746,285748,325134,0,0,0,0,213182,214003,159882,0,0,0,0,0,0,0,0,0,0,0,0,0,0,0,0,0,0,0,0,172552,0,0,0,152785,152261,0,0,0,0,0,0,"[M+H]+,[M-H]-",313.1313155,"Kresoxim-methyl,kresoxim-methyl (ISO)"
"M314_R247_1217",247.486845995462,314.082249,0,0,0,0,0,0,0,0,0,0,0,0,0,0,0,0,0,0,0,0,0,0,0,0,0,0,0,0,0,0,0,0,0,0,0,0,0,0,0,0,0,0,0,0,0,0,0,0,0,0,0,0,0,0,0,0,0,0,0,0,0,0,0,0,0,0,0,0,0,0,0,0,0,0,0,345212,194792,413023,0,0,0,0,0,0,0,0,0,0,0,0,0,0,0,0,0,0,0,0,0,0,0,0,0,0,0,0,0,0,0,0,0,0,0,0,0,0,0,0,0,0,0,0,0,0,0,0,0,0,0,0,0,0,0,0,0,0,0,0,"[M-H]-",314.082249,"Aflatoxin B2,Ethyl 3-[[bis(1-methylethoxy)phosphinothioyl]thio]propionate"
"M314_R271_1218",271.128718933476,314.082291,0,0,0,0,0,0,0,0,0,0,0,0,0,0,0,0,0,0,0,0,0,0,0,0,0,0,0,0,0,0,0,0,0,0,0,0,0,0,0,0,0,0,0,0,0,0,0,0,0,0,0,0,0,0,0,0,0,0,0,0,0,0,0,0,0,0,0,0,0,0,0,0,0,0,0,0,0,0,0,0,0,0,0,0,0,0,0,69015,87853,29347,0,0,0,0,0,0,0,0,0,0,0,0,0,0,0,0,0,0,0,0,0,48346,131395,118623,0,0,0,0,0,0,0,0,0,96651,64652,75352,0,0,0,0,0,0,0,0,0,0,0,0,"[M-H]-",314.082291,"Aflatoxin B2,Ethyl 3-[[bis(1-methylethoxy)phosphinothioyl]thio]propionate"
"M314_R396_1219",396.288857,314.082485,0,0,0,0,0,0,0,0,0,0,0,0,0,0,0,0,0,0,0,0,0,0,61127,65252,81172,0,0,0,0,0,0,0,0,0,0,0,0,0,0,0,0,0,0,0,0,0,0,0,0,0,0,0,0,0,0,0,0,0,0,0,0,0,0,0,0,0,0,0,0,0,0,0,0,0,0,0,0,0,0,0,0,0,0,0,0,0,0,0,0,0,0,0,0,0,0,0,0,0,0,0,0,0,0,0,0,0,0,0,0,0,0,0,0,0,0,0,0,0,0,0,0,0,0,0,0,0,0,0,0,0,0,0,0,0,0,0,0,0,"[M+H]+",314.082485,"Aflatoxin B2,Ethyl 3-[[bis(1-methylethoxy)phosphinothioyl]thio]propionate"
"M314_R324_1220",324.010759473991,314.118602,0,0,0,0,0,0,0,0,0,0,0,0,0,0,0,0,0,0,0,0,0,0,0,0,0,0,0,0,0,0,0,0,0,0,0,0,0,0,0,0,0,0,0,0,0,0,0,0,0,0,0,0,0,0,0,0,0,0,0,0,0,0,0,0,0,0,0,0,0,0,0,0,0,0,0,2214325,1280212,2368000,0,206750,147611,211802,0,0,0,0,0,1135483,902912,185987,549248,0,0,0,959179,1357164,0,0,0,0,0,0,0,0,0,0,0,0,0,0,0,0,0,0,0,0,0,0,0,0,140762,96328,353254,453260,380358,562763,147925,185000,258559,305856,490721,213194,0,0,0,507149,189140,559382,"[M-H]-",314.118602,"Diethylene glycol dibenzoate"
"M314_R313_1221",312.916891728418,314.11861,0,0,0,0,0,0,0,0,0,0,0,0,0,0,0,0,0,0,0,0,0,0,0,0,0,0,0,0,0,0,0,0,0,0,0,0,0,0,0,0,0,0,0,0,0,0,0,0,0,0,0,0,0,0,0,0,0,0,0,0,0,0,0,0,0,0,0,0,0,457286,119885,542510,0,0,0,1064676,619829,1040604,584472,0,0,0,1153051,1043904,285901,561639,496000,0,0,0,339585,0,0,0,514344,414741,58212,250109,259247,0,0,0,709520,0,0,0,815618,163473,229044,206150,93350,0,0,0,217626,0,0,0,257184,140718,0,0,0,0,0,0,0,0,0,0,0,0,0,0,0,367765,184122,463650,"[M-H]-",314.11861,"Diethylene glycol dibenzoate"
"M314_R402_1225",402.307859,314.187219,0,0,0,0,0,0,0,0,0,0,144764,175938,104884,0,0,130870,49110,77603,49647,95721,88712,0,0,0,0,0,0,0,0,0,0,0,0,0,61711,72870,39874,0,0,0,0,0,0,0,0,0,58658,58714,63386,0,0,0,0,0,0,0,0,0,106919,105396,124922,0,0,0,0,0,0,0,0,0,0,0,0,0,0,0,0,0,0,0,0,0,0,0,0,0,0,0,0,0,0,0,0,0,0,0,0,0,0,0,0,0,0,0,0,0,0,0,0,0,0,0,0,0,0,0,0,0,0,0,0,0,0,0,0,0,0,0,0,0,0,0,0,0,0,0,0,0,"[M+H]+",314.187219,"Estradiene dione-3-keta"
"M314_R418_1226",418.059318,314.188158,67294,75505,74604,0,0,0,0,0,0,0,58223,81794,62544,0,0,37789,32579,16295,0,0,0,0,0,0,0,0,0,0,0,0,0,0,0,0,0,0,0,0,0,0,0,0,84255,76554,59448,50726,0,0,0,53433,52013,0,0,0,0,0,0,0,64550,79083,73948,0,0,0,0,0,0,0,0,0,0,0,0,0,0,0,0,0,0,0,0,0,0,0,0,0,0,0,0,0,0,0,0,0,0,0,0,0,0,0,0,0,0,0,0,0,0,0,0,0,0,0,0,0,0,0,0,0,0,0,0,0,0,0,0,0,0,0,0,0,0,0,0,0,0,0,0,0,"[M+H]+",314.188158,"Estradiene dione-3-keta"
"M315_R330_1230",330.316109,315.104441,0,0,0,0,0,0,0,0,0,57702,0,0,0,72057,58081,0,0,0,0,0,0,85357,0,0,0,76161,53894,0,0,0,0,0,0,65997,0,0,0,83961,80121,74680,62612,60575,0,0,0,86473,0,0,0,74352,77469,0,0,0,0,0,0,91239,0,0,0,49527,58718,0,0,0,0,0,0,0,0,0,0,0,0,0,0,0,0,0,0,0,0,0,0,0,0,0,0,0,0,0,0,0,0,0,0,0,0,0,0,0,0,0,0,0,0,0,0,0,0,0,0,0,0,0,0,0,0,0,0,0,0,0,0,0,0,0,0,0,0,0,0,0,0,0,0,0,"[M+H]+",315.104441,"Flusilazole"
"M318_R159_1258",159.153198852946,318.058568,0,0,0,0,0,0,0,0,0,0,0,0,0,0,0,0,0,0,0,0,0,0,0,0,0,0,0,0,0,0,0,0,0,0,0,0,0,0,0,0,0,0,0,0,0,0,0,0,0,0,0,0,0,0,0,0,0,0,0,0,0,0,0,0,0,0,0,0,0,0,0,0,92808,109168,77416,77778,82069,121841,0,64780,42967,74613,0,0,66939,63865,44262,47559,60232,40120,0,0,0,0,0,0,0,0,0,0,0,0,0,0,0,0,0,0,0,0,0,0,0,0,0,0,0,0,0,0,0,0,0,0,0,0,0,0,0,0,0,0,0,0,0,0,0,0,"[M-H]-",318.058568,"2,4,6-tri-n-propyl-2,4,6-trioxo-1,3,5,2,4,6-trioxatriphosphorinane"
"M318_R189_1260",188.825991,318.092604,0,0,0,69084,53696,50555,72403,89158,92858,0,0,0,0,0,0,0,0,0,0,0,0,0,0,0,0,0,0,0,0,0,0,0,0,0,0,0,0,0,0,0,0,0,0,0,0,0,0,0,0,0,0,0,0,0,0,0,0,0,0,0,0,0,0,0,0,0,0,0,0,0,0,0,0,0,0,0,0,0,0,0,0,0,0,0,0,0,0,0,0,0,0,0,0,0,0,0,0,0,0,0,0,0,0,0,0,0,0,0,0,0,0,0,0,0,0,0,0,0,0,0,0,0,0,0,0,0,0,0,0,0,0,0,0,0,0,0,0,0,"[M+H]+",318.092604,"phenolphthalein"
"M318_R411_1262",411.137459,318.277151,0,0,0,118019,68633,87948,0,0,0,0,0,0,0,0,0,69886,155888,118942,219000,212759,366247,0,0,0,0,0,0,0,0,0,0,0,0,0,0,0,0,0,0,715546,495392,1482889,784378,661081,871771,0,0,0,0,0,0,0,0,0,0,0,0,0,0,0,0,0,0,0,0,0,0,0,0,0,0,0,0,0,0,0,0,0,0,0,0,0,0,0,0,0,0,0,0,0,0,0,0,0,0,0,0,0,0,0,0,0,0,0,0,0,0,0,0,0,0,0,0,0,0,0,0,0,0,0,0,0,0,0,0,0,0,0,0,0,0,0,0,0,0,0,0,0,"[M+H]+",318.277151,"Triethylene glycol monododecyl ether"
"M320_R351_1267",350.558614830158,320.162442,0,0,0,0,0,0,0,0,0,0,0,0,0,0,0,0,0,0,0,0,0,0,0,0,0,0,0,0,0,0,0,0,0,0,0,0,0,0,0,0,0,0,0,0,0,0,0,0,0,0,0,0,0,0,0,0,0,0,0,0,0,0,0,0,0,0,0,0,0,131301,88452,91313,0,0,0,50564,53231,62725,159447,0,0,0,125514,116060,0,0,0,61077,59158,56772,78604,87379,103228,58543,86217,51979,59085,56736,83070,0,0,0,122715,84486,76388,107821,119408,115305,131572,123083,110092,128804,123159,111072,61731,0,0,0,76220,51242,0,0,0,0,0,0,99801,62717,95319,51103,107172,88288,0,0,0,0,0,0,"[M-H]-",320.162442,"Zearalenol"
"M321_R418_1272",418.229634,321.058884,229958,174478,170263,0,0,0,0,0,0,263715,0,0,0,239475,290827,0,0,0,0,0,0,276870,0,0,0,261744,224397,134700,108180,263327,208618,214463,123420,303966,0,0,0,336920,269103,291730,253221,237140,265300,367734,282305,229849,0,0,0,215476,210164,0,0,0,80797,86929,102842,274634,0,0,0,307497,223509,0,0,0,0,0,0,0,0,0,0,0,0,0,0,0,0,0,0,0,0,0,0,0,0,0,0,0,0,0,0,0,0,0,0,0,0,0,0,0,0,0,0,0,0,0,0,0,0,0,0,0,0,0,0,0,0,0,0,0,0,0,0,0,0,0,0,0,0,0,0,0,0,0,0,0,"[M+H]+",321.058884,"Clopidogrel"
"M323_R367_1288",367.017887145848,323.113167,0,0,0,0,0,0,0,0,0,0,140906,132530,126798,0,0,0,0,0,0,0,0,0,129793,149866,125572,0,0,0,0,0,0,0,0,0,128853,112727,133137,0,0,0,0,0,0,0,0,0,106332,117945,118747,0,0,0,0,0,0,0,0,0,94035,98583,95242,0,0,0,0,0,0,0,0,0,0,0,0,0,0,0,0,0,0,71914,57139,56961,0,0,0,0,0,0,0,0,0,0,0,0,0,0,0,0,0,0,0,0,0,56415,64537,60005,0,0,0,0,0,0,0,0,0,65754,71343,66636,0,0,0,0,0,0,0,0,0,0,0,0,0,0,0,0,0,0,0,0,"[M+H]+,[M-H]-",323.113167,"Flutolanil"
"M323_R376_1289",376.490181,323.130285,116477,111827,103248,0,0,0,0,0,0,76863,0,0,0,73570,86887,0,0,0,0,0,0,345688,0,0,0,293361,236644,0,0,0,216771,209473,165850,0,0,0,0,0,0,0,0,0,110504,153101,148515,0,0,0,0,0,0,0,0,0,104841,76607,70526,186953,0,0,0,202622,160616,0,0,0,0,0,0,0,0,0,0,0,0,0,0,0,0,0,0,0,0,0,0,0,0,0,0,0,0,0,0,0,0,0,0,0,0,0,0,0,0,0,0,0,0,0,0,0,0,0,0,0,0,0,0,0,0,0,0,0,0,0,0,0,0,0,0,0,0,0,0,0,0,0,0,0,"[M+H]+",323.130285,"2-[3-(2H-1,2,3-benzotriazol-2-yl)-4-hydroxyphenyl]ethyl 2-methylprop-2-enoate,Gliclazide"
"M324_R402_1304",401.626036,324.227244,0,0,0,0,0,0,65253,54609,70450,0,0,0,0,0,0,0,0,0,0,0,0,0,0,0,0,0,0,0,0,0,87932,86265,60723,0,0,0,0,0,0,0,0,0,74621,51275,130586,0,0,0,0,0,0,0,0,0,99047,69818,118530,0,0,0,0,0,0,0,0,0,133412,119666,95691,0,0,0,0,0,0,0,0,0,0,0,0,0,0,0,0,0,0,0,0,0,0,0,0,0,0,0,0,0,0,0,0,0,0,0,0,0,0,0,0,0,0,0,0,0,0,0,0,0,0,0,0,0,0,0,0,0,0,0,0,0,0,0,0,0,0,0,0,0,"[M+H]+",324.227244,"8-BENZYL-3-EXO-(3-ISOPROPYL-5-METHYL-4H-1,2,4-TRIAZOL-4-YL)-8-AZABICYCLO[3.2.1]OCTANE"
"M325_R339_1307",339.483296,325.225279,0,0,0,0,0,0,0,0,0,0,0,0,0,0,0,0,0,0,0,0,0,209546,0,0,0,301834,109358,162815,133791,256098,215143,213744,152112,202538,0,0,0,253054,168988,158150,165625,228778,194924,208461,189167,194361,0,0,0,152443,168733,0,0,0,92024,64364,79433,251580,0,0,0,291054,173112,0,0,0,205056,133663,68810,0,0,0,0,0,0,0,0,0,0,0,0,0,0,0,0,0,0,0,0,0,0,0,0,0,0,0,0,0,0,0,0,0,0,0,0,0,0,0,0,0,0,0,0,0,0,0,0,0,0,0,0,0,0,0,0,0,0,0,0,0,0,0,0,0,0,0,0,0,"[M+H]+",325.225279,"Bisoprolol,Denatonium benzoate"
"M326_R372_1309",371.60035,326.000715,86371,80908,73700,187479,123084,121640,149408,184925,196381,0,141093,107775,146952,0,0,100889,130286,100098,84462,105064,83647,54291,221994,290956,221348,61247,56529,103031,81469,130609,97609,117078,65762,0,192874,225890,233850,0,0,0,0,0,0,0,0,0,151026,139530,170108,0,0,73097,102154,89495,70141,70319,113346,0,161378,160138,154705,0,0,106732,82682,84231,79976,54875,73263,0,0,0,0,0,0,0,0,0,0,0,0,0,0,0,0,0,0,0,0,0,0,0,0,0,0,0,0,0,0,0,0,0,0,0,0,0,0,0,0,0,0,0,0,0,0,0,0,0,0,0,0,0,0,0,0,0,0,0,0,0,0,0,0,0,0,0,0,0,"[M+H]+",326.000715,"Lead di(acetate),Tri-(2-chloroisopropyl)phosphate,Tris(3-chloropropyl) phosphate"
"M326_R267_1315",267.381461,326.194024,151950,110105,83014,705725,711513,604789,586764,851420,708034,80534,1627111,1963304,2495791,132261,103734,2765591,1095942,1110032,1144736,1423827,2503924,119008,167220,158606,99983,95906,144534,379233,337165,451607,433227,475009,249962,74630,495384,923501,1321117,74799,59902,1149714,647212,673376,1192321,1511904,735603,141239,134987,133604,162189,98605,78201,386052,415321,262697,448529,417429,501262,0,7575762,4107083,4168256,0,0,225311,262232,278178,186049,132975,179714,0,0,0,0,0,0,0,0,0,0,0,0,0,0,0,0,0,0,0,0,0,0,0,0,0,0,0,0,0,0,0,0,0,0,0,0,0,0,0,0,0,0,0,0,0,0,0,0,0,0,0,0,0,0,0,0,0,0,0,0,0,0,0,0,0,0,0,0,0,"[M+H]+",326.194024,"Benzenesulfonic acid, C10-16-alkyl derivs., magnesium salts,Benzenesulfonic acid, mono-C11-13-branched alkyl derivs., sodium salts,Sodium dodecylbenzenesulfonate"
"M328_R282_1325",282.180514781523,328.097954,0,0,0,0,0,0,0,0,0,0,0,0,0,0,0,0,0,0,0,0,0,0,0,0,0,0,0,0,0,0,0,0,0,0,0,0,0,0,0,0,0,0,0,0,0,0,0,0,0,0,0,0,0,0,0,0,0,0,0,0,0,0,0,0,0,0,0,0,0,0,0,0,100909,214943,134276,157420,231009,221322,0,0,0,0,0,0,0,0,0,0,0,0,0,0,0,0,0,0,0,0,0,0,0,0,0,0,0,0,0,0,0,0,0,0,0,0,0,0,0,0,0,0,0,0,0,0,0,0,0,0,0,0,0,0,0,0,0,0,0,0,"[M-H]-",328.097954,"3-(Diisobutoxy-thiophosphorylsulfanyl)-2-methyl-propionic acid"
"M328_R328_1326",327.904414279556,328.134237,0,0,0,0,0,0,0,0,0,0,0,0,0,0,0,0,0,0,0,0,0,0,0,0,0,0,0,0,0,0,0,0,0,0,0,0,0,0,0,0,0,0,0,0,0,0,0,0,0,0,0,0,0,0,0,0,0,0,0,0,0,0,0,0,0,0,0,0,0,232981,74908,320816,326152,611797,292300,0,0,0,0,0,0,0,0,0,0,0,0,0,0,0,0,0,0,0,0,0,0,0,0,0,0,0,0,0,0,0,0,0,0,0,0,0,0,0,0,0,0,0,0,0,0,0,0,0,0,0,0,0,0,0,0,0,0,0,0,0,0,0,"[M-H]-",328.134237,"Pencycuron"
"M328_R335_1327",334.691834004175,328.134287,0,0,0,0,0,0,0,0,0,0,0,0,0,0,0,0,0,0,0,0,0,0,0,0,0,0,0,0,0,0,0,0,0,0,0,0,0,0,0,0,0,0,0,0,0,0,0,0,0,0,0,0,0,0,0,0,0,0,0,0,0,0,0,0,0,0,0,0,0,0,0,0,0,0,0,0,0,0,0,182026,140207,148725,0,0,0,0,0,0,0,0,186478,0,0,0,396474,781647,0,0,0,0,0,0,0,249138,310317,266483,0,0,0,0,0,0,0,0,0,0,0,0,0,0,0,0,0,247455,326441,344395,0,73231,135198,118332,0,0,0,0,0,0,0,0,"[M-H]-",328.134287,"Pencycuron"
"M328_R324_1328",324.325489360137,328.134308,0,0,0,0,0,0,0,0,0,0,0,0,0,0,0,0,0,0,0,0,0,0,0,0,0,0,0,0,0,0,0,0,0,0,0,0,0,0,0,0,0,0,0,0,0,0,0,0,0,0,0,0,0,0,0,0,0,0,0,0,0,0,0,0,0,0,0,0,0,0,0,0,0,0,0,0,0,0,333770,0,0,0,724345,567472,0,0,0,0,0,0,0,0,0,0,0,0,0,0,0,0,0,0,452561,0,0,0,546267,117212,134801,88524,48419,0,0,0,124839,0,0,0,119369,87544,0,0,0,0,0,0,0,0,0,0,0,0,0,0,0,208608,106108,291559,"[M-H]-",328.134308,"Pencycuron"
"M328_R360_1331",359.621791,328.178564,0,0,0,96135,52453,42782,54253,70055,57919,0,0,0,0,0,0,0,0,0,0,0,0,0,0,0,0,0,0,0,0,0,0,0,0,0,0,0,0,0,0,0,0,0,0,0,0,0,0,0,0,0,0,0,0,0,0,0,0,0,0,0,0,0,0,0,0,0,0,0,0,0,0,0,0,0,0,0,0,0,0,0,0,0,0,0,0,0,0,0,0,0,0,0,0,0,0,0,0,0,0,0,0,0,0,0,0,0,0,0,0,0,0,0,0,0,0,0,0,0,0,0,0,0,0,0,0,0,0,0,0,0,0,0,0,0,0,0,0,0,"[M+H]+",328.178564,"Labetalol"
"M328_R357_1332",356.693568690448,328.188539,0,0,0,0,0,0,0,0,0,0,0,0,0,0,0,0,0,0,0,0,0,0,0,0,0,0,0,0,0,0,0,0,0,0,0,0,0,0,0,0,0,0,0,0,0,0,0,0,0,0,0,0,0,0,0,0,0,0,0,0,0,0,0,0,0,0,0,0,0,0,0,0,0,0,0,0,0,0,0,0,0,0,0,0,0,0,0,0,0,0,0,0,0,0,0,0,0,0,0,0,0,0,0,0,0,0,0,0,0,0,0,0,0,0,0,0,0,0,0,0,0,0,0,0,0,0,365874,245560,228006,240571,373203,399193,145160,182883,151671,0,0,0,"[M-H]-",328.188539,"Esterfification product of poly[oxy(methyl-1,2-ethanediyl)], .alpha.,.alpha.'-(2,2-dimethyl-1,3-propanediyl)bis[.omega.-hydroxy- and prop-2-enoic acid"
"M330_R291_1344",291.168243,330.085123,166501,168420,144175,386479,384041,196765,303088,413699,367120,149845,302949,244736,295970,245089,310060,0,0,0,232881,305999,202949,234566,548124,691797,398205,173089,244567,327632,249197,414305,273376,344561,176516,209365,225841,419624,276437,272574,239742,472038,344181,428552,236437,365750,488437,230860,154354,159534,278829,224447,201721,163249,124330,320292,219719,232701,267343,238984,330042,317403,314040,228749,227737,196012,263150,140961,229118,264459,296161,0,0,0,0,0,0,0,0,0,0,0,0,0,0,0,0,0,0,0,0,0,0,0,0,0,0,0,0,0,0,0,0,0,0,0,0,0,0,0,0,0,0,0,0,0,0,0,0,0,0,0,0,0,0,0,0,0,0,0,0,0,0,0,0,0,0,0,0,0,"[M+H]+",330.085123,"Warfarin sodium"
"M330_R386_1346",385.894456608381,330.182829,0,0,0,0,0,0,0,0,0,0,71975,59862,66330,0,0,0,0,0,0,0,0,0,0,0,0,0,0,0,0,0,0,0,0,0,0,0,0,0,0,0,0,0,0,0,0,0,0,0,0,0,0,0,0,0,0,0,0,0,128044,66947,80357,0,0,0,0,0,0,0,0,149820,199295,186837,0,0,0,111533,91832,103068,156749,0,0,0,54044,248988,0,0,0,67874,82488,87633,201727,0,0,0,174727,251999,0,0,0,79741,54453,88147,248432,0,0,0,256638,253787,0,0,0,88548,66245,80228,190737,0,0,0,204222,231840,0,0,0,0,0,0,219723,0,0,0,217313,219303,0,0,0,59893,56535,53302,"[M+H]+,[M-H]-",330.182829,"dicyclohexyl phthalate (DCHP)"
"M332_R358_1352",358.32608,332.068558,0,0,0,0,0,0,0,0,0,0,0,0,0,0,0,0,0,0,0,0,0,0,0,0,0,0,0,0,0,0,0,0,0,0,0,0,0,0,0,0,0,0,0,0,0,0,0,0,0,0,0,0,0,0,0,0,0,177817,0,0,0,190055,153158,0,0,0,0,0,0,0,0,0,0,0,0,0,0,0,0,0,0,0,0,0,0,0,0,0,0,0,0,0,0,0,0,0,0,0,0,0,0,0,0,0,0,0,0,0,0,0,0,0,0,0,0,0,0,0,0,0,0,0,0,0,0,0,0,0,0,0,0,0,0,0,0,0,0,0,"[M+H]+",332.068558,"2,2-dithiobis[N-methylbenzamide],Fluorescein sodium"
"M332_R182_1353",182.419659,332.071964,157048,100833,61773,148212,126715,119373,253069,245549,215053,279209,100853,99810,115822,112828,139058,66547,135072,98126,150626,193214,144642,0,67826,127225,72690,0,0,80743,60721,101946,0,0,0,0,51000,69309,81909,0,0,82952,77929,64337,0,0,0,0,0,0,0,0,0,0,0,0,0,0,0,0,0,0,0,0,0,0,0,0,0,0,0,0,0,0,0,0,0,0,0,0,0,0,0,0,0,0,0,0,0,0,0,0,0,0,0,0,0,0,0,0,0,0,0,0,0,0,0,0,0,0,0,0,0,0,0,0,0,0,0,0,0,0,0,0,0,0,0,0,0,0,0,0,0,0,0,0,0,0,0,0,"[M+H]+",332.071964,"Fluorescein sodium"
"M335_R400_1375",400.221271,335.113512,88587,59005,68893,0,0,0,0,0,0,143645,0,0,0,96148,155043,0,0,0,0,0,0,84135,0,0,0,81337,85873,0,0,0,0,0,0,111351,0,0,0,166491,114871,68879,75870,85619,96766,138360,104901,61195,0,0,0,81442,82117,0,0,0,0,0,0,0,0,0,0,0,0,0,0,0,0,0,0,0,0,0,0,0,0,0,0,0,0,0,0,0,0,0,0,0,0,0,0,0,0,0,0,0,0,0,0,0,0,0,0,0,0,0,0,0,0,0,0,0,0,0,0,0,0,0,0,0,0,0,0,0,0,0,0,0,0,0,0,0,0,0,0,0,0,0,0,0,"[M+H]+",335.113512,"Trifluralin"
"M335_R345_1376",345.270812,335.16837,0,0,0,0,0,0,0,0,0,70213,0,0,0,67713,82187,0,0,0,0,0,0,0,0,0,0,0,0,0,0,0,0,0,0,0,0,0,0,0,0,0,0,0,0,0,0,0,0,0,0,0,0,0,0,0,0,0,0,0,0,0,0,0,0,0,0,0,0,0,0,0,0,0,0,0,0,0,0,0,0,0,0,0,0,0,0,0,0,0,0,0,0,0,0,0,0,0,0,0,0,0,0,0,0,0,0,0,0,0,0,0,0,0,0,0,0,0,0,0,0,0,0,0,0,0,0,0,0,0,0,0,0,0,0,0,0,0,0,0,"[M+H]+",335.16837,"Naratriptan"
"M337_R434_1392",433.772734,337.334664,0,0,0,0,0,0,0,0,0,0,0,0,0,0,0,3195074,2978117,3821384,5956396,5660857,5459481,0,0,0,0,0,0,886536,931269,2660873,0,0,0,0,0,0,0,0,0,0,0,0,0,0,0,5606829,12801185,20216456,9375700,7132442,6440965,7582363,12009782,15262822,0,0,0,0,9028419,8701765,7710751,0,0,7279027,7304666,7318313,18166030,11020257,8640481,0,0,0,0,0,0,0,0,0,0,0,0,0,0,0,0,0,0,0,0,0,0,0,0,0,0,0,0,0,0,0,0,0,0,0,0,0,0,0,0,0,0,0,0,0,0,0,0,0,0,0,0,0,0,0,0,0,0,0,0,0,0,0,0,0,0,0,0,0,"[M+H]+",337.334664,"Erucamide"
"M338_R338_1396",337.530759,338.136708,0,0,0,0,0,0,0,0,0,0,125446,116552,118140,0,0,0,0,0,0,0,0,0,307984,127056,318198,0,0,0,0,0,0,0,0,0,183636,238733,103814,0,0,0,0,0,0,0,0,0,182090,155512,151646,0,0,0,0,0,0,0,0,0,141953,143795,155499,0,0,90062,87220,68077,0,0,0,0,0,0,0,0,0,0,0,0,0,0,0,0,0,0,0,0,0,0,0,0,0,0,0,0,0,0,0,0,0,0,0,0,0,0,0,0,0,0,0,0,0,0,0,0,0,0,0,0,0,0,0,0,0,0,0,0,0,0,0,0,0,0,0,0,0,0,0,0,"[M+H]+",338.136708,"15-Acetyldeoxynivalenol"
"M338_R437_1397",437.277381748983,338.319244,0,0,0,0,0,0,0,0,0,0,0,0,0,0,0,0,0,0,0,0,0,0,0,0,0,0,0,0,0,0,0,0,0,0,0,0,0,0,0,0,0,0,0,0,0,0,82597,179139,119246,0,0,0,0,0,0,0,0,0,0,0,0,0,0,0,0,0,0,0,0,0,0,0,0,0,0,0,0,0,0,320024,262319,213720,0,0,246382,96549,218528,415823,599940,142912,0,0,0,0,0,0,0,0,0,0,0,0,0,0,0,0,0,0,0,0,0,0,0,0,0,0,0,0,0,0,0,0,0,443560,307230,201215,0,0,0,0,0,0,0,0,0,0,0,0,"[M+H]+,[M-H]-",338.319244,"(13Z)-Docos-13-enoic acid"
"M340_R368_1405",367.943183,340.157655,0,0,0,57871,72532,59918,50733,54438,67930,0,0,0,0,0,0,0,0,0,0,0,0,0,0,0,0,0,0,0,0,0,0,0,0,0,0,0,0,0,0,0,0,0,0,0,0,0,0,0,0,0,0,0,0,0,0,0,0,0,0,0,0,0,0,0,0,0,0,0,0,0,0,0,0,0,0,0,0,0,0,0,0,0,0,0,0,0,0,0,0,0,0,0,0,0,0,0,0,0,0,0,0,0,0,0,0,0,0,0,0,0,0,0,0,0,0,0,0,0,0,0,0,0,0,0,0,0,0,0,0,0,0,0,0,0,0,0,0,0,"[M+H]+",340.157655,"Citalopram N-oxide,Citalopram-TP7"
"M340_R345_1406",345.339643036693,340.170614,0,0,0,0,0,0,0,0,0,0,0,0,0,0,0,0,0,0,0,0,0,0,0,0,0,0,0,0,0,0,0,0,0,0,0,0,0,0,0,0,0,0,0,0,0,0,0,0,0,0,0,0,0,0,0,0,0,0,0,0,0,0,0,0,0,0,0,0,0,0,0,0,0,0,0,116800,43576,69291,0,0,0,0,0,0,0,0,0,0,0,0,0,0,0,0,0,0,0,0,0,0,0,0,0,0,0,0,0,0,0,0,0,0,0,0,0,0,0,0,0,0,0,0,0,0,0,0,0,0,0,0,0,0,0,0,0,0,0,0,"[M-H]-",340.170614,"2-hydroxy-1-(4-(4-(2-hydroxy-2-methylpropionyl)benzyl)phenyl)-2-methylpropan-1-one,Bisphenol A diglycidyl ether"
"M340_R444_1410",444.169399183683,340.334228,0,0,0,0,0,0,0,0,0,0,0,0,0,0,0,0,0,0,0,0,0,0,0,0,0,0,0,0,0,0,0,0,0,0,0,0,0,0,0,0,0,0,0,0,0,0,0,0,0,0,0,0,0,0,0,0,0,0,0,0,0,0,0,0,0,0,0,0,0,0,0,0,0,0,0,0,0,0,0,0,0,0,0,0,448306,552153,593484,0,0,0,0,0,0,0,0,0,0,0,0,0,0,0,0,0,0,0,0,0,0,0,0,0,0,0,0,0,0,0,0,0,0,0,0,0,0,0,0,0,0,0,0,0,0,0,0,0,0,0,"[M-H]-",340.334228,"Silver docosanoate"
"M342_R337_1417",336.692929214346,342.150032,0,0,0,0,0,0,0,0,0,0,0,0,0,0,0,0,0,0,0,0,0,0,0,0,0,0,0,0,0,0,0,0,0,0,0,0,0,0,0,0,0,0,0,0,0,0,0,0,0,0,0,0,0,0,0,0,0,0,0,0,0,0,0,0,0,0,0,0,0,142261,42390,195782,257104,328783,162882,546767,275816,486776,267353,92265,97293,82398,512307,459012,142320,305878,290153,0,0,0,119072,310450,310923,175311,290185,561007,0,0,0,0,0,0,384227,113709,117754,155014,610083,81917,0,0,0,105367,562222,429835,88218,0,0,0,70007,83292,0,0,0,135956,150005,174779,0,0,0,0,0,0,0,0,0,110574,40995,191142,"[M-H]-",342.150032,"Di(propylene glycol) dibenzoate"
"M342_R368_1421",368.29164,342.288329,0,0,0,1395507,661158,708481,0,0,0,0,0,0,0,0,0,1018853,844957,692575,1228983,1730440,1262216,0,902890,1562197,1285964,0,0,1003950,1000373,2052008,0,0,0,0,0,0,0,0,0,0,0,0,0,0,0,0,0,0,0,0,0,0,0,0,0,0,0,0,0,0,0,0,0,0,0,0,0,0,0,0,0,0,0,0,0,0,0,0,0,0,0,0,0,0,0,0,0,0,0,0,0,0,0,0,0,0,0,0,0,0,0,0,0,0,0,0,0,0,0,0,0,0,0,0,0,0,0,0,0,0,0,0,0,0,0,0,0,0,0,0,0,0,0,0,0,0,0,0,"[M+H]+",342.288329,"Cocamidopropyl Betaine"
"M347_R347_1448",346.522954,347.091909,0,0,0,0,0,0,0,0,0,0,0,0,0,0,0,0,0,0,0,0,0,0,0,0,0,0,0,0,0,0,0,0,0,0,0,0,0,0,0,0,0,0,0,0,0,0,0,0,0,0,0,0,0,0,0,0,0,0,0,0,0,0,0,188420,231319,172894,196995,115424,132090,0,0,0,0,0,0,0,0,0,0,0,0,0,0,0,0,0,0,0,0,0,0,0,0,0,0,0,0,0,0,0,0,0,0,0,0,0,0,0,0,0,0,0,0,0,0,0,0,0,0,0,0,0,0,0,0,0,0,0,0,0,0,0,0,0,0,0,0,0,"[M+H]+",347.091909,"Cephalexin"
"M347_R408_1449",407.906651,347.092421,0,0,0,0,0,0,81349,94010,97838,0,0,0,0,0,0,0,0,0,138620,103147,61885,0,0,0,0,0,0,0,0,0,0,0,0,0,0,0,0,0,0,108496,67130,66936,0,0,0,0,0,0,0,0,0,0,0,0,0,0,0,0,0,0,0,0,0,0,0,0,0,0,0,0,0,0,0,0,0,0,0,0,0,0,0,0,0,0,0,0,0,0,0,0,0,0,0,0,0,0,0,0,0,0,0,0,0,0,0,0,0,0,0,0,0,0,0,0,0,0,0,0,0,0,0,0,0,0,0,0,0,0,0,0,0,0,0,0,0,0,0,0,"[M+H]+",347.092421,"Cephalexin"
"M350_R372_1461",371.585689,349.979844,0,0,0,0,0,0,0,0,0,0,0,0,0,0,0,0,0,0,0,0,0,0,56428,73979,56783,0,0,0,0,0,0,0,0,0,0,0,0,0,0,0,0,0,0,0,0,0,0,0,0,0,0,0,0,0,0,0,0,0,0,0,0,0,0,0,0,0,0,0,0,0,0,0,0,0,0,0,0,0,0,0,0,0,0,0,0,0,0,0,0,0,0,0,0,0,0,0,0,0,0,0,0,0,0,0,0,0,0,0,0,0,0,0,0,0,0,0,0,0,0,0,0,0,0,0,0,0,0,0,0,0,0,0,0,0,0,0,0,0,"[M+H]+",349.979844,"Perfluoro(methylcyclohexane)"
"M351_R351_1466",350.688744,351.226132,0,0,0,44269,101040,96484,59961,54445,120923,0,0,0,0,0,0,71595,52710,55721,0,0,0,69099,0,0,0,45015,75855,96188,58403,69579,123630,62654,84981,0,0,0,0,0,0,91491,93187,49471,80719,103407,102333,0,0,0,0,0,0,87081,64421,95563,98484,72960,101751,83443,0,0,0,79319,95104,151564,140590,87689,102369,70106,98020,0,0,0,0,0,0,0,0,0,0,0,0,0,0,0,0,0,0,0,0,0,0,0,0,0,0,0,0,0,0,0,0,0,0,0,0,0,0,0,0,0,0,0,0,0,0,0,0,0,0,0,0,0,0,0,0,0,0,0,0,0,0,0,0,0,0,0,0,0,"[M+H]+",351.226132,"UV-328"
"M352_R414_1479",413.737225,352.259029,0,0,0,372563,330891,182907,861792,255293,308387,0,149196,211546,225310,0,0,299475,122837,212791,310458,296602,479018,0,195000,153565,101216,0,0,338522,175961,508011,760282,480477,605298,0,144030,117527,159383,0,0,346422,528511,675073,961103,196264,1536820,0,330083,382059,131887,0,0,219129,658660,345320,1114905,1179027,1559236,0,376690,293614,654685,0,0,595321,427112,341922,1005432,1311569,666511,0,0,0,0,0,0,0,0,0,0,0,0,0,0,0,0,0,0,0,0,0,0,0,0,0,0,0,0,0,0,0,0,0,0,0,0,0,0,0,0,0,0,0,0,0,0,0,0,0,0,0,0,0,0,0,0,0,0,0,0,0,0,0,0,0,0,0,0,0,"[M+H]+",352.259029,"5(or 6)-carboxy-4-hexylcyclohex-2-ene-1-octanoic acid"
"M354_R318_1487",317.500537,354.179094,0,0,0,0,0,0,0,0,0,0,0,0,0,0,0,0,0,0,0,0,0,0,0,0,0,0,0,0,0,0,0,0,0,0,0,0,0,0,0,0,0,0,0,0,0,0,0,0,0,0,0,0,0,0,0,0,0,0,0,0,0,0,0,0,0,0,70408,58841,104314,0,0,0,0,0,0,0,0,0,0,0,0,0,0,0,0,0,0,0,0,0,0,0,0,0,0,0,0,0,0,0,0,0,0,0,0,0,0,0,0,0,0,0,0,0,0,0,0,0,0,0,0,0,0,0,0,0,0,0,0,0,0,0,0,0,0,0,0,0,"[M+H]+",354.179094,"Zinc bis(O,O-diisooctyl) bis(dithiophosphate)"
"M354_R334_1488",334.453327,354.179189,0,0,0,0,0,0,0,0,0,0,0,0,0,0,0,0,0,0,0,0,0,0,0,0,0,0,0,0,0,0,0,0,0,0,0,0,0,0,0,0,0,0,0,0,0,0,0,0,0,0,0,0,0,0,0,0,0,0,0,0,0,0,0,0,0,0,104337,69528,81666,0,0,0,0,0,0,0,0,0,0,0,0,0,0,0,0,0,0,0,0,0,0,0,0,0,0,0,0,0,0,0,0,0,0,0,0,0,0,0,0,0,0,0,0,0,0,0,0,0,0,0,0,0,0,0,0,0,0,0,0,0,0,0,0,0,0,0,0,0,"[M+H]+",354.179189,"Zinc bis(O,O-diisooctyl) bis(dithiophosphate)"
"M357_R215_1502",215.369038,357.163343,0,0,0,114771,51978,39551,140685,92709,120248,94840,0,0,0,103498,106569,0,0,0,0,0,0,0,63974,97867,52394,0,0,0,0,0,0,0,0,0,0,0,0,0,0,0,0,0,0,0,0,0,0,0,0,0,0,0,0,0,0,0,0,0,0,0,0,0,0,0,0,0,0,0,0,0,0,0,0,0,0,0,0,0,0,0,0,0,0,0,0,0,0,0,0,0,0,0,0,0,0,0,0,0,0,0,0,0,0,0,0,0,0,0,0,0,0,0,0,0,0,0,0,0,0,0,0,0,0,0,0,0,0,0,0,0,0,0,0,0,0,0,0,0,"[M+H]+",357.163343,"UV-327"
"M358_R424_1514",424.143491,358.30817,0,0,0,302325,379710,219165,0,0,0,54300,872274,1342382,684866,68255,83956,293396,201796,175818,286425,764755,447499,0,590466,536423,443194,0,0,697490,254543,862887,1506545,1475403,1442617,0,507224,479350,404866,0,0,626322,830092,1124845,1548248,818297,1895256,0,0,0,0,0,0,297970,588322,245103,321608,447544,1116455,0,254109,484065,907926,0,0,616313,415233,479933,1418310,1681469,446434,0,0,0,0,0,0,0,0,0,0,0,0,0,0,0,0,0,0,0,0,0,0,0,0,0,0,0,0,0,0,0,0,0,0,0,0,0,0,0,0,0,0,0,0,0,0,0,0,0,0,0,0,0,0,0,0,0,0,0,0,0,0,0,0,0,0,0,0,0,"[M+H]+",358.30817,"1-Monostearin"
"M362_R405_1536",404.676984,362.303161,0,0,0,0,0,0,0,0,0,0,0,0,0,0,0,0,0,0,32501,26446,35469,0,0,0,0,0,0,0,0,0,0,0,0,0,0,0,0,0,0,0,0,0,38890,24638,31612,0,0,0,0,0,0,0,0,0,0,0,0,0,0,0,0,0,0,0,0,0,0,0,0,0,0,0,0,0,0,0,0,0,0,0,0,0,0,0,0,0,0,0,0,0,0,0,0,0,0,0,0,0,0,0,0,0,0,0,0,0,0,0,0,0,0,0,0,0,0,0,0,0,0,0,0,0,0,0,0,0,0,0,0,0,0,0,0,0,0,0,0,0,"[M+H]+",362.303161,"Tetraethylene glycol monododecyl ether"
"M362_R415_1537",414.888486,362.303196,130181,70317,106918,155525,124791,136287,144304,71198,66357,0,194011,265657,119448,0,0,161617,280111,216961,298304,357607,552414,64836,112776,174647,119670,86757,100656,101051,109589,263166,233790,273955,71405,0,603468,1020296,877736,0,0,879516,728254,2027506,941221,899968,719195,0,0,0,0,0,0,81763,116591,65082,0,0,0,0,50072,69708,66417,0,0,0,0,0,0,0,0,0,0,0,0,0,0,0,0,0,0,0,0,0,0,0,0,0,0,0,0,0,0,0,0,0,0,0,0,0,0,0,0,0,0,0,0,0,0,0,0,0,0,0,0,0,0,0,0,0,0,0,0,0,0,0,0,0,0,0,0,0,0,0,0,0,0,0,0,0,"[M+H]+",362.303196,"Tetraethylene glycol monododecyl ether"
"M366_R344_1544",343.796747723238,366.168314,0,0,0,0,0,0,0,0,0,0,0,0,0,0,0,0,0,0,0,0,0,0,0,0,0,0,0,0,0,0,0,0,0,0,0,0,0,0,0,0,0,0,0,0,0,0,0,0,0,0,0,0,0,0,0,0,0,0,0,0,0,0,0,0,0,0,0,0,0,0,0,0,0,0,0,0,0,0,0,0,0,0,0,0,0,0,0,0,0,0,0,78384,114313,45879,0,0,0,0,0,0,0,0,0,0,0,0,0,0,0,0,0,0,0,0,0,0,0,0,0,0,0,0,0,0,0,0,0,0,0,0,0,0,0,0,0,0,0,0,"[M-H]-",366.168314,"Butanedioic acid, sulfo-, 1,4-bis(1,3-dimethylbutyl) ester, sodium salt"
"M368_R375_1557",374.823923641633,368.210735,0,0,0,0,0,0,0,0,0,0,0,0,0,0,0,0,0,0,0,0,0,0,0,0,0,0,0,0,0,0,0,0,0,0,0,0,0,0,0,0,0,0,0,0,0,0,0,0,0,0,0,0,0,0,0,0,0,0,0,0,0,0,0,0,0,0,0,0,0,0,0,0,0,0,0,0,0,0,0,0,0,0,0,0,0,0,0,0,0,0,0,0,0,0,0,0,0,0,0,0,0,0,131381,0,0,0,119031,142969,151102,142371,144565,152364,151740,129138,0,0,0,0,0,0,0,0,0,0,0,0,0,0,0,0,0,0,0,0,0,0,0,0,"[M-H]-",368.210735,"Methoxyfenozide"
"M368_R434_1558",433.504059,368.376325,0,0,0,0,0,0,0,0,0,0,0,0,0,0,0,0,0,0,0,0,0,0,0,0,0,0,0,0,0,0,0,0,0,0,0,0,0,0,0,0,0,0,0,0,0,0,0,0,0,0,0,0,0,0,89391,96872,94555,0,0,0,0,0,0,0,0,0,0,0,0,0,0,0,0,0,0,0,0,0,0,0,0,0,0,0,0,0,0,0,0,0,0,0,0,0,0,0,0,0,0,0,0,0,0,0,0,0,0,0,0,0,0,0,0,0,0,0,0,0,0,0,0,0,0,0,0,0,0,0,0,0,0,0,0,0,0,0,0,0,"[M+H]+",368.376325,"N-[3-(dimethylamino)propyl]stearamide"
"M370_R352_1565",351.894637066508,370.181399,0,0,0,0,0,0,0,0,0,0,0,0,0,0,0,0,0,0,0,0,0,0,0,0,0,0,0,0,0,0,0,0,0,0,0,0,0,0,0,0,0,0,0,0,0,0,0,0,0,0,0,0,0,0,0,0,0,0,0,0,0,0,0,0,0,0,0,0,0,0,0,0,71465,140809,46082,188636,121236,181317,67975,60600,81793,53793,226069,188540,84910,97524,119652,0,0,0,0,218217,117346,120910,0,0,0,0,0,0,0,0,0,59520,55797,73125,0,0,0,0,0,50045,203435,156752,0,0,0,0,0,0,0,0,0,95200,59701,69125,0,0,0,0,0,0,0,0,0,0,0,0,"[M-H]-",370.181399,"Oxypendyl"
"M370_R243_1566",243.111786,370.183708,233920,147147,61054,79463,58268,53556,204211,87199,116432,187366,76250,63957,66631,119709,339095,53129,60956,71583,60455,76794,58308,248620,0,0,0,164475,71871,80180,73165,133685,0,0,0,39894,0,0,0,63704,43271,77918,68726,69168,39255,62408,69715,61704,0,0,0,89960,59641,0,0,0,0,0,0,51103,0,0,0,58365,38529,68938,87453,82159,93294,87559,69980,0,0,0,0,0,0,0,0,0,0,0,0,0,0,0,0,0,0,0,0,0,0,0,0,0,0,0,0,0,0,0,0,0,0,0,0,0,0,0,0,0,0,0,0,0,0,0,0,0,0,0,0,0,0,0,0,0,0,0,0,0,0,0,0,0,0,0,0,0,"[M+H]+",370.183708,"Oxypendyl"
"M370_R373_1567",373.167423,370.212205,97330,86742,82702,0,0,0,0,0,0,70294,0,0,0,52152,67368,0,0,0,0,0,0,112995,0,0,0,114910,94268,0,0,0,71491,65842,51932,0,0,0,0,0,0,0,0,0,0,0,0,0,0,0,0,0,0,0,0,0,0,0,0,0,0,0,0,0,0,0,0,0,0,0,0,0,0,0,0,0,0,0,0,0,0,0,0,0,0,0,0,0,0,0,0,0,0,0,0,0,0,0,0,0,0,0,0,0,0,0,0,0,0,0,0,0,0,0,0,0,0,0,0,0,0,0,0,0,0,0,0,0,0,0,0,0,0,0,0,0,0,0,0,0,"[M+H]+",370.212205,"Spiromesifen"
"M373_R307_1581",306.566128,373.188891,0,0,0,0,0,0,0,0,0,0,0,0,0,0,0,0,0,0,0,0,0,0,0,0,0,0,0,0,0,0,0,0,0,0,0,0,0,0,0,74948,71503,57432,0,0,0,38845,0,0,0,52196,53175,0,0,0,0,0,0,0,0,0,0,0,0,0,0,0,0,0,0,0,0,0,0,0,0,0,0,0,0,0,0,0,0,0,0,0,0,0,0,0,0,0,0,0,0,0,0,0,0,0,0,0,0,0,0,0,0,0,0,0,0,0,0,0,0,0,0,0,0,0,0,0,0,0,0,0,0,0,0,0,0,0,0,0,0,0,0,0,"[M+H]+",373.188891,"Spirotetramat"
"M376_R262_1595",261.882361,376.134171,0,0,0,0,0,0,0,0,0,0,0,0,0,0,0,0,0,0,0,0,0,136980,0,0,0,91929,100791,68464,71165,52800,0,0,0,56007,0,0,0,53732,58976,0,0,0,0,0,0,0,0,0,0,0,0,0,0,0,0,0,0,85983,67316,55588,68844,61578,83673,80853,57711,78356,47827,56148,66219,0,0,0,0,0,0,0,0,0,0,0,0,0,0,0,0,0,0,0,0,0,0,0,0,0,0,0,0,0,0,0,0,0,0,0,0,0,0,0,0,0,0,0,0,0,0,0,0,0,0,0,0,0,0,0,0,0,0,0,0,0,0,0,0,0,0,0,0,0,"[M+H]+",376.134171,"Riboflavin"
"M380_R424_1609",424.080659,380.290375,0,0,0,0,0,0,675594,193205,297188,0,0,0,0,0,0,273660,119393,146260,284846,481726,441327,0,558389,341858,238194,0,0,380460,172463,425669,985709,635271,669893,0,0,0,0,0,0,554201,620141,879489,827157,441810,1322700,0,483075,452417,215314,0,0,201622,383202,259282,809759,667627,1174989,0,483372,468518,807776,0,0,448797,473076,445962,1407125,1291531,701190,0,0,0,0,0,0,0,0,0,0,0,0,0,0,0,0,0,0,0,0,0,0,0,0,0,0,0,0,0,0,0,0,0,0,0,0,0,0,0,0,0,0,0,0,0,0,0,0,0,0,0,0,0,0,0,0,0,0,0,0,0,0,0,0,0,0,0,0,0,"[M+H]+",380.290375,"Resin acids and Rosin acids, hydrogenated, esters with glycerol"
"M382_R297_1615",296.738773,382.147296,0,0,0,0,0,0,0,0,0,0,0,0,0,0,0,0,0,0,0,0,0,61164,156793,90442,129762,26664,113583,0,0,0,0,0,0,0,0,0,0,0,0,0,0,0,83996,76366,48105,0,0,0,0,0,0,0,0,0,0,0,0,80065,27703,54540,81611,72827,70639,0,0,0,68234,43402,64764,0,0,0,0,0,0,0,0,0,0,0,0,0,0,0,0,0,0,0,0,0,0,0,0,0,0,0,0,0,0,0,0,0,0,0,0,0,0,0,0,0,0,0,0,0,0,0,0,0,0,0,0,0,0,0,0,0,0,0,0,0,0,0,0,0,0,0,0,0,"[M+H]+",382.147296,"Loratadine"
"M382_R401_1616",401.397442,382.196752,0,0,0,0,0,0,96610,211234,82000,0,0,0,0,0,0,0,0,0,0,0,0,0,0,0,0,0,0,0,0,0,0,0,0,0,0,0,0,0,0,0,0,0,0,0,0,0,0,0,0,0,0,0,0,0,0,0,0,0,0,0,0,0,0,0,0,0,0,0,0,0,0,0,0,0,0,0,0,0,0,0,0,0,0,0,0,0,0,0,0,0,0,0,0,0,0,0,0,0,0,0,0,0,0,0,0,0,0,0,0,0,0,0,0,0,0,0,0,0,0,0,0,0,0,0,0,0,0,0,0,0,0,0,0,0,0,0,0,0,"[M+H]+",382.196752,"T-2 triol"
"M383_R215_1618",215.157224625038,383.079053,0,0,0,0,0,0,0,0,0,0,0,0,0,0,0,0,0,0,0,0,0,0,0,0,0,0,0,0,0,0,0,0,0,0,0,0,0,0,0,0,0,0,0,0,0,0,0,0,0,0,0,0,0,0,0,0,0,0,0,0,0,0,0,0,0,0,0,0,0,0,0,0,0,0,0,0,0,0,0,0,0,0,0,0,0,0,0,0,0,0,145233,121144,105551,110060,131332,68919,0,0,0,0,0,0,64205,66953,98475,65476,105499,62960,0,0,0,80746,119953,117546,0,0,0,0,0,0,0,0,0,0,0,0,0,0,0,0,0,0,0,0,0,0,0,0,"[M-H]-",383.079053,"Pantoprazole"
"M385_R425_1632",425.182632,385.152371,0,0,0,0,0,0,0,0,0,0,0,0,0,0,0,0,0,0,0,0,0,158666,0,0,0,144570,177078,0,0,0,147632,103587,92408,0,0,0,0,0,0,205444,244372,201020,0,0,0,0,0,0,0,0,0,0,0,0,0,0,0,107249,0,0,0,101413,99510,0,0,0,0,0,0,0,0,0,0,0,0,0,0,0,0,0,0,0,0,0,0,0,0,0,0,0,0,0,0,0,0,0,0,0,0,0,0,0,0,0,0,0,0,0,0,0,0,0,0,0,0,0,0,0,0,0,0,0,0,0,0,0,0,0,0,0,0,0,0,0,0,0,0,0,"[M+H]+",385.152371,"3-[benzyl({4-[2-(4-nitrophenyl)diazen-1-yl]phenyl})amino]propanenitrile"
"M385_R257_1633",256.930714,385.158325,128576,68020,87851,109964,170285,186307,288543,238318,209827,0,221549,212826,220378,0,0,123365,79186,71846,137173,117915,96706,443369,553772,382936,562352,262621,277741,114584,152767,95011,210673,147768,141925,167231,311422,384245,249108,167104,155948,113450,87611,59422,125514,183351,210800,0,139528,89190,141300,0,0,91896,47013,76120,87511,70361,81841,180263,289905,253687,342979,168788,172095,0,0,0,181893,128014,230420,0,0,0,0,0,0,0,0,0,0,0,0,0,0,0,0,0,0,0,0,0,0,0,0,0,0,0,0,0,0,0,0,0,0,0,0,0,0,0,0,0,0,0,0,0,0,0,0,0,0,0,0,0,0,0,0,0,0,0,0,0,0,0,0,0,0,0,0,0,"[M+H]+",385.158325,"3-[benzyl({4-[2-(4-nitrophenyl)diazen-1-yl]phenyl})amino]propanenitrile"
"M386_R364_1635",364.49608,386.173159,0,0,0,44063,35215,49330,22235,36932,33832,57077,42397,47264,39467,51204,49771,45863,41095,35463,73204,47175,32149,25380,39109,33151,47192,42941,43267,20038,31737,30200,41679,42632,51892,44439,43051,40338,49708,25095,46420,44728,22383,39403,27613,44639,43402,0,72177,49273,47422,0,0,58095,47137,55376,0,0,0,38585,36677,38936,57836,46422,42224,42105,53459,44373,0,0,0,0,0,0,0,0,0,0,0,0,0,0,0,0,0,0,0,0,0,0,0,0,0,0,0,0,0,0,0,0,0,0,0,0,0,0,0,0,0,0,0,0,0,0,0,0,0,0,0,0,0,0,0,0,0,0,0,0,0,0,0,0,0,0,0,0,0,0,0,0,"[M+H]+",386.173159,"1-(2,6-bis(4-tolyl)-1,3-dioxano(5,4-d)-1,3-dioxan-4-yl)ethane-1,2-diol"
"M387_R283_1647",282.531034,387.221659,0,0,0,0,0,0,0,0,0,0,0,0,0,0,0,0,0,0,0,0,0,0,0,0,0,0,0,0,0,0,0,0,0,0,0,0,0,0,0,0,0,0,0,0,0,0,0,0,0,0,0,0,0,0,0,0,0,0,103573,57217,66415,0,0,0,0,0,0,0,0,0,0,0,0,0,0,0,0,0,0,0,0,0,0,0,0,0,0,0,0,0,0,0,0,0,0,0,0,0,0,0,0,0,0,0,0,0,0,0,0,0,0,0,0,0,0,0,0,0,0,0,0,0,0,0,0,0,0,0,0,0,0,0,0,0,0,0,0,0,"[M+H]+",387.221659,"(E)-3-[1-[4-[2-(dimethylamino)ethoxy]phenyl]-2-phenylbut-1-enyl]phenol"
"M388_R380_1652",380.014612,388.155422,372838,403489,305947,64726,53747,79432,0,0,0,516367,0,0,0,359318,566513,90316,199232,168785,212469,253332,108042,281741,0,0,0,350506,291869,203653,186240,262803,194519,343900,149972,381937,0,0,0,516123,337491,256993,308802,275609,283864,455558,241691,303135,0,0,0,287346,200116,80085,55941,139768,121417,86912,96981,164893,0,0,0,188877,159529,0,0,0,147106,115307,113604,0,0,0,0,0,0,0,0,0,0,0,0,0,0,0,0,0,0,0,0,0,0,0,0,0,0,0,0,0,0,0,0,0,0,0,0,0,0,0,0,0,0,0,0,0,0,0,0,0,0,0,0,0,0,0,0,0,0,0,0,0,0,0,0,0,0,0,0,0,"[M+H]+",388.155422,"Levocetirizine"
"M390_R445_1664",444.540134,390.276896,0,0,0,0,0,0,89143,48067,110280,0,0,0,0,0,0,0,0,0,0,0,0,0,0,0,0,0,0,0,0,0,109768,82643,104681,0,0,0,0,0,0,0,0,0,105804,100999,104380,0,0,0,0,0,0,0,0,0,0,0,0,52734,0,0,0,124683,83404,0,0,0,0,0,0,0,0,0,0,0,0,0,0,0,0,0,0,0,0,0,0,0,0,0,0,0,0,0,0,0,0,0,0,0,0,0,0,0,0,0,0,0,0,0,0,0,0,0,0,0,0,0,0,0,0,0,0,0,0,0,0,0,0,0,0,0,0,0,0,0,0,0,0,0,"[M+H]+",390.276896,"3-a-hydroxy-7-oxo-5-ß-cholan-24-oic acid,Di(2-ethylhexyl)phthalate (DEHP),Di-n-octylphthalate"
"M392_R282_1671",282.210853,392.202081,76295,65093,64050,197480,208775,261432,223985,200942,193014,0,335716,586609,621234,0,0,654358,405299,428993,287635,489220,739875,0,0,0,0,0,0,191586,143744,300374,144119,207975,139700,0,96203,174739,328213,0,0,412072,483074,401856,450375,368889,283698,0,0,0,0,0,0,162841,209573,144761,142727,155351,159656,134608,949784,824707,842861,420329,166273,125031,109029,217170,88352,90719,65428,0,0,0,0,0,0,0,0,0,0,0,0,0,0,0,0,0,0,0,0,0,0,0,0,0,0,0,0,0,0,0,0,0,0,0,0,0,0,0,0,0,0,0,0,0,0,0,0,0,0,0,0,0,0,0,0,0,0,0,0,0,0,0,0,0,0,0,0,0,"[M+H]+",392.202081,"Dexamethasone,betamethasone"
"M394_R311_1677",311.157220405656,394.094552,0,0,0,0,0,0,0,0,0,0,0,0,0,0,0,0,0,0,0,0,0,0,0,0,0,0,0,0,0,0,0,0,0,0,0,0,0,0,0,0,0,0,0,0,0,0,0,0,0,0,0,0,0,0,0,0,0,0,0,0,0,0,0,0,0,0,0,0,0,0,0,0,0,0,0,0,0,0,0,0,0,0,0,0,0,0,0,0,0,0,0,0,0,0,0,0,0,0,0,0,0,0,68918,0,0,0,66289,50452,0,0,0,0,0,0,58950,0,0,0,60101,54759,0,0,0,0,0,0,0,0,0,0,0,0,0,0,0,0,0,0,"[M-H]-",394.094552,"1-Butyltetrafluoroethylpentafluorosulfanyl-3-propyltriazolium"
"M394_R365_1681",364.536432,394.256541,0,0,0,100774,248136,222515,189363,123121,186342,0,0,0,0,0,0,121144,117934,110236,203312,96630,112928,139123,0,0,0,129754,125887,146958,135030,140806,234663,115260,128903,74422,0,0,0,71460,84209,155216,155728,152338,145469,168272,145580,0,0,0,0,0,0,103960,69367,120674,109886,120428,122968,164458,0,0,0,178260,165651,325377,403858,196009,195811,163637,211458,0,0,0,0,0,0,0,0,0,0,0,0,0,0,0,0,0,0,0,0,0,0,0,0,0,0,0,0,0,0,0,0,0,0,0,0,0,0,0,0,0,0,0,0,0,0,0,0,0,0,0,0,0,0,0,0,0,0,0,0,0,0,0,0,0,0,0,0,0,"[M+H]+",394.256541,"N,N'-hexane-1,6-diylbis(hexahydro-2-oxo-1H-azepine-1-carboxamide)"
"M396_R222_1685",221.930189603252,396.014632,0,0,0,0,0,0,0,0,0,0,0,0,0,0,0,0,0,0,0,0,0,0,0,0,0,0,0,0,0,0,0,0,0,0,0,0,0,0,0,0,0,0,0,0,0,0,0,0,0,0,0,0,0,0,0,0,0,0,0,0,0,0,0,0,0,0,0,0,0,431702,354328,340159,356103,318876,320972,329343,340786,334870,339324,309824,343657,282600,329536,277203,0,0,0,269342,224763,243935,460713,469091,453251,511200,516167,445537,455384,441705,508245,439904,502517,388972,193544,518627,539824,458997,432198,283600,438912,153440,197216,505160,475830,562698,396156,309945,345801,375659,425455,399039,96298,228164,273617,261806,265802,272269,403872,476426,484344,471023,336284,399757,258105,389730,412455,346485,314904,327536,"[M-H]-",396.014632,"Sucralose"
"M396_R368_1686",367.773209,396.046263,0,0,0,104474,68830,65511,103026,95792,95107,72009,0,0,0,50082,61601,71488,107067,71524,86885,83727,57332,0,0,0,0,0,0,0,0,0,0,0,0,61611,0,0,0,63227,60515,78841,117834,85642,69063,80831,74598,68157,0,0,0,69578,59424,73916,53668,73258,79303,51366,67662,77628,0,0,0,73619,87315,101387,96635,94718,98388,93700,110278,0,0,0,0,0,0,0,0,0,0,0,0,0,0,0,0,0,0,0,0,0,0,0,0,0,0,0,0,0,0,0,0,0,0,0,0,0,0,0,0,0,0,0,0,0,0,0,0,0,0,0,0,0,0,0,0,0,0,0,0,0,0,0,0,0,0,0,0,0,"[M+H]+",396.046263,"Fluopyram"
"M398_R373_1694",372.654903339687,398.232885,0,0,0,0,0,0,0,0,0,0,0,0,0,0,0,0,0,0,0,0,0,0,0,0,0,0,0,0,0,0,0,0,0,0,0,0,0,0,0,0,0,0,0,0,0,0,0,0,0,0,0,0,0,0,0,0,0,0,0,0,0,0,0,0,0,0,0,0,0,0,0,0,0,0,0,215981,70856,63474,0,0,0,0,0,0,69367,49827,68501,254905,66869,89310,0,0,0,0,0,0,53768,113105,235838,0,0,0,0,0,0,0,0,0,48178,58903,53924,56955,45902,59343,0,0,0,0,0,0,0,0,0,0,0,0,85851,71839,61142,57758,57027,56037,0,0,0,0,0,0,"[M-H]-",398.232885,"Sodium lauryl trioxyethylene sulfate"
"M398_R407_1695",406.902115,398.243543,753743,1036030,1386386,444082,485005,361830,0,0,0,542357,349078,434837,231860,1300608,1181292,605814,1023366,1071869,1103715,885052,600147,824785,606836,550925,457940,903628,750917,1003479,822368,1155176,774437,747640,579597,416348,514400,467581,536769,432496,351177,423512,519430,628021,490747,291919,468953,577944,332451,470392,507290,426811,427041,252663,112042,288589,301472,232406,249947,1477979,648273,664008,647591,1261665,1656506,1611634,1997084,1130974,1849913,505835,1955324,0,0,0,0,0,0,0,0,0,0,0,0,0,0,0,0,0,0,0,0,0,0,0,0,0,0,0,0,0,0,0,0,0,0,0,0,0,0,0,0,0,0,0,0,0,0,0,0,0,0,0,0,0,0,0,0,0,0,0,0,0,0,0,0,0,0,0,0,0,"[M+H]+",398.243543,"Tris(2-butoxyethyl) phosphate"
"M400_R222_1702",221.775970161611,400.009081,0,0,0,0,0,0,0,0,0,0,0,0,0,0,0,0,0,0,0,0,0,0,0,0,0,0,0,0,0,0,0,0,0,0,0,0,0,0,0,0,0,0,0,0,0,0,0,0,0,0,0,0,0,0,0,0,0,0,0,0,0,0,0,0,0,0,0,0,0,0,0,0,0,0,0,96401,117396,100152,0,106770,109053,98421,0,0,0,0,0,91840,85469,71457,0,0,0,0,0,0,0,0,0,0,0,0,55926,0,0,0,143666,92518,0,0,0,0,0,0,0,99462,104262,121695,0,0,0,0,0,0,0,0,0,151935,155371,163801,0,0,0,0,0,110489,119679,108511,"[M-H]-",400.009081,"Methanone, (5-hydroxy-1,3-dimethyl-1H-pyrazol-4-yl)[2-(methylsulfonyl)-4-(trifluoromethyl)phenyl]-, potassium salt (1_1)"
"M402_R356_1721",355.876741,402.222736,0,0,0,0,0,0,61723,55900,76440,0,0,0,0,0,0,0,0,0,0,0,0,77814,0,0,0,57071,71287,56533,78711,72428,89124,62821,66850,42890,0,0,0,39929,64029,81413,84944,79484,101087,92632,88173,0,0,0,0,0,0,54073,35301,52517,64614,52861,49297,115027,0,0,0,99356,109021,195467,215373,108097,139637,89884,120157,0,0,0,0,0,0,0,0,0,0,0,0,0,0,0,0,0,0,0,0,0,0,0,0,0,0,0,0,0,0,0,0,0,0,0,0,0,0,0,0,0,0,0,0,0,0,0,0,0,0,0,0,0,0,0,0,0,0,0,0,0,0,0,0,0,0,0,0,0,"[M+H]+",402.222736,"Acetyl tributyl citrate"
"M402_R340_1722",339.826117,402.222812,245727,179724,201337,312820,132898,189772,294944,229310,224408,205446,0,0,0,186801,161996,154517,176931,157868,183765,180240,139568,136225,0,0,0,131471,119649,154894,104932,308112,124395,185166,84820,113126,0,0,0,127197,97200,124490,106722,187426,90391,102643,93267,222109,0,0,0,158037,121471,100860,85062,103045,86184,71347,94424,138366,0,0,0,148096,138571,228207,199703,222711,163174,151356,179678,0,0,0,0,0,0,0,0,0,0,0,0,0,0,0,0,0,0,0,0,0,0,0,0,0,0,0,0,0,0,0,0,0,0,0,0,0,0,0,0,0,0,0,0,0,0,0,0,0,0,0,0,0,0,0,0,0,0,0,0,0,0,0,0,0,0,0,0,0,"[M+H]+",402.222812,"Acetyl tributyl citrate"
"M402_R416_1723",415.812288,402.225375,0,0,0,0,0,0,0,0,0,0,0,0,0,0,0,0,0,0,0,0,0,0,0,0,0,0,0,0,0,0,1017923,1377769,868913,0,0,0,0,0,0,0,0,0,0,0,0,0,0,0,0,0,0,0,0,0,0,0,0,0,0,0,0,0,0,0,0,0,0,0,0,0,0,0,0,0,0,0,0,0,0,0,0,0,0,0,0,0,0,0,0,0,0,0,0,0,0,0,0,0,0,0,0,0,0,0,0,0,0,0,0,0,0,0,0,0,0,0,0,0,0,0,0,0,0,0,0,0,0,0,0,0,0,0,0,0,0,0,0,0,"[M+H]+",402.225375,"Acetyl tributyl citrate"
"M405_R362_1731",361.583384,405.241608,0,0,0,0,0,0,0,0,0,0,0,0,0,0,0,71083,91731,72213,0,0,0,0,0,0,0,0,0,0,0,0,0,0,0,0,0,0,0,0,0,0,0,0,0,0,0,0,0,0,0,0,0,0,0,0,0,0,0,0,0,0,0,0,0,0,0,0,0,0,0,0,0,0,0,0,0,0,0,0,0,0,0,0,0,0,0,0,0,0,0,0,0,0,0,0,0,0,0,0,0,0,0,0,0,0,0,0,0,0,0,0,0,0,0,0,0,0,0,0,0,0,0,0,0,0,0,0,0,0,0,0,0,0,0,0,0,0,0,0,"[M+H]+",405.241608,"4-(1-methyl-1-phenylethyl)-N-[4-(1-methyl-1-phenylethyl)phenyl]aniline"
"M410_R338_1747",337.806793,410.163599,105107,182629,157807,0,0,0,0,0,0,91049,0,0,0,125167,115000,0,0,0,0,0,0,196370,0,0,0,184874,150728,0,0,0,47972,59365,56561,131308,0,0,0,199246,134570,0,0,0,0,0,0,85692,0,0,0,87501,99538,0,0,0,0,0,0,120228,0,0,0,101563,88390,0,0,0,0,0,0,0,0,0,0,0,0,0,0,0,0,0,0,0,0,0,0,0,0,0,0,0,0,0,0,0,0,0,0,0,0,0,0,0,0,0,0,0,0,0,0,0,0,0,0,0,0,0,0,0,0,0,0,0,0,0,0,0,0,0,0,0,0,0,0,0,0,0,0,0,"[M+H]+",410.163599,"Trixylylphosphat"
"M411_R347_1748",346.728733622663,411.050136,0,0,0,0,0,0,0,0,0,0,0,0,0,0,0,0,0,0,0,0,0,0,0,0,0,0,0,0,0,0,0,0,0,0,0,0,0,0,0,0,0,0,0,0,0,0,0,0,0,0,0,0,0,0,0,0,0,0,0,0,0,0,0,0,0,0,0,0,0,153672,161896,129867,0,0,0,121894,109448,67821,109844,109721,166743,144500,106138,120358,0,0,0,64933,57929,69914,133358,165507,191831,106276,143071,129596,167962,150068,161661,141249,149835,140192,150697,91686,93930,108060,157191,154264,153034,199779,176002,204406,173743,205097,103323,67806,86396,114928,120478,130902,0,0,0,73609,68087,57118,123751,98070,138489,84994,117778,109660,108726,127406,108588,144408,152978,153385,"[M-H]-",411.050136,"Sodium 6-amino-4-hydroxy-5-[[2-(trifluoromethyl)phenyl]azo]naphthalene-2-sulphonate"
"M414_R338_1768",338.357714,414.138085,1033097,1630744,1590234,193284,159527,372990,501435,642879,815346,1272928,270514,251488,297784,1400853,1696880,329135,808859,733819,944317,856454,509705,1767801,378975,389340,295636,1814163,1531062,1220984,707556,1899321,1332163,1763359,914500,1832025,224707,290714,254265,2279802,1898744,2018917,1971990,1626828,1519128,1955235,1263104,1419401,259769,319977,374587,1617316,1425363,491791,305728,699221,588330,500555,597727,1380191,156742,184588,187170,1334862,1052613,1467094,1880571,1342811,1471585,1141946,1406225,0,0,0,0,0,0,0,0,0,0,0,0,0,0,0,0,0,0,0,0,0,0,0,0,0,0,0,0,0,0,0,0,0,0,0,0,0,0,0,0,0,0,0,0,0,0,0,0,0,0,0,0,0,0,0,0,0,0,0,0,0,0,0,0,0,0,0,0,0,"[M+H]+",414.138085,"Flecainide"
"M414_R386_1771",385.618348,414.20449,0,0,0,37894,52652,33518,0,0,0,0,36649,44409,40072,0,0,46062,24428,39350,29522,42293,31713,0,46725,36340,40575,0,0,24334,36403,28222,22568,27289,23139,44359,38729,42850,49416,31446,41285,42015,60047,38692,33564,37235,40735,39604,44722,40588,36085,55746,41418,41484,55607,36679,34210,22455,37040,42063,40188,41784,47770,41341,28112,36262,34293,54581,50854,34897,43751,0,0,0,0,0,0,0,0,0,0,0,0,0,0,0,0,0,0,0,0,0,0,0,0,0,0,0,0,0,0,0,0,0,0,0,0,0,0,0,0,0,0,0,0,0,0,0,0,0,0,0,0,0,0,0,0,0,0,0,0,0,0,0,0,0,0,0,0,0,"[M+H]+",414.20449,"2,6-bis(4-ethylphenyl)perhydro-1,3,5,7-tetraoxanaphth-4-ylethane-1,2-diol,D-Glucitol, 1,3_2,4-bis-O-[(3,4-dimethylphenyl)methylene]-"
"M415_R295_1784",294.748132,415.249461,0,0,0,0,0,0,0,0,0,0,0,0,0,0,0,0,0,0,78232,97367,161707,0,0,0,0,0,0,0,0,0,0,0,0,0,0,0,0,0,0,0,0,0,0,0,0,0,0,0,0,0,0,0,0,0,0,0,0,0,0,0,0,0,0,0,0,0,0,0,0,0,0,0,0,0,0,0,0,0,0,0,0,0,0,0,0,0,0,0,0,0,0,0,0,0,0,0,0,0,0,0,0,0,0,0,0,0,0,0,0,0,0,0,0,0,0,0,0,0,0,0,0,0,0,0,0,0,0,0,0,0,0,0,0,0,0,0,0,0,"[M+H]+",415.249461,"tert-butyl {(1S)-2-[(1S,3S,5S)-3-cyano-2-azabicyclo[3.1.0]hex-2-yl]-1-[3-hydroxyadamantan-1-yl]-2-oxoethyl}carbamate"
"M422_R363_1804",363.150764,422.161815,184192,157969,157978,0,0,0,82151,118213,117186,156440,0,0,0,121833,147032,0,0,0,0,0,0,138432,83296,75037,74456,130829,134450,66142,78277,64867,79723,84415,85560,53705,0,0,0,67276,70484,0,0,0,0,0,0,0,0,0,0,0,0,0,0,0,0,0,0,104913,0,0,0,119745,100825,0,0,0,0,0,0,0,0,0,0,0,0,0,0,0,0,0,0,0,0,0,0,0,0,0,0,0,0,0,0,0,0,0,0,0,0,0,0,0,0,0,0,0,0,0,0,0,0,0,0,0,0,0,0,0,0,0,0,0,0,0,0,0,0,0,0,0,0,0,0,0,0,0,0,0,"[M+H]+",422.161815,"Losartan"
"M424_R333_1814",332.567787,424.1788,108276,157206,137923,0,0,0,0,0,0,122616,0,0,0,140296,127180,0,0,0,0,0,0,206188,0,0,0,180885,140233,0,0,0,0,0,0,139041,0,0,0,192127,170044,45607,50122,76093,72282,82561,52892,94513,0,0,0,91865,80380,0,0,0,0,0,0,134149,0,0,0,102520,116408,0,0,0,0,0,0,0,0,0,0,0,0,0,0,0,0,0,0,0,0,0,0,0,0,0,0,0,0,0,0,0,0,0,0,0,0,0,0,0,0,0,0,0,0,0,0,0,0,0,0,0,0,0,0,0,0,0,0,0,0,0,0,0,0,0,0,0,0,0,0,0,0,0,0,0,"[M+H]+",424.1788,"Clindamycin"
"M424_R386_1815",386.143587,424.180151,0,0,0,0,0,0,0,0,0,0,0,0,0,0,0,0,0,0,0,0,0,0,0,0,0,0,0,0,0,0,0,0,0,0,0,0,0,0,0,0,0,0,0,0,0,0,0,0,0,0,0,0,0,0,0,0,0,0,58522,53026,50442,0,0,0,0,0,0,0,0,0,0,0,0,0,0,0,0,0,0,0,0,0,0,0,0,0,0,0,0,0,0,0,0,0,0,0,0,0,0,0,0,0,0,0,0,0,0,0,0,0,0,0,0,0,0,0,0,0,0,0,0,0,0,0,0,0,0,0,0,0,0,0,0,0,0,0,0,0,"[M+H]+",424.180151,"Clindamycin"
"M424_R418_1818",417.777399,424.359189,0,0,0,0,0,0,0,0,0,0,0,0,0,0,0,0,0,0,64801,72016,113338,0,0,0,0,0,0,0,0,0,0,0,0,0,0,0,0,0,0,0,0,0,138496,179005,178562,0,0,0,0,0,0,0,0,0,0,0,0,0,0,0,0,0,0,0,0,0,0,0,0,0,0,0,0,0,0,0,0,0,0,0,0,0,0,0,0,0,0,0,0,0,0,0,0,0,0,0,0,0,0,0,0,0,0,0,0,0,0,0,0,0,0,0,0,0,0,0,0,0,0,0,0,0,0,0,0,0,0,0,0,0,0,0,0,0,0,0,0,0,"[M+H]+",424.359189,"1,2-bis(7-methyloctyl) (1R,2S)-cyclohexane-1,2-dicarboxylate"
"M428_R383_1837",382.520106881492,428.232483,1305698,1219563,1018460,388158,614505,733870,761310,804627,1308244,1373846,257795,202163,249824,1132687,1286607,376139,786697,545342,669471,634394,337504,1257897,755322,752435,719287,1407454,1180183,698804,817992,695474,882886,827732,448796,1480534,440869,573454,328550,1657981,1113725,780152,1031347,997587,1275471,1492117,1380876,972919,119716,112086,113488,952673,825834,508894,341335,801882,779630,700995,701748,1160364,433965,422134,439230,1226651,1109583,1207606,954152,452223,1529249,961911,942521,364689,328661,408646,187722,223656,255438,317939,314090,366464,0,77047,64524,87038,0,0,132658,187428,159691,167356,168084,123591,0,203527,228791,214929,0,0,307616,332180,236226,0,0,0,0,126225,168646,93572,0,0,0,0,0,402208,471589,443260,292516,0,0,0,332340,363474,136239,106692,274827,241150,217224,239389,0,146447,153386,155070,0,0,353946,369484,166301,0,0,0,"[M+H]+,[M-H]-",428.232483,"Irbesartan"
"M430_R353_1850",353.300853439206,430.061104,0,0,0,0,0,0,0,0,0,0,0,0,0,0,0,0,0,0,0,0,0,0,0,0,0,0,0,0,0,0,0,0,0,0,0,0,0,0,0,0,0,0,0,0,0,0,0,0,0,0,0,0,0,0,0,0,0,0,0,0,0,0,0,0,0,0,0,0,0,80229,87228,77628,151658,98626,127534,136654,145172,123913,84786,0,0,0,56853,72529,104444,93094,103311,85982,111152,102730,124611,0,0,0,124588,88463,218811,207048,251546,189700,198656,125729,94543,0,0,0,78564,106377,203856,273039,235268,204117,234697,196066,79974,0,0,0,104418,94970,66383,76513,90996,73210,96208,81406,123478,0,0,0,103794,122038,146512,202892,143821,130061,127287,171419,"[M-H]-",430.061104,"Bicalutamide"
"M432_R366_1862",365.567107,432.108503,0,0,0,0,0,0,0,0,0,0,0,0,0,0,0,0,0,0,0,0,0,0,0,0,0,0,0,0,0,0,0,0,0,0,0,0,0,0,0,0,0,0,0,0,0,0,0,0,0,0,0,0,0,0,0,0,0,0,0,0,0,0,0,0,0,0,69495,52615,57447,0,0,0,0,0,0,0,0,0,0,0,0,0,0,0,0,0,0,0,0,0,0,0,0,0,0,0,0,0,0,0,0,0,0,0,0,0,0,0,0,0,0,0,0,0,0,0,0,0,0,0,0,0,0,0,0,0,0,0,0,0,0,0,0,0,0,0,0,0,"[M+H]+",432.108503,"Tetradecane, 1,1,1,2,2,3,3,4,4,5,5,6,6-tridecafluoro-"
"M432_R314_1863",313.672083,432.111626,0,0,0,0,0,0,0,0,0,0,95622,97108,120138,0,0,0,0,0,0,0,0,0,0,0,0,0,0,0,0,0,0,0,0,0,0,0,0,0,0,0,0,0,0,0,0,0,0,0,0,0,0,0,0,0,0,0,0,0,0,0,0,0,0,0,0,0,0,0,0,0,0,0,0,0,0,0,0,0,0,0,0,0,0,0,0,0,0,0,0,0,0,0,0,0,0,0,0,0,0,0,0,0,0,0,0,0,0,0,0,0,0,0,0,0,0,0,0,0,0,0,0,0,0,0,0,0,0,0,0,0,0,0,0,0,0,0,0,0,"[M+H]+",432.111626,"Tetradecane, 1,1,1,2,2,3,3,4,4,5,5,6,6-tridecafluoro-"
"M435_R373_1869",372.603295572498,435.2269955,86257,86168,69806,0,0,0,0,0,0,0,0,0,0,0,0,0,0,0,0,0,0,0,0,0,0,0,0,0,0,0,0,0,0,0,0,0,0,0,0,0,0,0,0,0,0,0,0,0,0,0,0,0,0,0,0,0,0,0,0,0,0,0,0,0,0,0,0,0,0,122301,146868,151337,0,0,0,64256,64301,71555,100901,0,0,0,83181,65475,0,0,0,0,0,0,74415,0,0,0,78266,57476,0,0,0,0,0,0,0,0,0,0,0,0,0,0,0,0,0,0,0,0,0,0,0,0,0,0,0,0,0,0,64917,0,0,0,56868,65536,0,0,0,75845,60905,56583,"[M+H]+,[M-H]-",435.2269955,"Valsartan"
"M440_R367_1892",366.877375139601,440.159552,99152,82224,90813,0,0,0,69452,66735,79337,92143,0,0,0,74341,91419,0,0,0,0,0,0,95536,69125,95241,90792,107861,91533,0,0,0,0,0,0,111372,0,0,0,114971,101549,65202,66984,87056,102964,88597,123046,85791,0,0,0,117069,79069,0,0,0,75864,57256,80458,114227,0,0,0,97829,98143,0,0,0,130916,97331,129277,71504,102311,79116,0,0,0,61792,67174,88260,82549,0,0,0,54448,69684,0,0,0,0,0,0,96526,78673,67551,72754,117391,71129,0,0,0,61132,53296,79474,134301,0,0,0,121354,116005,51013,77161,61926,96635,124958,132128,80149,0,0,0,92525,92057,0,0,0,70907,64356,60551,98699,60751,51962,67218,101026,99599,0,0,0,111727,113429,88411,"[M+H]+,[M-H]-",440.159552,"2-ethoxy-1-{[2'-(1H-tetrazol-5-yl)biphenyl-4-yl]methyl}-1H-benzimidazole-7-carboxylic acid,CANDESARTAN CILEXETIL-TP5"
"M442_R419_1904",419.063132,442.326823,68646,94679,55358,129424,100184,67079,69132,110098,82127,59813,134246,75797,104581,60701,85911,89762,102029,180247,103490,117961,165042,0,68055,72492,66219,0,0,106619,75924,112697,116885,59498,92004,0,110562,199597,216976,0,0,139004,155425,283171,139502,229053,200397,0,115855,156102,140918,0,0,99231,88670,148319,162112,155885,105521,48793,87579,102889,82246,56465,103809,74144,96064,105400,155302,205670,112125,0,0,0,0,0,0,0,0,0,0,0,0,0,0,0,0,0,0,0,0,0,0,0,0,0,0,0,0,0,0,0,0,0,0,0,0,0,0,0,0,0,0,0,0,0,0,0,0,0,0,0,0,0,0,0,0,0,0,0,0,0,0,0,0,0,0,0,0,0,"[M+H]+",442.326823,"N,N'-bis(2,2,6,6-tetramethyl-4-piperidyl)isophthalamide"
"M448_R423_1927",422.657640736605,448.224927,0,0,0,0,0,0,0,0,0,0,0,0,0,0,0,0,0,0,0,0,0,0,0,0,0,0,0,0,0,0,0,0,0,0,0,0,0,0,0,0,0,0,0,0,0,0,0,0,0,0,0,0,0,0,0,0,0,0,0,0,0,0,0,0,0,0,0,0,0,57522,69682,68048,0,0,0,0,0,0,55737,0,0,0,54858,59498,0,0,0,0,0,0,0,0,0,0,0,0,0,0,0,82546,123788,71947,0,0,0,0,0,0,0,0,0,81308,74588,131272,0,0,0,0,0,0,0,0,0,0,0,0,0,0,0,0,0,0,0,0,0,72637,73424,56115,"[M-H]-",448.224927,"[9-Fluoro-11-hydroxy-17-(2-hydroxyacetyl)-10,13,16-trimethyl-3-oxo-6,7,8,11,12,14,15,16-octahydrocyclopenta[a]phenanthren-17-yl] propanoate"
"M480_R274_2041",274.193426,480.217969,134647,124142,91637,0,0,0,0,0,0,71359,0,0,0,69351,80532,0,0,0,0,0,0,64902,0,0,0,85247,68969,0,0,0,0,0,0,0,0,0,0,0,0,0,0,0,0,0,0,0,0,0,0,0,0,0,0,0,0,0,0,0,0,0,0,0,0,0,0,0,0,0,0,0,0,0,0,0,0,0,0,0,0,0,0,0,0,0,0,0,0,0,0,0,0,0,0,0,0,0,0,0,0,0,0,0,0,0,0,0,0,0,0,0,0,0,0,0,0,0,0,0,0,0,0,0,0,0,0,0,0,0,0,0,0,0,0,0,0,0,0,0,"[M+H]+",480.217969,"Anthothecol"
"M500_R421_2099",420.539402,500.211067,0,0,0,0,0,0,0,0,0,0,0,0,0,0,0,0,0,0,0,0,0,0,91678,50650,88887,0,0,0,0,0,0,0,0,0,99673,116158,84618,0,0,108904,114421,96467,89176,147124,157607,0,0,0,0,0,0,0,0,0,0,0,0,0,0,0,0,0,0,0,0,0,0,0,0,0,0,0,0,0,0,0,0,0,0,0,0,0,0,0,0,0,0,0,0,0,0,0,0,0,0,0,0,0,0,0,0,0,0,0,0,0,0,0,0,0,0,0,0,0,0,0,0,0,0,0,0,0,0,0,0,0,0,0,0,0,0,0,0,0,0,0,0,0,"[M+H]+",500.211067,"Tritoqualine"
"M514_R428_2144",428.01701,514.236062,58902,78911,78177,0,0,0,0,0,0,64167,0,0,0,69877,56345,0,0,0,0,0,0,0,0,0,0,0,0,0,0,0,58879,44082,53387,0,0,0,0,0,0,0,0,0,62152,41079,41973,39659,0,0,0,61824,50551,0,0,0,0,0,0,0,0,0,0,0,0,0,0,0,49763,81576,43548,0,0,0,0,0,0,0,0,0,0,0,0,0,0,0,0,0,0,0,0,0,0,0,0,0,0,0,0,0,0,0,0,0,0,0,0,0,0,0,0,0,0,0,0,0,0,0,0,0,0,0,0,0,0,0,0,0,0,0,0,0,0,0,0,0,0,0,0,0,"[M+H]+",514.236062,"Telmisartan"
"M514_R434_2145",434.102516,514.236406,0,0,0,0,0,0,0,0,0,0,0,0,0,0,0,0,0,0,0,0,0,0,0,0,0,0,0,0,0,0,0,0,0,0,0,0,0,0,0,0,0,0,0,0,0,0,0,0,0,0,0,0,0,0,300185,275405,181812,0,0,0,0,0,0,0,0,0,0,0,0,0,0,0,0,0,0,0,0,0,0,0,0,0,0,0,0,0,0,0,0,0,0,0,0,0,0,0,0,0,0,0,0,0,0,0,0,0,0,0,0,0,0,0,0,0,0,0,0,0,0,0,0,0,0,0,0,0,0,0,0,0,0,0,0,0,0,0,0,0,"[M+H]+",514.236406,"Telmisartan"
"M520_R352_2163",352.382972,520.176646,0,0,0,0,0,0,0,0,0,0,0,0,0,0,0,0,0,0,0,0,0,0,0,0,0,0,0,0,0,0,0,0,0,0,0,0,0,0,0,0,0,0,57386,54596,67244,0,0,0,0,0,0,0,0,0,0,0,0,0,0,0,0,0,0,0,0,0,0,0,0,0,0,0,0,0,0,0,0,0,0,0,0,0,0,0,0,0,0,0,0,0,0,0,0,0,0,0,0,0,0,0,0,0,0,0,0,0,0,0,0,0,0,0,0,0,0,0,0,0,0,0,0,0,0,0,0,0,0,0,0,0,0,0,0,0,0,0,0,0,"[M+H]+",520.176646,"N-(4-{[3-(dimethylamino)propyl]sulfamoyl}phenyl)-2-[(2-methoxy-4-nitrophenyl)diazenyl]-3-oxobutanamide"
"M547_R412_2222",412.402986748205,547.175156,0,0,0,0,0,0,0,0,0,0,0,0,0,0,0,0,0,0,0,0,0,0,0,0,0,0,0,0,0,0,0,0,0,0,0,0,0,0,0,0,0,0,0,0,0,0,0,0,0,0,0,0,0,0,0,0,0,0,0,0,0,0,0,0,0,0,0,0,0,0,0,0,0,0,0,0,0,0,0,0,0,0,0,0,0,0,0,0,0,0,0,0,0,0,0,0,0,0,0,0,0,0,132601,0,0,0,248043,104685,0,0,0,0,0,0,180901,0,0,0,184315,169341,0,0,0,0,0,0,0,0,0,0,0,0,0,0,0,0,0,0,"[M-H]-",547.175156,"3,3,4,4,5,5,6,6,7,7,8,8,8-tridecafluorooctyl 3-dibutylaminopropionate"
"M547_R397_2223",396.759639449325,547.175297,0,0,0,0,0,0,0,0,0,0,0,0,0,0,0,0,0,0,0,0,0,0,0,0,0,0,0,0,0,0,0,0,0,0,0,0,0,0,0,0,0,0,0,0,0,0,0,0,0,0,0,0,0,0,0,0,0,0,0,0,0,0,0,0,0,0,0,0,0,0,0,0,0,0,0,0,0,0,0,0,0,0,0,0,0,0,0,0,0,0,0,0,0,0,0,0,0,0,0,0,0,0,23267,0,0,0,49748,25502,0,0,0,0,0,0,45196,0,0,0,172739,92384,0,0,0,0,0,0,0,0,0,0,0,0,0,0,0,0,0,0,"[M-H]-",547.175297,"3,3,4,4,5,5,6,6,7,7,8,8,8-tridecafluorooctyl 3-dibutylaminopropionate"
"M568_R324_2274",323.644629,568.306924,0,0,0,0,0,0,327716,135991,300845,0,165308,160726,199362,0,0,586137,438743,364724,284195,213344,270200,0,0,0,0,0,0,184335,139351,336216,145159,184988,120287,0,55554,57477,108607,0,0,0,0,0,279500,145069,181419,0,0,0,0,0,0,183362,145989,139312,141308,127119,159106,53349,680823,602528,511299,199734,69151,156216,157999,162978,0,0,0,0,0,0,0,0,0,0,0,0,0,0,0,0,0,0,0,0,0,0,0,0,0,0,0,0,0,0,0,0,0,0,0,0,0,0,0,0,0,0,0,0,0,0,0,0,0,0,0,0,0,0,0,0,0,0,0,0,0,0,0,0,0,0,0,0,0,0,0,0,"[M+H]+",568.306924,"Helvolic acid"
"M696_R222_2533",222.017223343435,696.082583,0,0,0,0,0,0,0,0,0,0,0,0,0,0,0,0,0,0,0,0,0,0,0,0,0,0,0,0,0,0,0,0,0,0,0,0,0,0,0,0,0,0,0,0,0,0,0,0,0,0,0,0,0,0,0,0,0,0,0,0,0,0,0,0,0,0,0,0,0,0,0,0,131314,71528,63708,169204,143477,138050,0,0,0,0,0,0,0,0,0,0,0,0,0,82246,74882,76929,0,0,0,0,0,0,0,0,0,65400,86470,67632,0,0,0,0,0,74006,105301,128983,0,0,0,0,0,0,0,0,0,0,0,0,0,0,0,0,0,0,0,0,0,0,0,0,"[M-H]-",696.082583,"Disodium 3,3'-[[1,1'-biphenyl]-4,4'-diylbis(azo)]bis(4-aminonaphthalene-1-sulphonate)"
